YY  MM DD hh mm WDIR WSPD GST  WVHT   DPD   APD MWD   PRES  ATMP  WTMP  DEWP  VIS  TIDE
yr  mo dy hr mn degT m/s  m/s     m   sec   sec deg    hPa  degC  degC  degC  nmi    ft
2008 11 01 00 00 254  2.4  3.2 99.00 99.00 99.00 999 9999.0  13.0  14.0 999.0 99.0 99.00
2008 11 01 00 10 262  2.1  2.5 99.00 99.00 99.00 999 9999.0 999.0 999.0 999.0 99.0 99.00
2008 11 01 00 20 261  2.1  2.5 99.00 99.00 99.00 999 9999.0 999.0 999.0 999.0 99.0 99.00
2008 11 01 00 30 261  2.1  2.4 99.00 99.00 99.00 999 9999.0 999.0 999.0 999.0 99.0 99.00
2008 11 01 00 40 274  2.0  2.5 99.00 99.00 99.00 999 9999.0 999.0 999.0 999.0 99.0 99.00
2008 11 01 00 50 274  2.0  2.4 99.00 99.00 99.00 999 9999.0 999.0 999.0 999.0 99.0 99.00
2008 11 01 01 00 264  1.7  2.4 99.00 99.00 99.00 999 9999.0  11.5  14.0 999.0 99.0 99.00
2008 11 01 01 10 252  1.7  2.3 99.00 99.00 99.00 999 9999.0 999.0 999.0 999.0 99.0 99.00
2008 11 01 01 20 246  2.1  2.6 99.00 99.00 99.00 999 9999.0 999.0 999.0 999.0 99.0 99.00
2008 11 01 01 30 237  2.0  2.5 99.00 99.00 99.00 999 9999.0 999.0 999.0 999.0 99.0 99.00
2008 11 01 01 40 235  2.3  2.8 99.00 99.00 99.00 999 9999.0 999.0 999.0 999.0 99.0 99.00
2008 11 01 01 50 237  2.4  2.8 99.00 99.00 99.00 999 9999.0 999.0 999.0 999.0 99.0 99.00
2008 11 01 02 00 237  2.2  2.7 99.00 99.00 99.00 999 9999.0  11.4  14.0 999.0 99.0 99.00
2008 11 01 02 10 239  2.3  3.2 99.00 99.00 99.00 999 9999.0 999.0 999.0 999.0 99.0 99.00
2008 11 01 02 20 230  1.7  2.1 99.00 99.00 99.00 999 9999.0 999.0 999.0 999.0 99.0 99.00
2008 11 01 02 30 235  1.9  2.4 99.00 99.00 99.00 999 9999.0 999.0 999.0 999.0 99.0 99.00
2008 11 01 02 40 241  1.5  2.1 99.00 99.00 99.00 999 9999.0 999.0 999.0 999.0 99.0 99.00
2008 11 01 02 50 252  1.6  2.2 99.00 99.00 99.00 999 9999.0 999.0 999.0 999.0 99.0 99.00
2008 11 01 03 00 243  1.9  2.6 99.00 99.00 99.00 999 9999.0  11.1  14.0 999.0 99.0 99.00
2008 11 01 03 10 232  2.4  2.9 99.00 99.00 99.00 999 9999.0 999.0 999.0 999.0 99.0 99.00
2008 11 01 03 20 239  2.6  3.1 99.00 99.00 99.00 999 9999.0 999.0 999.0 999.0 99.0 99.00
2008 11 01 03 30 240  2.5  3.1 99.00 99.00 99.00 999 9999.0 999.0 999.0 999.0 99.0 99.00
2008 11 01 03 40 235  2.0  2.6 99.00 99.00 99.00 999 9999.0 999.0 999.0 999.0 99.0 99.00
2008 11 01 03 50 237  1.8  2.4 99.00 99.00 99.00 999 9999.0 999.0 999.0 999.0 99.0 99.00
2008 11 01 04 00 254  2.0  2.7 99.00 99.00 99.00 999 9999.0  11.0  14.0 999.0 99.0 99.00
2008 11 01 04 10 263  1.6  2.4 99.00 99.00 99.00 999 9999.0 999.0 999.0 999.0 99.0 99.00
2008 11 01 04 20 263  1.2  1.6 99.00 99.00 99.00 999 9999.0 999.0 999.0 999.0 99.0 99.00
2008 11 01 04 30 259  1.6  2.3 99.00 99.00 99.00 999 9999.0 999.0 999.0 999.0 99.0 99.00
2008 11 01 04 40 258  2.1  2.6 99.00 99.00 99.00 999 9999.0 999.0 999.0 999.0 99.0 99.00
2008 11 01 04 50 269  1.3  2.1 99.00 99.00 99.00 999 9999.0 999.0 999.0 999.0 99.0 99.00
2008 11 01 05 00 289  0.7  1.3 99.00 99.00 99.00 999 9999.0  10.1  14.0 999.0 99.0 99.00
2008 11 01 05 10 268  1.0  1.4 99.00 99.00 99.00 999 9999.0 999.0 999.0 999.0 99.0 99.00
2008 11 01 05 20 267  0.8  1.5 99.00 99.00 99.00 999 9999.0 999.0 999.0 999.0 99.0 99.00
2008 11 01 05 30 296  1.5  1.9 99.00 99.00 99.00 999 9999.0 999.0 999.0 999.0 99.0 99.00
2008 11 01 05 40 330  1.2  1.5 99.00 99.00 99.00 999 9999.0 999.0 999.0 999.0 99.0 99.00
2008 11 01 05 50 342  1.1  1.6 99.00 99.00 99.00 999 9999.0 999.0 999.0 999.0 99.0 99.00
2008 11 01 06 00  13  1.4  1.7 99.00 99.00 99.00 999 9999.0   8.8  14.0 999.0 99.0 99.00
2008 11 01 06 10  13  1.4  2.0 99.00 99.00 99.00 999 9999.0 999.0 999.0 999.0 99.0 99.00
2008 11 01 06 20  20  1.4  1.9 99.00 99.00 99.00 999 9999.0 999.0 999.0 999.0 99.0 99.00
2008 11 01 06 30  14  1.3  1.6 99.00 99.00 99.00 999 9999.0 999.0 999.0 999.0 99.0 99.00
2008 11 01 06 40  13  1.2  1.6 99.00 99.00 99.00 999 9999.0 999.0 999.0 999.0 99.0 99.00
2008 11 01 06 50   8  1.1  1.3 99.00 99.00 99.00 999 9999.0 999.0 999.0 999.0 99.0 99.00
2008 11 01 07 00   8  1.0  1.6 99.00 99.00 99.00 999 9999.0   8.4  14.0 999.0 99.0 99.00
2008 11 01 07 10   3  1.1  1.6 99.00 99.00 99.00 999 9999.0 999.0 999.0 999.0 99.0 99.00
2008 11 01 07 20   3  1.3  1.8 99.00 99.00 99.00 999 9999.0 999.0 999.0 999.0 99.0 99.00
2008 11 01 07 30 360  1.3  1.7 99.00 99.00 99.00 999 9999.0 999.0 999.0 999.0 99.0 99.00
2008 11 01 07 40   0  1.3  1.7 99.00 99.00 99.00 999 9999.0 999.0 999.0 999.0 99.0 99.00
2008 11 01 07 50 357  1.1  1.7 99.00 99.00 99.00 999 9999.0 999.0 999.0 999.0 99.0 99.00
2008 11 01 08 00 344  0.8  1.3 99.00 99.00 99.00 999 9999.0   8.4  14.0 999.0 99.0 99.00
2008 11 01 08 10 324  0.8  1.1 99.00 99.00 99.00 999 9999.0 999.0 999.0 999.0 99.0 99.00
2008 11 01 08 20 331  0.9  1.1 99.00 99.00 99.00 999 9999.0 999.0 999.0 999.0 99.0 99.00
2008 11 01 08 30 327  0.6  1.0 99.00 99.00 99.00 999 9999.0 999.0 999.0 999.0 99.0 99.00
2008 11 01 08 40 308  0.3  0.8 99.00 99.00 99.00 999 9999.0 999.0 999.0 999.0 99.0 99.00
2008 11 01 08 50 264  0.4  1.1 99.00 99.00 99.00 999 9999.0 999.0 999.0 999.0 99.0 99.00
2008 11 01 09 00 266  1.1  1.7 99.00 99.00 99.00 999 9999.0   8.7  14.0 999.0 99.0 99.00
2008 11 01 09 10 273  1.5  1.9 99.00 99.00 99.00 999 9999.0 999.0 999.0 999.0 99.0 99.00
2008 11 01 09 20 274  1.7  2.2 99.00 99.00 99.00 999 9999.0 999.0 999.0 999.0 99.0 99.00
2008 11 01 09 30 268  1.8  2.3 99.00 99.00 99.00 999 9999.0 999.0 999.0 999.0 99.0 99.00
2008 11 01 09 40 265  1.8  2.2 99.00 99.00 99.00 999 9999.0 999.0 999.0 999.0 99.0 99.00
2008 11 01 09 50 253  1.9  2.3 99.00 99.00 99.00 999 9999.0 999.0 999.0 999.0 99.0 99.00
2008 11 01 10 00 258  2.0  2.5 99.00 99.00 99.00 999 9999.0   8.2  14.0 999.0 99.0 99.00
2008 11 01 10 10 266  1.7  2.3 99.00 99.00 99.00 999 9999.0 999.0 999.0 999.0 99.0 99.00
2008 11 01 10 20 255  1.6  2.1 99.00 99.00 99.00 999 9999.0 999.0 999.0 999.0 99.0 99.00
2008 11 01 10 30 305  1.0  1.9 99.00 99.00 99.00 999 9999.0 999.0 999.0 999.0 99.0 99.00
2008 11 01 10 40 353  0.6  1.0 99.00 99.00 99.00 999 9999.0 999.0 999.0 999.0 99.0 99.00
2008 11 01 10 50  11  0.4  0.9 99.00 99.00 99.00 999 9999.0 999.0 999.0 999.0 99.0 99.00
2008 11 01 11 00  26  0.3  0.8 99.00 99.00 99.00 999 9999.0   7.8  13.9 999.0 99.0 99.00
2008 11 01 11 10 260  0.7  1.3 99.00 99.00 99.00 999 9999.0 999.0 999.0 999.0 99.0 99.00
2008 11 01 11 20 252  0.7  1.3 99.00 99.00 99.00 999 9999.0 999.0 999.0 999.0 99.0 99.00
2008 11 01 11 30 262  1.1  1.8 99.00 99.00 99.00 999 9999.0 999.0 999.0 999.0 99.0 99.00
2008 11 01 11 40  12  0.8  1.4 99.00 99.00 99.00 999 9999.0 999.0 999.0 999.0 99.0 99.00
2008 11 01 11 50  13  1.0  1.6 99.00 99.00 99.00 999 9999.0 999.0 999.0 999.0 99.0 99.00
2008 11 01 12 00  11  1.1  1.9 99.00 99.00 99.00 999 9999.0   7.9  13.9 999.0 99.0 99.00
2008 11 01 12 10  11  0.8  1.1 99.00 99.00 99.00 999 9999.0 999.0 999.0 999.0 99.0 99.00
2008 11 01 12 20   8  1.0  1.4 99.00 99.00 99.00 999 9999.0 999.0 999.0 999.0 99.0 99.00
2008 11 01 12 30  11  0.6  1.3 99.00 99.00 99.00 999 9999.0 999.0 999.0 999.0 99.0 99.00
2008 11 01 12 40 358  0.6  1.2 99.00 99.00 99.00 999 9999.0 999.0 999.0 999.0 99.0 99.00
2008 11 01 12 50  27 99.0  0.4 99.00 99.00 99.00 999 9999.0 999.0 999.0 999.0 99.0 99.00
2008 11 01 13 00 236  0.7  1.4 99.00 99.00 99.00 999 9999.0  10.1  13.8 999.0 99.0 99.00
2008 11 01 13 10 245  1.4  1.9 99.00 99.00 99.00 999 9999.0 999.0 999.0 999.0 99.0 99.00
2008 11 01 13 20 250  1.3  1.9 99.00 99.00 99.00 999 9999.0 999.0 999.0 999.0 99.0 99.00
2008 11 01 13 30 248  1.3  1.6 99.00 99.00 99.00 999 9999.0 999.0 999.0 999.0 99.0 99.00
2008 11 01 13 40 242  1.5  2.1 99.00 99.00 99.00 999 9999.0 999.0 999.0 999.0 99.0 99.00
2008 11 01 13 50 242  1.7  2.3 99.00 99.00 99.00 999 9999.0 999.0 999.0 999.0 99.0 99.00
2008 11 01 14 00 228  1.8  2.3 99.00 99.00 99.00 999 9999.0  10.8  13.8 999.0 99.0 99.00
2008 11 01 14 10 222  1.3  1.9 99.00 99.00 99.00 999 9999.0 999.0 999.0 999.0 99.0 99.00
2008 11 01 14 20 223  0.9  1.8 99.00 99.00 99.00 999 9999.0 999.0 999.0 999.0 99.0 99.00
2008 11 01 14 30 205  0.8  1.3 99.00 99.00 99.00 999 9999.0 999.0 999.0 999.0 99.0 99.00
2008 11 01 14 40 211  1.0  1.5 99.00 99.00 99.00 999 9999.0 999.0 999.0 999.0 99.0 99.00
2008 11 01 14 50 207  1.1  1.7 99.00 99.00 99.00 999 9999.0 999.0 999.0 999.0 99.0 99.00
2008 11 01 15 00 180  1.5  2.1 99.00 99.00 99.00 999 9999.0  12.2  14.1 999.0 99.0 99.00
2008 11 01 15 10 169  1.6  2.1 99.00 99.00 99.00 999 9999.0 999.0 999.0 999.0 99.0 99.00
2008 11 01 15 20 141  1.9  2.4 99.00 99.00 99.00 999 9999.0 999.0 999.0 999.0 99.0 99.00
2008 11 01 15 30 124  2.2  2.7 99.00 99.00 99.00 999 9999.0 999.0 999.0 999.0 99.0 99.00
2008 11 01 15 40 112  2.3  2.7 99.00 99.00 99.00 999 9999.0 999.0 999.0 999.0 99.0 99.00
2008 11 01 15 50 121  2.0  2.4 99.00 99.00 99.00 999 9999.0 999.0 999.0 999.0 99.0 99.00
2008 11 01 16 00 140  2.0  2.5 99.00 99.00 99.00 999 9999.0  13.1  14.2 999.0 99.0 99.00
2008 11 01 16 10 134  1.6  2.2 99.00 99.00 99.00 999 9999.0 999.0 999.0 999.0 99.0 99.00
2008 11 01 16 20 132  1.6  2.0 99.00 99.00 99.00 999 9999.0 999.0 999.0 999.0 99.0 99.00
2008 11 01 16 30 111  1.7  2.1 99.00 99.00 99.00 999 9999.0 999.0 999.0 999.0 99.0 99.00
2008 11 01 16 40 113  2.5  3.1 99.00 99.00 99.00 999 9999.0 999.0 999.0 999.0 99.0 99.00
2008 11 01 16 50 126  2.8  3.6 99.00 99.00 99.00 999 9999.0 999.0 999.0 999.0 99.0 99.00
2008 11 01 17 00 122  3.3  3.8 99.00 99.00 99.00 999 9999.0  15.0  14.3 999.0 99.0 99.00
2008 11 01 17 10 116  2.8  3.3 99.00 99.00 99.00 999 9999.0 999.0 999.0 999.0 99.0 99.00
2008 11 01 17 20 121  2.5  3.2 99.00 99.00 99.00 999 9999.0 999.0 999.0 999.0 99.0 99.00
2008 11 01 17 30 130  2.5  3.0 99.00 99.00 99.00 999 9999.0 999.0 999.0 999.0 99.0 99.00
2008 11 01 17 40 145  2.5  3.1 99.00 99.00 99.00 999 9999.0 999.0 999.0 999.0 99.0 99.00
2008 11 01 17 50 137  2.4  3.1 99.00 99.00 99.00 999 9999.0 999.0 999.0 999.0 99.0 99.00
2008 11 01 18 00 134  2.4  2.8 99.00 99.00 99.00 999 9999.0  15.8  14.5 999.0 99.0 99.00
2008 11 01 18 10 129  2.2  2.9 99.00 99.00 99.00 999 9999.0 999.0 999.0 999.0 99.0 99.00
2008 11 01 18 20 143  2.2  2.9 99.00 99.00 99.00 999 9999.0 999.0 999.0 999.0 99.0 99.00
2008 11 01 18 30 145  2.6  3.0 99.00 99.00 99.00 999 9999.0 999.0 999.0 999.0 99.0 99.00
2008 11 01 18 40 140  2.5  3.2 99.00 99.00 99.00 999 9999.0 999.0 999.0 999.0 99.0 99.00
2008 11 01 18 50 153  2.3  2.8 99.00 99.00 99.00 999 9999.0 999.0 999.0 999.0 99.0 99.00
2008 11 01 19 00 164  2.0  2.4 99.00 99.00 99.00 999 9999.0  16.9  14.5 999.0 99.0 99.00
2008 11 01 19 10 163  2.2  2.6 99.00 99.00 99.00 999 9999.0 999.0 999.0 999.0 99.0 99.00
2008 11 01 19 20 155  2.1  2.9 99.00 99.00 99.00 999 9999.0 999.0 999.0 999.0 99.0 99.00
2008 11 01 19 30  94  2.3  3.1 99.00 99.00 99.00 999 9999.0 999.0 999.0 999.0 99.0 99.00
2008 11 01 19 40 107  2.8  3.5 99.00 99.00 99.00 999 9999.0 999.0 999.0 999.0 99.0 99.00
2008 11 01 19 50  86  2.8  3.2 99.00 99.00 99.00 999 9999.0 999.0 999.0 999.0 99.0 99.00
2008 11 01 20 00  90  2.6  2.9 99.00 99.00 99.00 999 9999.0  17.6  14.5 999.0 99.0 99.00
2008 11 01 20 10 102  2.1  2.6 99.00 99.00 99.00 999 9999.0 999.0 999.0 999.0 99.0 99.00
2008 11 01 20 20 140  1.7  1.9 99.00 99.00 99.00 999 9999.0 999.0 999.0 999.0 99.0 99.00
2008 11 01 20 30 124  1.2  1.8 99.00 99.00 99.00 999 9999.0 999.0 999.0 999.0 99.0 99.00
2008 11 01 20 40 126  1.4  1.9 99.00 99.00 99.00 999 9999.0 999.0 999.0 999.0 99.0 99.00
2008 11 01 20 50  81  1.3  1.7 99.00 99.00 99.00 999 9999.0 999.0 999.0 999.0 99.0 99.00
2008 11 01 21 00  84  1.4  1.7 99.00 99.00 99.00 999 9999.0  18.2  14.2 999.0 99.0 99.00
2008 11 01 21 10  94  1.5  1.8 99.00 99.00 99.00 999 9999.0 999.0 999.0 999.0 99.0 99.00
2008 11 01 21 20 101  1.6  2.0 99.00 99.00 99.00 999 9999.0 999.0 999.0 999.0 99.0 99.00
2008 11 01 21 30  83  1.4  1.8 99.00 99.00 99.00 999 9999.0 999.0 999.0 999.0 99.0 99.00
2008 11 01 21 40  84  1.3  1.6 99.00 99.00 99.00 999 9999.0 999.0 999.0 999.0 99.0 99.00
2008 11 01 21 50  74  1.6  2.1 99.00 99.00 99.00 999 9999.0 999.0 999.0 999.0 99.0 99.00
2008 11 01 22 00  67  2.5  3.0 99.00 99.00 99.00 999 9999.0  17.7  14.4 999.0 99.0 99.00
2008 11 01 22 10  41  0.7  1.8 99.00 99.00 99.00 999 9999.0 999.0 999.0 999.0 99.0 99.00
2008 11 01 22 20 144  1.6  3.0 99.00 99.00 99.00 999 9999.0 999.0 999.0 999.0 99.0 99.00
2008 11 01 22 30 102  2.0  2.8 99.00 99.00 99.00 999 9999.0 999.0 999.0 999.0 99.0 99.00
2008 11 01 22 40  63  1.3  2.0 99.00 99.00 99.00 999 9999.0 999.0 999.0 999.0 99.0 99.00
2008 11 01 22 50  10  1.6  2.3 99.00 99.00 99.00 999 9999.0 999.0 999.0 999.0 99.0 99.00
2008 11 01 23 00 357  1.7  2.2 99.00 99.00 99.00 999 9999.0  16.4  14.3 999.0 99.0 99.00
2008 11 01 23 10  18  1.1  1.3 99.00 99.00 99.00 999 9999.0 999.0 999.0 999.0 99.0 99.00
2008 11 01 23 20   6  0.9  1.2 99.00 99.00 99.00 999 9999.0 999.0 999.0 999.0 99.0 99.00
2008 11 01 23 30  43  0.9  1.8 99.00 99.00 99.00 999 9999.0 999.0 999.0 999.0 99.0 99.00
2008 11 01 23 40  34  0.3  1.2 99.00 99.00 99.00 999 9999.0 999.0 999.0 999.0 99.0 99.00
2008 11 01 23 50 332  0.9  1.8 99.00 99.00 99.00 999 9999.0 999.0 999.0 999.0 99.0 99.00
2008 11 02 00 00 350  1.5  2.0 99.00 99.00 99.00 999 9999.0  16.5  14.4 999.0 99.0 99.00
2008 11 02 00 10 354  1.6  2.0 99.00 99.00 99.00 999 9999.0 999.0 999.0 999.0 99.0 99.00
2008 11 02 00 20 344  1.8  2.2 99.00 99.00 99.00 999 9999.0 999.0 999.0 999.0 99.0 99.00
2008 11 02 00 30 354  1.8  2.4 99.00 99.00 99.00 999 9999.0 999.0 999.0 999.0 99.0 99.00
2008 11 02 00 40  18  2.0  2.4 99.00 99.00 99.00 999 9999.0 999.0 999.0 999.0 99.0 99.00
2008 11 02 00 50  15  1.4  2.0 99.00 99.00 99.00 999 9999.0 999.0 999.0 999.0 99.0 99.00
2008 11 02 01 00 353  1.7  2.5 99.00 99.00 99.00 999 9999.0  15.6  14.5 999.0 99.0 99.00
2008 11 02 01 10   7  2.0  2.5 99.00 99.00 99.00 999 9999.0 999.0 999.0 999.0 99.0 99.00
2008 11 02 01 20  36  1.7  2.3 99.00 99.00 99.00 999 9999.0 999.0 999.0 999.0 99.0 99.00
2008 11 02 01 30  25  2.0  2.5 99.00 99.00 99.00 999 9999.0 999.0 999.0 999.0 99.0 99.00
2008 11 02 01 40  11  2.2  2.7 99.00 99.00 99.00 999 9999.0 999.0 999.0 999.0 99.0 99.00
2008 11 02 01 50   9  2.1  2.3 99.00 99.00 99.00 999 9999.0 999.0 999.0 999.0 99.0 99.00
2008 11 02 02 00  15  1.8  2.1 99.00 99.00 99.00 999 9999.0  15.8  14.4 999.0 99.0 99.00
2008 11 02 02 10   8  2.2  2.6 99.00 99.00 99.00 999 9999.0 999.0 999.0 999.0 99.0 99.00
2008 11 02 02 20   4  2.0  2.4 99.00 99.00 99.00 999 9999.0 999.0 999.0 999.0 99.0 99.00
2008 11 02 02 30  18  1.5  2.2 99.00 99.00 99.00 999 9999.0 999.0 999.0 999.0 99.0 99.00
2008 11 02 02 40  32  1.1  2.4 99.00 99.00 99.00 999 9999.0 999.0 999.0 999.0 99.0 99.00
2008 11 02 02 50  40  1.4  2.4 99.00 99.00 99.00 999 9999.0 999.0 999.0 999.0 99.0 99.00
2008 11 02 03 00  48  2.1  3.7 99.00 99.00 99.00 999 9999.0  16.5  14.2 999.0 99.0 99.00
2008 11 02 03 10  59  2.3  3.2 99.00 99.00 99.00 999 9999.0 999.0 999.0 999.0 99.0 99.00
2008 11 02 03 20  53  2.4  3.2 99.00 99.00 99.00 999 9999.0 999.0 999.0 999.0 99.0 99.00
2008 11 02 03 30  49  2.2  3.7 99.00 99.00 99.00 999 9999.0 999.0 999.0 999.0 99.0 99.00
2008 11 02 03 40  60  2.6  4.2 99.00 99.00 99.00 999 9999.0 999.0 999.0 999.0 99.0 99.00
2008 11 02 03 50  66  2.5  3.8 99.00 99.00 99.00 999 9999.0 999.0 999.0 999.0 99.0 99.00
2008 11 02 04 00  76  3.3  5.1 99.00 99.00 99.00 999 9999.0  16.0  14.2 999.0 99.0 99.00
2008 11 02 04 10  77  3.7  5.0 99.00 99.00 99.00 999 9999.0 999.0 999.0 999.0 99.0 99.00
2008 11 02 04 20  77  3.6  4.5 99.00 99.00 99.00 999 9999.0 999.0 999.0 999.0 99.0 99.00
2008 11 02 04 30  71  2.9  4.0 99.00 99.00 99.00 999 9999.0 999.0 999.0 999.0 99.0 99.00
2008 11 02 04 40  62  2.7  4.2 99.00 99.00 99.00 999 9999.0 999.0 999.0 999.0 99.0 99.00
2008 11 02 04 50  47  2.5  3.5 99.00 99.00 99.00 999 9999.0 999.0 999.0 999.0 99.0 99.00
2008 11 02 05 00  43  2.5  3.6 99.00 99.00 99.00 999 9999.0  15.1  14.2 999.0 99.0 99.00
2008 11 02 05 10  40  3.1  4.6 99.00 99.00 99.00 999 9999.0 999.0 999.0 999.0 99.0 99.00
2008 11 02 05 20  28  3.1  4.4 99.00 99.00 99.00 999 9999.0 999.0 999.0 999.0 99.0 99.00
2008 11 02 05 30  29  4.1  5.5 99.00 99.00 99.00 999 9999.0 999.0 999.0 999.0 99.0 99.00
2008 11 02 05 40  32  4.0  6.2 99.00 99.00 99.00 999 9999.0 999.0 999.0 999.0 99.0 99.00
2008 11 02 05 50  33  4.0  5.6 99.00 99.00 99.00 999 9999.0 999.0 999.0 999.0 99.0 99.00
2008 11 02 06 00  29  3.5  5.2 99.00 99.00 99.00 999 9999.0  13.8  14.1 999.0 99.0 99.00
2008 11 02 06 10  27  3.8  5.2 99.00 99.00 99.00 999 9999.0 999.0 999.0 999.0 99.0 99.00
2008 11 02 06 20  30  3.8  5.3 99.00 99.00 99.00 999 9999.0 999.0 999.0 999.0 99.0 99.00
2008 11 02 06 30  30  3.9  5.2 99.00 99.00 99.00 999 9999.0 999.0 999.0 999.0 99.0 99.00
2008 11 02 06 40  29  3.6  5.3 99.00 99.00 99.00 999 9999.0 999.0 999.0 999.0 99.0 99.00
2008 11 02 06 50  31  3.2  4.3 99.00 99.00 99.00 999 9999.0 999.0 999.0 999.0 99.0 99.00
2008 11 02 07 00  29  3.2  4.8 99.00 99.00 99.00 999 9999.0  12.7  14.0 999.0 99.0 99.00
2008 11 02 07 10  31  3.4  4.8 99.00 99.00 99.00 999 9999.0 999.0 999.0 999.0 99.0 99.00
2008 11 02 07 20  29  3.4  4.6 99.00 99.00 99.00 999 9999.0 999.0 999.0 999.0 99.0 99.00
2008 11 02 07 30  33  3.1  4.6 99.00 99.00 99.00 999 9999.0 999.0 999.0 999.0 99.0 99.00
2008 11 02 07 40  35  3.0  4.2 99.00 99.00 99.00 999 9999.0 999.0 999.0 999.0 99.0 99.00
2008 11 02 07 50  29  3.2  4.3 99.00 99.00 99.00 999 9999.0 999.0 999.0 999.0 99.0 99.00
2008 11 02 08 00  19  3.4  4.5 99.00 99.00 99.00 999 9999.0  11.9  13.9 999.0 99.0 99.00
2008 11 02 08 10  21  3.5  4.6 99.00 99.00 99.00 999 9999.0 999.0 999.0 999.0 99.0 99.00
2008 11 02 08 20  23  3.6  4.9 99.00 99.00 99.00 999 9999.0 999.0 999.0 999.0 99.0 99.00
2008 11 02 08 30  23  3.8  4.8 99.00 99.00 99.00 999 9999.0 999.0 999.0 999.0 99.0 99.00
2008 11 02 08 40  28  3.6  5.2 99.00 99.00 99.00 999 9999.0 999.0 999.0 999.0 99.0 99.00
2008 11 02 08 50  25  3.6  5.3 99.00 99.00 99.00 999 9999.0 999.0 999.0 999.0 99.0 99.00
2008 11 02 09 00  29  4.1  6.7 99.00 99.00 99.00 999 9999.0  11.1  13.9 999.0 99.0 99.00
2008 11 02 09 10  28  4.3  5.9 99.00 99.00 99.00 999 9999.0 999.0 999.0 999.0 99.0 99.00
2008 11 02 09 20  33  4.0  5.7 99.00 99.00 99.00 999 9999.0 999.0 999.0 999.0 99.0 99.00
2008 11 02 09 30  27  3.7  5.9 99.00 99.00 99.00 999 9999.0 999.0 999.0 999.0 99.0 99.00
2008 11 02 09 40  29  4.0  5.2 99.00 99.00 99.00 999 9999.0 999.0 999.0 999.0 99.0 99.00
2008 11 02 09 50  24  4.2  5.8 99.00 99.00 99.00 999 9999.0 999.0 999.0 999.0 99.0 99.00
2008 11 02 10 00  28  3.9  5.5 99.00 99.00 99.00 999 9999.0  10.1  13.8 999.0 99.0 99.00
2008 11 02 10 10  28  3.6  5.1 99.00 99.00 99.00 999 9999.0 999.0 999.0 999.0 99.0 99.00
2008 11 02 10 20  34  3.8  4.9 99.00 99.00 99.00 999 9999.0 999.0 999.0 999.0 99.0 99.00
2008 11 02 10 30  37  3.4  5.1 99.00 99.00 99.00 999 9999.0 999.0 999.0 999.0 99.0 99.00
2008 11 02 10 40  38  3.3  5.2 99.00 99.00 99.00 999 9999.0 999.0 999.0 999.0 99.0 99.00
2008 11 02 10 50  37  3.2  5.0 99.00 99.00 99.00 999 9999.0 999.0 999.0 999.0 99.0 99.00
2008 11 02 11 00  32  3.3  4.5 99.00 99.00 99.00 999 9999.0   9.1  13.8 999.0 99.0 99.00
2008 11 02 11 10  37  3.7  6.3 99.00 99.00 99.00 999 9999.0 999.0 999.0 999.0 99.0 99.00
2008 11 02 11 20  33  3.4  4.8 99.00 99.00 99.00 999 9999.0 999.0 999.0 999.0 99.0 99.00
2008 11 02 11 30  38  3.6  5.2 99.00 99.00 99.00 999 9999.0 999.0 999.0 999.0 99.0 99.00
2008 11 02 11 40  41  4.0  6.2 99.00 99.00 99.00 999 9999.0 999.0 999.0 999.0 99.0 99.00
2008 11 02 11 50  40  3.3  4.7 99.00 99.00 99.00 999 9999.0 999.0 999.0 999.0 99.0 99.00
2008 11 02 12 00  32  3.4  4.7 99.00 99.00 99.00 999 9999.0   8.3  13.7 999.0 99.0 99.00
2008 11 02 12 10  43  2.8  5.0 99.00 99.00 99.00 999 9999.0 999.0 999.0 999.0 99.0 99.00
2008 11 02 12 20  39  3.2  4.5 99.00 99.00 99.00 999 9999.0 999.0 999.0 999.0 99.0 99.00
2008 11 02 12 30  43  3.5  5.2 99.00 99.00 99.00 999 9999.0 999.0 999.0 999.0 99.0 99.00
2008 11 02 12 40  40  3.6  5.2 99.00 99.00 99.00 999 9999.0 999.0 999.0 999.0 99.0 99.00
2008 11 02 12 50  41  3.7  5.4 99.00 99.00 99.00 999 9999.0 999.0 999.0 999.0 99.0 99.00
2008 11 02 13 00  45  3.4  5.5 99.00 99.00 99.00 999 9999.0   8.5  13.7 999.0 99.0 99.00
2008 11 02 13 10  45  4.1  5.9 99.00 99.00 99.00 999 9999.0 999.0 999.0 999.0 99.0 99.00
2008 11 02 13 20  44  4.6  6.8 99.00 99.00 99.00 999 9999.0 999.0 999.0 999.0 99.0 99.00
2008 11 02 13 30  49  3.7  5.4 99.00 99.00 99.00 999 9999.0 999.0 999.0 999.0 99.0 99.00
2008 11 02 13 40  52  4.5  6.2 99.00 99.00 99.00 999 9999.0 999.0 999.0 999.0 99.0 99.00
2008 11 02 13 50  60  4.1  5.9 99.00 99.00 99.00 999 9999.0 999.0 999.0 999.0 99.0 99.00
2008 11 02 14 00  76  4.3  7.4 99.00 99.00 99.00 999 9999.0   8.9  13.7 999.0 99.0 99.00
2008 11 02 14 10  78  4.8  6.7 99.00 99.00 99.00 999 9999.0 999.0 999.0 999.0 99.0 99.00
2008 11 02 14 20  82  4.8  7.4 99.00 99.00 99.00 999 9999.0 999.0 999.0 999.0 99.0 99.00
2008 11 02 14 30  75  4.7  6.6 99.00 99.00 99.00 999 9999.0 999.0 999.0 999.0 99.0 99.00
2008 11 02 14 40  45  4.3  5.9 99.00 99.00 99.00 999 9999.0 999.0 999.0 999.0 99.0 99.00
2008 11 02 14 50  55  3.3  5.3 99.00 99.00 99.00 999 9999.0 999.0 999.0 999.0 99.0 99.00
2008 11 02 15 00  70  3.1  4.7 99.00 99.00 99.00 999 9999.0   9.1  13.7 999.0 99.0 99.00
2008 11 02 15 10  76  2.8  6.1 99.00 99.00 99.00 999 9999.0 999.0 999.0 999.0 99.0 99.00
2008 11 02 15 20  65  2.9  4.1 99.00 99.00 99.00 999 9999.0 999.0 999.0 999.0 99.0 99.00
2008 11 02 15 30  75  4.0  5.6 99.00 99.00 99.00 999 9999.0 999.0 999.0 999.0 99.0 99.00
2008 11 02 15 40  74  4.2  5.7 99.00 99.00 99.00 999 9999.0 999.0 999.0 999.0 99.0 99.00
2008 11 02 15 50  54  3.4  6.2 99.00 99.00 99.00 999 9999.0 999.0 999.0 999.0 99.0 99.00
2008 11 02 16 00  56  3.4  5.1 99.00 99.00 99.00 999 9999.0   9.6  13.7 999.0 99.0 99.00
2008 11 02 16 10  53  3.4  4.9 99.00 99.00 99.00 999 9999.0 999.0 999.0 999.0 99.0 99.00
2008 11 02 16 20  59  2.8  4.4 99.00 99.00 99.00 999 9999.0 999.0 999.0 999.0 99.0 99.00
2008 11 02 16 30  86  3.9  5.8 99.00 99.00 99.00 999 9999.0 999.0 999.0 999.0 99.0 99.00
2008 11 02 16 40  74  2.3  4.2 99.00 99.00 99.00 999 9999.0 999.0 999.0 999.0 99.0 99.00
2008 11 02 16 50  65  2.6  4.9 99.00 99.00 99.00 999 9999.0 999.0 999.0 999.0 99.0 99.00
2008 11 02 17 00  80  2.3  4.4 99.00 99.00 99.00 999 9999.0  10.5  13.9 999.0 99.0 99.00
2008 11 02 17 10 100  3.5  5.2 99.00 99.00 99.00 999 9999.0 999.0 999.0 999.0 99.0 99.00
2008 11 02 17 20 111  4.6  5.8 99.00 99.00 99.00 999 9999.0 999.0 999.0 999.0 99.0 99.00
2008 11 02 17 30 109  4.7  6.2 99.00 99.00 99.00 999 9999.0 999.0 999.0 999.0 99.0 99.00
2008 11 02 17 40 115  4.0  5.0 99.00 99.00 99.00 999 9999.0 999.0 999.0 999.0 99.0 99.00
2008 11 02 17 50 111  3.9  5.7 99.00 99.00 99.00 999 9999.0 999.0 999.0 999.0 99.0 99.00
2008 11 02 18 00 113  4.0  5.4 99.00 99.00 99.00 999 9999.0  10.6  13.9 999.0 99.0 99.00
2008 11 02 18 10 102  3.9  5.1 99.00 99.00 99.00 999 9999.0 999.0 999.0 999.0 99.0 99.00
2008 11 02 18 20 103  3.5  5.2 99.00 99.00 99.00 999 9999.0 999.0 999.0 999.0 99.0 99.00
2008 11 02 18 30 105  4.0  5.0 99.00 99.00 99.00 999 9999.0 999.0 999.0 999.0 99.0 99.00
2008 11 02 18 40 111  3.9  5.0 99.00 99.00 99.00 999 9999.0 999.0 999.0 999.0 99.0 99.00
2008 11 02 18 50 118  4.4  6.1 99.00 99.00 99.00 999 9999.0 999.0 999.0 999.0 99.0 99.00
2008 11 02 19 00 106  4.9  6.2 99.00 99.00 99.00 999 9999.0  10.8  13.9 999.0 99.0 99.00
2008 11 02 19 10 109  4.6  5.8 99.00 99.00 99.00 999 9999.0 999.0 999.0 999.0 99.0 99.00
2008 11 02 19 20 105  4.3  5.3 99.00 99.00 99.00 999 9999.0 999.0 999.0 999.0 99.0 99.00
2008 11 02 19 30 110  4.0  5.0 99.00 99.00 99.00 999 9999.0 999.0 999.0 999.0 99.0 99.00
2008 11 02 19 40  90  3.2  4.4 99.00 99.00 99.00 999 9999.0 999.0 999.0 999.0 99.0 99.00
2008 11 02 19 50 102  2.7  3.8 99.00 99.00 99.00 999 9999.0 999.0 999.0 999.0 99.0 99.00
2008 11 02 20 00 111  3.0  4.3 99.00 99.00 99.00 999 9999.0  10.8  13.8 999.0 99.0 99.00
2008 11 02 20 10  90  3.3  4.5 99.00 99.00 99.00 999 9999.0 999.0 999.0 999.0 99.0 99.00
2008 11 02 20 20  81  3.3  5.2 99.00 99.00 99.00 999 9999.0 999.0 999.0 999.0 99.0 99.00
2008 11 02 20 30  83  3.8  4.7 99.00 99.00 99.00 999 9999.0 999.0 999.0 999.0 99.0 99.00
2008 11 02 20 40  79  3.4  4.5 99.00 99.00 99.00 999 9999.0 999.0 999.0 999.0 99.0 99.00
2008 11 02 20 50  73  3.4  4.9 99.00 99.00 99.00 999 9999.0 999.0 999.0 999.0 99.0 99.00
2008 11 02 21 00  78  2.8  4.3 99.00 99.00 99.00 999 9999.0  10.9  13.8 999.0 99.0 99.00
2008 11 02 21 10  71  3.0  3.7 99.00 99.00 99.00 999 9999.0 999.0 999.0 999.0 99.0 99.00
2008 11 02 21 20  70  3.2  4.2 99.00 99.00 99.00 999 9999.0 999.0 999.0 999.0 99.0 99.00
2008 11 02 21 30  69  2.9  4.1 99.00 99.00 99.00 999 9999.0 999.0 999.0 999.0 99.0 99.00
2008 11 02 21 40  68  2.8  3.7 99.00 99.00 99.00 999 9999.0 999.0 999.0 999.0 99.0 99.00
2008 11 02 21 50  58  2.5  3.7 99.00 99.00 99.00 999 9999.0 999.0 999.0 999.0 99.0 99.00
2008 11 02 22 00  64  2.9  3.7 99.00 99.00 99.00 999 9999.0  10.8  13.8 999.0 99.0 99.00
2008 11 02 22 10  70  3.1  3.8 99.00 99.00 99.00 999 9999.0 999.0 999.0 999.0 99.0 99.00
2008 11 02 22 20  58  2.6  3.5 99.00 99.00 99.00 999 9999.0 999.0 999.0 999.0 99.0 99.00
2008 11 02 22 30  51  2.2  3.2 99.00 99.00 99.00 999 9999.0 999.0 999.0 999.0 99.0 99.00
2008 11 02 22 40  57  2.1  2.8 99.00 99.00 99.00 999 9999.0 999.0 999.0 999.0 99.0 99.00
2008 11 02 22 50  65  2.0  2.8 99.00 99.00 99.00 999 9999.0 999.0 999.0 999.0 99.0 99.00
2008 11 02 23 00  72  2.2  3.3 99.00 99.00 99.00 999 9999.0  10.6  13.8 999.0 99.0 99.00
2008 11 02 23 10  63  2.0  2.8 99.00 99.00 99.00 999 9999.0 999.0 999.0 999.0 99.0 99.00
2008 11 02 23 20  52  1.7  2.5 99.00 99.00 99.00 999 9999.0 999.0 999.0 999.0 99.0 99.00
2008 11 02 23 30  83  2.0  3.8 99.00 99.00 99.00 999 9999.0 999.0 999.0 999.0 99.0 99.00
2008 11 02 23 40 100  4.0  5.5 99.00 99.00 99.00 999 9999.0 999.0 999.0 999.0 99.0 99.00
2008 11 02 23 50  98  3.9  4.9 99.00 99.00 99.00 999 9999.0 999.0 999.0 999.0 99.0 99.00
2008 11 03 00 00 123  4.9  6.9 99.00 99.00 99.00 999 9999.0  10.7  13.8 999.0 99.0 99.00
2008 11 03 00 10 132  7.0  9.0 99.00 99.00 99.00 999 9999.0 999.0 999.0 999.0 99.0 99.00
2008 11 03 00 20 123  7.7  9.4 99.00 99.00 99.00 999 9999.0 999.0 999.0 999.0 99.0 99.00
2008 11 03 00 30 119  7.3  8.8 99.00 99.00 99.00 999 9999.0 999.0 999.0 999.0 99.0 99.00
2008 11 03 00 40 133  7.3  8.6 99.00 99.00 99.00 999 9999.0 999.0 999.0 999.0 99.0 99.00
2008 11 03 00 50 135  7.2  8.3 99.00 99.00 99.00 999 9999.0 999.0 999.0 999.0 99.0 99.00
2008 11 03 01 00 131  7.1  8.9 99.00 99.00 99.00 999 9999.0   9.7  13.7 999.0 99.0 99.00
2008 11 03 01 10 126  6.6  8.6 99.00 99.00 99.00 999 9999.0 999.0 999.0 999.0 99.0 99.00
2008 11 03 01 20 124  6.3  8.0 99.00 99.00 99.00 999 9999.0 999.0 999.0 999.0 99.0 99.00
2008 11 03 01 30 120  6.1  7.5 99.00 99.00 99.00 999 9999.0 999.0 999.0 999.0 99.0 99.00
2008 11 03 01 40 114  5.8  7.7 99.00 99.00 99.00 999 9999.0 999.0 999.0 999.0 99.0 99.00
2008 11 03 01 50 115  5.5  7.4 99.00 99.00 99.00 999 9999.0 999.0 999.0 999.0 99.0 99.00
2008 11 03 02 00 109  5.2  7.2 99.00 99.00 99.00 999 9999.0   9.2  13.7 999.0 99.0 99.00
2008 11 03 02 10 116  5.3  7.2 99.00 99.00 99.00 999 9999.0 999.0 999.0 999.0 99.0 99.00
2008 11 03 02 20 105  5.3  7.3 99.00 99.00 99.00 999 9999.0 999.0 999.0 999.0 99.0 99.00
2008 11 03 02 30 105  3.9  6.1 99.00 99.00 99.00 999 9999.0 999.0 999.0 999.0 99.0 99.00
2008 11 03 02 40 102  4.3  6.1 99.00 99.00 99.00 999 9999.0 999.0 999.0 999.0 99.0 99.00
2008 11 03 02 50  79  3.2  4.3 99.00 99.00 99.00 999 9999.0 999.0 999.0 999.0 99.0 99.00
2008 11 03 03 00  83  3.9  5.7 99.00 99.00 99.00 999 9999.0   8.9  13.6 999.0 99.0 99.00
2008 11 03 03 10  99  4.3  5.7 99.00 99.00 99.00 999 9999.0 999.0 999.0 999.0 99.0 99.00
2008 11 03 03 20  76  2.9  4.4 99.00 99.00 99.00 999 9999.0 999.0 999.0 999.0 99.0 99.00
2008 11 03 03 30  61  2.7  4.2 99.00 99.00 99.00 999 9999.0 999.0 999.0 999.0 99.0 99.00
2008 11 03 03 40  73  3.0  4.2 99.00 99.00 99.00 999 9999.0 999.0 999.0 999.0 99.0 99.00
2008 11 03 03 50  68  3.0  4.0 99.00 99.00 99.00 999 9999.0 999.0 999.0 999.0 99.0 99.00
2008 11 03 04 00  64  2.7  3.7 99.00 99.00 99.00 999 9999.0   8.7  13.9 999.0 99.0 99.00
2008 11 03 04 10  41  2.3  3.4 99.00 99.00 99.00 999 9999.0 999.0 999.0 999.0 99.0 99.00
2008 11 03 04 20  43  2.2  3.4 99.00 99.00 99.00 999 9999.0 999.0 999.0 999.0 99.0 99.00
2008 11 03 04 30  45  1.9  2.8 99.00 99.00 99.00 999 9999.0 999.0 999.0 999.0 99.0 99.00
2008 11 03 04 40  38  1.9  2.7 99.00 99.00 99.00 999 9999.0 999.0 999.0 999.0 99.0 99.00
2008 11 03 04 50  40  2.0  3.3 99.00 99.00 99.00 999 9999.0 999.0 999.0 999.0 99.0 99.00
2008 11 03 05 00  34  2.0  3.4 99.00 99.00 99.00 999 9999.0   8.6  13.9 999.0 99.0 99.00
2008 11 03 05 10  28  2.2  3.1 99.00 99.00 99.00 999 9999.0 999.0 999.0 999.0 99.0 99.00
2008 11 03 05 20  31  2.1  3.0 99.00 99.00 99.00 999 9999.0 999.0 999.0 999.0 99.0 99.00
2008 11 03 05 30  31  2.2  3.0 99.00 99.00 99.00 999 9999.0 999.0 999.0 999.0 99.0 99.00
2008 11 03 05 40  32  2.1  3.1 99.00 99.00 99.00 999 9999.0 999.0 999.0 999.0 99.0 99.00
2008 11 03 05 50  21  2.3  3.3 99.00 99.00 99.00 999 9999.0 999.0 999.0 999.0 99.0 99.00
2008 11 03 06 00  28  1.9  2.7 99.00 99.00 99.00 999 9999.0   8.7  14.0 999.0 99.0 99.00
2008 11 03 06 10  33  2.0  2.8 99.00 99.00 99.00 999 9999.0 999.0 999.0 999.0 99.0 99.00
2008 11 03 06 20  27  1.8  2.6 99.00 99.00 99.00 999 9999.0 999.0 999.0 999.0 99.0 99.00
2008 11 03 06 30  25  1.9  2.9 99.00 99.00 99.00 999 9999.0 999.0 999.0 999.0 99.0 99.00
2008 11 03 06 40  30  2.2  3.2 99.00 99.00 99.00 999 9999.0 999.0 999.0 999.0 99.0 99.00
2008 11 03 06 50  35  1.9  3.0 99.00 99.00 99.00 999 9999.0 999.0 999.0 999.0 99.0 99.00
2008 11 03 07 00  31  2.1  2.8 99.00 99.00 99.00 999 9999.0   8.9  14.0 999.0 99.0 99.00
2008 11 03 07 10  29  2.0  3.0 99.00 99.00 99.00 999 9999.0 999.0 999.0 999.0 99.0 99.00
2008 11 03 07 20  33  2.1  2.7 99.00 99.00 99.00 999 9999.0 999.0 999.0 999.0 99.0 99.00
2008 11 03 07 30  28  2.0  2.8 99.00 99.00 99.00 999 9999.0 999.0 999.0 999.0 99.0 99.00
2008 11 03 07 40  25  2.4  3.3 99.00 99.00 99.00 999 9999.0 999.0 999.0 999.0 99.0 99.00
2008 11 03 07 50  18  2.6  3.2 99.00 99.00 99.00 999 9999.0 999.0 999.0 999.0 99.0 99.00
2008 11 03 08 00  15  2.1  3.0 99.00 99.00 99.00 999 9999.0   9.0  13.9 999.0 99.0 99.00
2008 11 03 08 10  17  2.1  2.8 99.00 99.00 99.00 999 9999.0 999.0 999.0 999.0 99.0 99.00
2008 11 03 08 20  19  2.3  2.8 99.00 99.00 99.00 999 9999.0 999.0 999.0 999.0 99.0 99.00
2008 11 03 08 30  20  2.2  2.8 99.00 99.00 99.00 999 9999.0 999.0 999.0 999.0 99.0 99.00
2008 11 03 08 40  26  2.1  3.1 99.00 99.00 99.00 999 9999.0 999.0 999.0 999.0 99.0 99.00
2008 11 03 08 50  29  2.0  2.7 99.00 99.00 99.00 999 9999.0 999.0 999.0 999.0 99.0 99.00
2008 11 03 09 00  25  1.8  2.4 99.00 99.00 99.00 999 9999.0   9.2  13.9 999.0 99.0 99.00
2008 11 03 09 20  38  1.7  2.4 99.00 99.00 99.00 999 9999.0 999.0 999.0 999.0 99.0 99.00
2008 11 03 09 30  50  1.5  2.2 99.00 99.00 99.00 999 9999.0 999.0 999.0 999.0 99.0 99.00
2008 11 03 09 40  37  1.6  2.2 99.00 99.00 99.00 999 9999.0 999.0 999.0 999.0 99.0 99.00
2008 11 03 10 00  49  1.8  2.9 99.00 99.00 99.00 999 9999.0   9.2  13.8 999.0 99.0 99.00
2008 11 03 10 10  58  2.1  3.1 99.00 99.00 99.00 999 9999.0 999.0 999.0 999.0 99.0 99.00
2008 11 03 10 20  55  1.6  2.6 99.00 99.00 99.00 999 9999.0 999.0 999.0 999.0 99.0 99.00
2008 11 03 10 30  71  2.1  2.9 99.00 99.00 99.00 999 9999.0 999.0 999.0 999.0 99.0 99.00
2008 11 03 10 40  61  1.6  2.4 99.00 99.00 99.00 999 9999.0 999.0 999.0 999.0 99.0 99.00
2008 11 03 10 50  52  1.8  2.4 99.00 99.00 99.00 999 9999.0 999.0 999.0 999.0 99.0 99.00
2008 11 03 11 00  37  1.5  2.8 99.00 99.00 99.00 999 9999.0   9.2  13.8 999.0 99.0 99.00
2008 11 03 11 10  47  1.9  3.0 99.00 99.00 99.00 999 9999.0 999.0 999.0 999.0 99.0 99.00
2008 11 03 11 20  41  1.8  2.5 99.00 99.00 99.00 999 9999.0 999.0 999.0 999.0 99.0 99.00
2008 11 03 11 30  30  1.6  2.3 99.00 99.00 99.00 999 9999.0 999.0 999.0 999.0 99.0 99.00
2008 11 03 11 40  34  1.8  2.5 99.00 99.00 99.00 999 9999.0 999.0 999.0 999.0 99.0 99.00
2008 11 03 11 50  31  2.0  2.6 99.00 99.00 99.00 999 9999.0 999.0 999.0 999.0 99.0 99.00
2008 11 03 12 00  59  1.6  2.3 99.00 99.00 99.00 999 9999.0   9.3  13.7 999.0 99.0 99.00
2008 11 03 12 10  49  1.6  2.5 99.00 99.00 99.00 999 9999.0 999.0 999.0 999.0 99.0 99.00
2008 11 03 12 20  52  1.5  2.5 99.00 99.00 99.00 999 9999.0 999.0 999.0 999.0 99.0 99.00
2008 11 03 12 30  51  2.1  2.7 99.00 99.00 99.00 999 9999.0 999.0 999.0 999.0 99.0 99.00
2008 11 03 12 40  41  2.0  2.7 99.00 99.00 99.00 999 9999.0 999.0 999.0 999.0 99.0 99.00
2008 11 03 12 50  35  1.5  2.3 99.00 99.00 99.00 999 9999.0 999.0 999.0 999.0 99.0 99.00
2008 11 03 13 00  37  1.6  2.2 99.00 99.00 99.00 999 9999.0   9.6  13.7 999.0 99.0 99.00
2008 11 03 13 10  38  1.4  2.2 99.00 99.00 99.00 999 9999.0 999.0 999.0 999.0 99.0 99.00
2008 11 03 13 20  33  1.5  2.2 99.00 99.00 99.00 999 9999.0 999.0 999.0 999.0 99.0 99.00
2008 11 03 13 30  25  1.6  2.3 99.00 99.00 99.00 999 9999.0 999.0 999.0 999.0 99.0 99.00
2008 11 03 13 40  32  1.5  2.3 99.00 99.00 99.00 999 9999.0 999.0 999.0 999.0 99.0 99.00
2008 11 03 13 50  33  1.5  2.5 99.00 99.00 99.00 999 9999.0 999.0 999.0 999.0 99.0 99.00
2008 11 03 14 00  37  1.5  2.2 99.00 99.00 99.00 999 9999.0  10.0  13.6 999.0 99.0 99.00
2008 11 03 14 10  34  1.3  1.8 99.00 99.00 99.00 999 9999.0 999.0 999.0 999.0 99.0 99.00
2008 11 03 14 20  31  1.0  1.6 99.00 99.00 99.00 999 9999.0 999.0 999.0 999.0 99.0 99.00
2008 11 03 14 30  27  0.9  1.3 99.00 99.00 99.00 999 9999.0 999.0 999.0 999.0 99.0 99.00
2008 11 03 14 40 351  1.0  1.8 99.00 99.00 99.00 999 9999.0 999.0 999.0 999.0 99.0 99.00
2008 11 03 14 50 349  1.3  1.8 99.00 99.00 99.00 999 9999.0 999.0 999.0 999.0 99.0 99.00
2008 11 03 15 00 352  1.2  1.8 99.00 99.00 99.00 999 9999.0  10.3  13.5 999.0 99.0 99.00
2008 11 03 15 10 341  1.1  1.6 99.00 99.00 99.00 999 9999.0 999.0 999.0 999.0 99.0 99.00
2008 11 03 15 20 342  1.0  1.5 99.00 99.00 99.00 999 9999.0 999.0 999.0 999.0 99.0 99.00
2008 11 03 15 30   0  1.6  2.3 99.00 99.00 99.00 999 9999.0 999.0 999.0 999.0 99.0 99.00
2008 11 03 15 40 353  1.5  2.1 99.00 99.00 99.00 999 9999.0 999.0 999.0 999.0 99.0 99.00
2008 11 03 15 50 347  1.6  2.1 99.00 99.00 99.00 999 9999.0 999.0 999.0 999.0 99.0 99.00
2008 11 03 16 00 348  1.7  2.5 99.00 99.00 99.00 999 9999.0  10.8  13.5 999.0 99.0 99.00
2008 11 03 16 10 340  2.0  2.6 99.00 99.00 99.00 999 9999.0 999.0 999.0 999.0 99.0 99.00
2008 11 03 16 20 343  2.4  2.9 99.00 99.00 99.00 999 9999.0 999.0 999.0 999.0 99.0 99.00
2008 11 03 16 30 346  2.8  3.5 99.00 99.00 99.00 999 9999.0 999.0 999.0 999.0 99.0 99.00
2008 11 03 16 40 330  2.4  3.4 99.00 99.00 99.00 999 9999.0 999.0 999.0 999.0 99.0 99.00
2008 11 03 16 50 322  1.8  2.4 99.00 99.00 99.00 999 9999.0 999.0 999.0 999.0 99.0 99.00
2008 11 03 17 00 325  1.5  2.0 99.00 99.00 99.00 999 9999.0  12.2  13.6 999.0 99.0 99.00
2008 11 03 17 10 308  0.3  1.1 99.00 99.00 99.00 999 9999.0 999.0 999.0 999.0 99.0 99.00
2008 11 03 17 20 347 99.0  0.6 99.00 99.00 99.00 999 9999.0 999.0 999.0 999.0 99.0 99.00
2008 11 03 17 30 190  1.0  2.2 99.00 99.00 99.00 999 9999.0 999.0 999.0 999.0 99.0 99.00
2008 11 03 17 40 215  1.9  2.6 99.00 99.00 99.00 999 9999.0 999.0 999.0 999.0 99.0 99.00
2008 11 03 17 50 211  2.2  2.6 99.00 99.00 99.00 999 9999.0 999.0 999.0 999.0 99.0 99.00
2008 11 03 18 00 232  2.8  3.5 99.00 99.00 99.00 999 9999.0  12.2  13.6 999.0 99.0 99.00
2008 11 03 18 10 247  2.2  2.9 99.00 99.00 99.00 999 9999.0 999.0 999.0 999.0 99.0 99.00
2008 11 03 18 20 268  1.5  2.1 99.00 99.00 99.00 999 9999.0 999.0 999.0 999.0 99.0 99.00
2008 11 03 18 30 304  0.9  1.3 99.00 99.00 99.00 999 9999.0 999.0 999.0 999.0 99.0 99.00
2008 11 03 18 40 327  1.1  1.4 99.00 99.00 99.00 999 9999.0 999.0 999.0 999.0 99.0 99.00
2008 11 03 18 50 344  0.8  1.4 99.00 99.00 99.00 999 9999.0 999.0 999.0 999.0 99.0 99.00
2008 11 03 19 00  64  0.2  0.7 99.00 99.00 99.00 999 9999.0  13.1  13.7 999.0 99.0 99.00
2008 11 03 19 10   5  0.1  0.6 99.00 99.00 99.00 999 9999.0 999.0 999.0 999.0 99.0 99.00
2008 11 03 19 20 335  0.7  1.2 99.00 99.00 99.00 999 9999.0 999.0 999.0 999.0 99.0 99.00
2008 11 03 19 30 338  1.3  1.6 99.00 99.00 99.00 999 9999.0 999.0 999.0 999.0 99.0 99.00
2008 11 03 19 40 348  1.2  1.5 99.00 99.00 99.00 999 9999.0 999.0 999.0 999.0 99.0 99.00
2008 11 03 19 50  14  1.2  1.4 99.00 99.00 99.00 999 9999.0 999.0 999.0 999.0 99.0 99.00
2008 11 03 20 00   1  1.0  1.3 99.00 99.00 99.00 999 9999.0  13.8  13.7 999.0 99.0 99.00
2008 11 03 20 10 344  0.5  0.7 99.00 99.00 99.00 999 9999.0 999.0 999.0 999.0 99.0 99.00
2008 11 03 20 20 337  0.4  0.7 99.00 99.00 99.00 999 9999.0 999.0 999.0 999.0 99.0 99.00
2008 11 03 20 30   2 99.0  0.5 99.00 99.00 99.00 999 9999.0 999.0 999.0 999.0 99.0 99.00
2008 11 03 20 40  82  0.6  0.9 99.00 99.00 99.00 999 9999.0 999.0 999.0 999.0 99.0 99.00
2008 11 03 20 50 107  0.6  0.9 99.00 99.00 99.00 999 9999.0 999.0 999.0 999.0 99.0 99.00
2008 11 03 21 00 117  0.8  1.2 99.00 99.00 99.00 999 9999.0  13.9  13.7 999.0 99.0 99.00
2008 11 03 21 10 124  1.0  1.2 99.00 99.00 99.00 999 9999.0 999.0 999.0 999.0 99.0 99.00
2008 11 03 21 20 125  0.4  0.7 99.00 99.00 99.00 999 9999.0 999.0 999.0 999.0 99.0 99.00
2008 11 03 21 30 119  0.4  0.6 99.00 99.00 99.00 999 9999.0 999.0 999.0 999.0 99.0 99.00
2008 11 03 21 40 113  0.1  0.4 99.00 99.00 99.00 999 9999.0 999.0 999.0 999.0 99.0 99.00
2008 11 03 21 50 359  0.6  1.1 99.00 99.00 99.00 999 9999.0 999.0 999.0 999.0 99.0 99.00
2008 11 03 22 00 347  1.4  1.8 99.00 99.00 99.00 999 9999.0  13.7  13.5 999.0 99.0 99.00
2008 11 03 22 10 357  1.8  2.1 99.00 99.00 99.00 999 9999.0 999.0 999.0 999.0 99.0 99.00
2008 11 03 22 20 353  1.4  1.7 99.00 99.00 99.00 999 9999.0 999.0 999.0 999.0 99.0 99.00
2008 11 03 22 30 347  1.8  2.1 99.00 99.00 99.00 999 9999.0 999.0 999.0 999.0 99.0 99.00
2008 11 03 22 40   9  1.5  2.0 99.00 99.00 99.00 999 9999.0 999.0 999.0 999.0 99.0 99.00
2008 11 03 22 50  21  1.0  1.3 99.00 99.00 99.00 999 9999.0 999.0 999.0 999.0 99.0 99.00
2008 11 03 23 00  19  1.3  1.5 99.00 99.00 99.00 999 9999.0  13.0  13.5 999.0 99.0 99.00
2008 11 03 23 10  36  0.7  1.1 99.00 99.00 99.00 999 9999.0 999.0 999.0 999.0 99.0 99.00
2008 11 03 23 20  40  1.0  1.3 99.00 99.00 99.00 999 9999.0 999.0 999.0 999.0 99.0 99.00
2008 11 03 23 30  44  1.2  1.4 99.00 99.00 99.00 999 9999.0 999.0 999.0 999.0 99.0 99.00
2008 11 03 23 40  37  0.9  1.4 99.00 99.00 99.00 999 9999.0 999.0 999.0 999.0 99.0 99.00
2008 11 03 23 50   3  1.4  1.9 99.00 99.00 99.00 999 9999.0 999.0 999.0 999.0 99.0 99.00
2008 11 04 00 00 354  2.0  2.3 99.00 99.00 99.00 999 9999.0  12.1  13.4 999.0 99.0 99.00
2008 11 04 00 10   8  2.1  2.4 99.00 99.00 99.00 999 9999.0 999.0 999.0 999.0 99.0 99.00
2008 11 04 00 20   4  1.6  2.1 99.00 99.00 99.00 999 9999.0 999.0 999.0 999.0 99.0 99.00
2008 11 04 00 30   5  1.5  1.8 99.00 99.00 99.00 999 9999.0 999.0 999.0 999.0 99.0 99.00
2008 11 04 00 40 355  1.4  1.7 99.00 99.00 99.00 999 9999.0 999.0 999.0 999.0 99.0 99.00
2008 11 04 00 50 358  2.2  2.7 99.00 99.00 99.00 999 9999.0 999.0 999.0 999.0 99.0 99.00
2008 11 04 01 00 359  2.3  2.7 99.00 99.00 99.00 999 9999.0  11.9  13.4 999.0 99.0 99.00
2008 11 04 01 10   0  2.7  3.0 99.00 99.00 99.00 999 9999.0 999.0 999.0 999.0 99.0 99.00
2008 11 04 01 20 359  2.7  3.1 99.00 99.00 99.00 999 9999.0 999.0 999.0 999.0 99.0 99.00
2008 11 04 01 30   3  2.8  3.2 99.00 99.00 99.00 999 9999.0 999.0 999.0 999.0 99.0 99.00
2008 11 04 01 40   3  2.9  3.4 99.00 99.00 99.00 999 9999.0 999.0 999.0 999.0 99.0 99.00
2008 11 04 01 50  11  1.8  2.7 99.00 99.00 99.00 999 9999.0 999.0 999.0 999.0 99.0 99.00
2008 11 04 02 00   7  1.9  2.5 99.00 99.00 99.00 999 9999.0  11.4  13.5 999.0 99.0 99.00
2008 11 04 02 10   5  1.9  2.2 99.00 99.00 99.00 999 9999.0 999.0 999.0 999.0 99.0 99.00
2008 11 04 02 20   9  1.7  2.1 99.00 99.00 99.00 999 9999.0 999.0 999.0 999.0 99.0 99.00
2008 11 04 02 30   5  2.5  3.0 99.00 99.00 99.00 999 9999.0 999.0 999.0 999.0 99.0 99.00
2008 11 04 02 40   0  2.7  3.1 99.00 99.00 99.00 999 9999.0 999.0 999.0 999.0 99.0 99.00
2008 11 04 02 50 358  2.4  2.9 99.00 99.00 99.00 999 9999.0 999.0 999.0 999.0 99.0 99.00
2008 11 04 03 00   8  2.2  2.6 99.00 99.00 99.00 999 9999.0  11.0  13.6 999.0 99.0 99.00
2008 11 04 03 10   7  2.4  2.8 99.00 99.00 99.00 999 9999.0 999.0 999.0 999.0 99.0 99.00
2008 11 04 03 20  11  2.2  2.6 99.00 99.00 99.00 999 9999.0 999.0 999.0 999.0 99.0 99.00
2008 11 04 03 30   7  2.6  3.3 99.00 99.00 99.00 999 9999.0 999.0 999.0 999.0 99.0 99.00
2008 11 04 03 40   5  3.0  3.5 99.00 99.00 99.00 999 9999.0 999.0 999.0 999.0 99.0 99.00
2008 11 04 03 50   6  3.1  3.6 99.00 99.00 99.00 999 9999.0 999.0 999.0 999.0 99.0 99.00
2008 11 04 04 00   4  3.2  3.6 99.00 99.00 99.00 999 9999.0  10.8  13.6 999.0 99.0 99.00
2008 11 04 04 10  13  3.2  3.6 99.00 99.00 99.00 999 9999.0 999.0 999.0 999.0 99.0 99.00
2008 11 04 04 20  14  3.1  3.6 99.00 99.00 99.00 999 9999.0 999.0 999.0 999.0 99.0 99.00
2008 11 04 04 30   4  2.9  3.4 99.00 99.00 99.00 999 9999.0 999.0 999.0 999.0 99.0 99.00
2008 11 04 04 40   6  2.7  3.2 99.00 99.00 99.00 999 9999.0 999.0 999.0 999.0 99.0 99.00
2008 11 04 04 50 357  2.8  3.3 99.00 99.00 99.00 999 9999.0 999.0 999.0 999.0 99.0 99.00
2008 11 04 05 00   0  2.7  3.2 99.00 99.00 99.00 999 9999.0  10.6  13.6 999.0 99.0 99.00
2008 11 04 05 10   6  2.7  3.0 99.00 99.00 99.00 999 9999.0 999.0 999.0 999.0 99.0 99.00
2008 11 04 05 20  17  2.5  3.0 99.00 99.00 99.00 999 9999.0 999.0 999.0 999.0 99.0 99.00
2008 11 04 05 30   8  2.7  3.3 99.00 99.00 99.00 999 9999.0 999.0 999.0 999.0 99.0 99.00
2008 11 04 05 40   6  2.7  3.2 99.00 99.00 99.00 999 9999.0 999.0 999.0 999.0 99.0 99.00
2008 11 04 05 50  11  2.4  2.7 99.00 99.00 99.00 999 9999.0 999.0 999.0 999.0 99.0 99.00
2008 11 04 06 00   6  2.6  2.9 99.00 99.00 99.00 999 9999.0  10.4  13.5 999.0 99.0 99.00
2008 11 04 06 10   8  3.0  3.4 99.00 99.00 99.00 999 9999.0 999.0 999.0 999.0 99.0 99.00
2008 11 04 06 20  12  2.9  3.3 99.00 99.00 99.00 999 9999.0 999.0 999.0 999.0 99.0 99.00
2008 11 04 06 30  10  2.8  3.3 99.00 99.00 99.00 999 9999.0 999.0 999.0 999.0 99.0 99.00
2008 11 04 07 00   8  3.3  3.6 99.00 99.00 99.00 999 9999.0  10.3  13.5 999.0 99.0 99.00
2008 11 04 07 10  13  3.0  3.5 99.00 99.00 99.00 999 9999.0 999.0 999.0 999.0 99.0 99.00
2008 11 04 13 00 352  1.7  2.2 99.00 99.00 99.00 999 9999.0  11.7  13.6 999.0 99.0 99.00
2008 11 04 13 10 349  1.9  2.5 99.00 99.00 99.00 999 9999.0 999.0 999.0 999.0 99.0 99.00
2008 11 04 13 20 354  2.4  2.8 99.00 99.00 99.00 999 9999.0 999.0 999.0 999.0 99.0 99.00
2008 11 04 13 30 353  2.1  2.6 99.00 99.00 99.00 999 9999.0 999.0 999.0 999.0 99.0 99.00
2008 11 04 13 40  11  1.0  1.9 99.00 99.00 99.00 999 9999.0 999.0 999.0 999.0 99.0 99.00
2008 11 04 13 50  51  1.4  2.2 99.00 99.00 99.00 999 9999.0 999.0 999.0 999.0 99.0 99.00
2008 11 04 14 00  69  1.6  2.1 99.00 99.00 99.00 999 9999.0  12.9  13.6 999.0 99.0 99.00
2008 11 04 14 10  75  1.4  2.2 99.00 99.00 99.00 999 9999.0 999.0 999.0 999.0 99.0 99.00
2008 11 04 14 20  85  2.0  3.0 99.00 99.00 99.00 999 9999.0 999.0 999.0 999.0 99.0 99.00
2008 11 04 14 30  73  2.6  4.0 99.00 99.00 99.00 999 9999.0 999.0 999.0 999.0 99.0 99.00
2008 11 04 14 40  54  2.4  3.4 99.00 99.00 99.00 999 9999.0 999.0 999.0 999.0 99.0 99.00
2008 11 04 14 50  59  2.7  3.6 99.00 99.00 99.00 999 9999.0 999.0 999.0 999.0 99.0 99.00
2008 11 04 15 00  75  2.7  3.7 99.00 99.00 99.00 999 9999.0  13.7  13.7 999.0 99.0 99.00
2008 11 04 15 10  73  2.8  3.8 99.00 99.00 99.00 999 9999.0 999.0 999.0 999.0 99.0 99.00
2008 11 04 15 20  89  1.8  2.9 99.00 99.00 99.00 999 9999.0 999.0 999.0 999.0 99.0 99.00
2008 11 04 15 30  93  1.6  2.4 99.00 99.00 99.00 999 9999.0 999.0 999.0 999.0 99.0 99.00
2008 11 04 15 40 116  1.6  2.3 99.00 99.00 99.00 999 9999.0 999.0 999.0 999.0 99.0 99.00
2008 11 04 15 50 103  1.5  2.0 99.00 99.00 99.00 999 9999.0 999.0 999.0 999.0 99.0 99.00
2008 11 04 16 00 108  2.2  2.8 99.00 99.00 99.00 999 9999.0  14.0  13.7 999.0 99.0 99.00
2008 11 04 16 10  95  2.8  3.4 99.00 99.00 99.00 999 9999.0 999.0 999.0 999.0 99.0 99.00
2008 11 04 16 20  88  2.8  3.6 99.00 99.00 99.00 999 9999.0 999.0 999.0 999.0 99.0 99.00
2008 11 04 16 30  84  2.2  3.0 99.00 99.00 99.00 999 9999.0 999.0 999.0 999.0 99.0 99.00
2008 11 04 16 40  83  2.7  4.1 99.00 99.00 99.00 999 9999.0 999.0 999.0 999.0 99.0 99.00
2008 11 04 16 50  73  3.2  4.1 99.00 99.00 99.00 999 9999.0 999.0 999.0 999.0 99.0 99.00
2008 11 04 17 00  80  3.2  4.5 99.00 99.00 99.00 999 9999.0  15.0  13.8 999.0 99.0 99.00
2008 11 04 17 10  89  2.9  3.6 99.00 99.00 99.00 999 9999.0 999.0 999.0 999.0 99.0 99.00
2008 11 04 17 20  89  3.0  3.9 99.00 99.00 99.00 999 9999.0 999.0 999.0 999.0 99.0 99.00
2008 11 04 17 30  96  3.8  5.2 99.00 99.00 99.00 999 9999.0 999.0 999.0 999.0 99.0 99.00
2008 11 04 17 40  95  3.3  5.5 99.00 99.00 99.00 999 9999.0 999.0 999.0 999.0 99.0 99.00
2008 11 04 17 50  96  2.8  4.0 99.00 99.00 99.00 999 9999.0 999.0 999.0 999.0 99.0 99.00
2008 11 04 18 00  96  2.4  3.0 99.00 99.00 99.00 999 9999.0  14.9  13.8 999.0 99.0 99.00
2008 11 04 18 10  93  3.3  5.1 99.00 99.00 99.00 999 9999.0 999.0 999.0 999.0 99.0 99.00
2008 11 04 18 20  88  3.3  4.1 99.00 99.00 99.00 999 9999.0 999.0 999.0 999.0 99.0 99.00
2008 11 04 18 30  72  2.9  3.8 99.00 99.00 99.00 999 9999.0 999.0 999.0 999.0 99.0 99.00
2008 11 04 18 40  72  3.2  4.6 99.00 99.00 99.00 999 9999.0 999.0 999.0 999.0 99.0 99.00
2008 11 04 18 50  81  4.0  4.7 99.00 99.00 99.00 999 9999.0 999.0 999.0 999.0 99.0 99.00
2008 11 04 19 00  94  3.6  4.3 99.00 99.00 99.00 999 9999.0  15.1  13.7 999.0 99.0 99.00
2008 11 04 19 10  97  2.9  3.9 99.00 99.00 99.00 999 9999.0 999.0 999.0 999.0 99.0 99.00
2008 11 04 19 20 101  3.7  4.4 99.00 99.00 99.00 999 9999.0 999.0 999.0 999.0 99.0 99.00
2008 11 04 19 30  95  3.6  4.4 99.00 99.00 99.00 999 9999.0 999.0 999.0 999.0 99.0 99.00
2008 11 04 19 40  75  3.0  4.6 99.00 99.00 99.00 999 9999.0 999.0 999.0 999.0 99.0 99.00
2008 11 04 19 50  75  2.3  3.8 99.00 99.00 99.00 999 9999.0 999.0 999.0 999.0 99.0 99.00
2008 11 04 20 00  48  1.6  2.4 99.00 99.00 99.00 999 9999.0  14.3  13.8 999.0 99.0 99.00
2008 11 04 20 10  41  2.3  3.1 99.00 99.00 99.00 999 9999.0 999.0 999.0 999.0 99.0 99.00
2008 11 04 20 20  43  1.8  2.4 99.00 99.00 99.00 999 9999.0 999.0 999.0 999.0 99.0 99.00
2008 11 04 20 30  31  1.6  2.0 99.00 99.00 99.00 999 9999.0 999.0 999.0 999.0 99.0 99.00
2008 11 04 20 40   9  1.7  2.2 99.00 99.00 99.00 999 9999.0 999.0 999.0 999.0 99.0 99.00
2008 11 04 20 50  12  1.3  1.8 99.00 99.00 99.00 999 9999.0 999.0 999.0 999.0 99.0 99.00
2008 11 04 21 00  13  0.8  1.1 99.00 99.00 99.00 999 9999.0  14.3  13.8 999.0 99.0 99.00
2008 11 04 21 10 355  1.1  1.2 99.00 99.00 99.00 999 9999.0 999.0 999.0 999.0 99.0 99.00
2008 11 04 21 20 356  1.4  1.7 99.00 99.00 99.00 999 9999.0 999.0 999.0 999.0 99.0 99.00
2008 11 04 21 30   5  1.6  2.0 99.00 99.00 99.00 999 9999.0 999.0 999.0 999.0 99.0 99.00
2008 11 04 21 40 357  2.0  2.3 99.00 99.00 99.00 999 9999.0 999.0 999.0 999.0 99.0 99.00
2008 11 04 21 50 358  1.9  2.1 99.00 99.00 99.00 999 9999.0 999.0 999.0 999.0 99.0 99.00
2008 11 04 22 00 359  2.0  2.3 99.00 99.00 99.00 999 9999.0  14.0  13.8 999.0 99.0 99.00
2008 11 04 22 10 359  1.5  1.8 99.00 99.00 99.00 999 9999.0 999.0 999.0 999.0 99.0 99.00
2008 11 04 22 20   3  1.5  1.8 99.00 99.00 99.00 999 9999.0 999.0 999.0 999.0 99.0 99.00
2008 11 04 22 30 357  1.5  1.8 99.00 99.00 99.00 999 9999.0 999.0 999.0 999.0 99.0 99.00
2008 11 04 22 40   2  2.1  2.7 99.00 99.00 99.00 999 9999.0 999.0 999.0 999.0 99.0 99.00
2008 11 04 22 50   0  2.6  3.0 99.00 99.00 99.00 999 9999.0 999.0 999.0 999.0 99.0 99.00
2008 11 04 23 00   3  1.8  2.4 99.00 99.00 99.00 999 9999.0  13.7  13.8 999.0 99.0 99.00
2008 11 04 23 10   3  1.5  1.7 99.00 99.00 99.00 999 9999.0 999.0 999.0 999.0 99.0 99.00
2008 11 04 23 20   7  1.7  2.1 99.00 99.00 99.00 999 9999.0 999.0 999.0 999.0 99.0 99.00
2008 11 04 23 30   3  2.2  2.9 99.00 99.00 99.00 999 9999.0 999.0 999.0 999.0 99.0 99.00
2008 11 04 23 40   0  2.8  3.2 99.00 99.00 99.00 999 9999.0 999.0 999.0 999.0 99.0 99.00
2008 11 04 23 50 358  2.9  3.2 99.00 99.00 99.00 999 9999.0 999.0 999.0 999.0 99.0 99.00
2008 11 05 00 00  10  2.3  2.7 99.00 99.00 99.00 999 9999.0  13.6  13.8 999.0 99.0 99.00
2008 11 05 00 10  14  2.1  2.7 99.00 99.00 99.00 999 9999.0 999.0 999.0 999.0 99.0 99.00
2008 11 05 00 20   6  2.1  2.5 99.00 99.00 99.00 999 9999.0 999.0 999.0 999.0 99.0 99.00
2008 11 05 00 30   7  2.4  2.7 99.00 99.00 99.00 999 9999.0 999.0 999.0 999.0 99.0 99.00
2008 11 05 00 40   7  2.5  2.9 99.00 99.00 99.00 999 9999.0 999.0 999.0 999.0 99.0 99.00
2008 11 05 00 50   0  2.7  3.1 99.00 99.00 99.00 999 9999.0 999.0 999.0 999.0 99.0 99.00
2008 11 05 01 00   2  3.0  3.6 99.00 99.00 99.00 999 9999.0  13.4  13.8 999.0 99.0 99.00
2008 11 05 01 10   7  3.1  3.5 99.00 99.00 99.00 999 9999.0 999.0 999.0 999.0 99.0 99.00
2008 11 05 01 20   7  2.8  3.2 99.00 99.00 99.00 999 9999.0 999.0 999.0 999.0 99.0 99.00
2008 11 05 01 30   8  3.1  3.7 99.00 99.00 99.00 999 9999.0 999.0 999.0 999.0 99.0 99.00
2008 11 05 01 40   0  2.9  3.4 99.00 99.00 99.00 999 9999.0 999.0 999.0 999.0 99.0 99.00
2008 11 05 01 50   3  3.0  3.5 99.00 99.00 99.00 999 9999.0 999.0 999.0 999.0 99.0 99.00
2008 11 05 02 00   5  2.4  3.2 99.00 99.00 99.00 999 9999.0  13.5  13.7 999.0 99.0 99.00
2008 11 05 02 10  12  1.7  2.4 99.00 99.00 99.00 999 9999.0 999.0 999.0 999.0 99.0 99.00
2008 11 05 02 20  18  1.5  1.9 99.00 99.00 99.00 999 9999.0 999.0 999.0 999.0 99.0 99.00
2008 11 05 02 30  60  1.3  1.9 99.00 99.00 99.00 999 9999.0 999.0 999.0 999.0 99.0 99.00
2008 11 05 02 40  77  1.6  1.9 99.00 99.00 99.00 999 9999.0 999.0 999.0 999.0 99.0 99.00
2008 11 05 02 50  60  1.4  1.9 99.00 99.00 99.00 999 9999.0 999.0 999.0 999.0 99.0 99.00
2008 11 05 03 00  21  1.7  2.4 99.00 99.00 99.00 999 9999.0  13.7  13.7 999.0 99.0 99.00
2008 11 05 03 10 355  2.6  3.2 99.00 99.00 99.00 999 9999.0 999.0 999.0 999.0 99.0 99.00
2008 11 05 03 20  23  4.0  5.1 99.00 99.00 99.00 999 9999.0 999.0 999.0 999.0 99.0 99.00
2008 11 05 03 30  46  3.8  5.4 99.00 99.00 99.00 999 9999.0 999.0 999.0 999.0 99.0 99.00
2008 11 05 03 40  66  3.2  4.6 99.00 99.00 99.00 999 9999.0 999.0 999.0 999.0 99.0 99.00
2008 11 05 03 50  84  2.7  3.8 99.00 99.00 99.00 999 9999.0 999.0 999.0 999.0 99.0 99.00
2008 11 05 04 00  54  3.3  4.3 99.00 99.00 99.00 999 9999.0  13.9  13.7 999.0 99.0 99.00
2008 11 05 04 10  38  2.3  3.7 99.00 99.00 99.00 999 9999.0 999.0 999.0 999.0 99.0 99.00
2008 11 05 04 20  33  2.0  2.7 99.00 99.00 99.00 999 9999.0 999.0 999.0 999.0 99.0 99.00
2008 11 05 04 30  21  2.1  2.7 99.00 99.00 99.00 999 9999.0 999.0 999.0 999.0 99.0 99.00
2008 11 05 04 40  25  1.8  2.4 99.00 99.00 99.00 999 9999.0 999.0 999.0 999.0 99.0 99.00
2008 11 05 04 50  21  2.2  3.1 99.00 99.00 99.00 999 9999.0 999.0 999.0 999.0 99.0 99.00
2008 11 05 05 00  18  2.5  3.2 99.00 99.00 99.00 999 9999.0  13.6  13.7 999.0 99.0 99.00
2008 11 05 05 10  15  2.6  3.2 99.00 99.00 99.00 999 9999.0 999.0 999.0 999.0 99.0 99.00
2008 11 05 05 20   7  2.0  2.6 99.00 99.00 99.00 999 9999.0 999.0 999.0 999.0 99.0 99.00
2008 11 05 05 30   5  1.4  2.1 99.00 99.00 99.00 999 9999.0 999.0 999.0 999.0 99.0 99.00
2008 11 05 05 40  16  1.8  2.3 99.00 99.00 99.00 999 9999.0 999.0 999.0 999.0 99.0 99.00
2008 11 05 05 50   7  1.9  2.4 99.00 99.00 99.00 999 9999.0 999.0 999.0 999.0 99.0 99.00
2008 11 05 06 00 348  1.8  2.4 99.00 99.00 99.00 999 9999.0  13.2  13.7 999.0 99.0 99.00
2008 11 05 06 10   2  2.6  3.0 99.00 99.00 99.00 999 9999.0 999.0 999.0 999.0 99.0 99.00
2008 11 05 06 20   1  3.1  3.9 99.00 99.00 99.00 999 9999.0 999.0 999.0 999.0 99.0 99.00
2008 11 05 06 30   3  3.0  3.7 99.00 99.00 99.00 999 9999.0 999.0 999.0 999.0 99.0 99.00
2008 11 05 06 40  10  3.0  3.6 99.00 99.00 99.00 999 9999.0 999.0 999.0 999.0 99.0 99.00
2008 11 05 06 50   6  3.0  3.7 99.00 99.00 99.00 999 9999.0 999.0 999.0 999.0 99.0 99.00
2008 11 05 07 00  12  3.5  4.0 99.00 99.00 99.00 999 9999.0  13.2  13.7 999.0 99.0 99.00
2008 11 05 07 10  21  3.5  4.3 99.00 99.00 99.00 999 9999.0 999.0 999.0 999.0 99.0 99.00
2008 11 05 07 20  26  2.4  4.1 99.00 99.00 99.00 999 9999.0 999.0 999.0 999.0 99.0 99.00
2008 11 05 07 30  30  2.5  3.3 99.00 99.00 99.00 999 9999.0 999.0 999.0 999.0 99.0 99.00
2008 11 05 07 40  18  2.3  3.4 99.00 99.00 99.00 999 9999.0 999.0 999.0 999.0 99.0 99.00
2008 11 05 07 50   7  3.2  4.6 99.00 99.00 99.00 999 9999.0 999.0 999.0 999.0 99.0 99.00
2008 11 05 08 00  12  3.3  4.0 99.00 99.00 99.00 999 9999.0  13.4  13.7 999.0 99.0 99.00
2008 11 05 08 10  15  2.7  3.6 99.00 99.00 99.00 999 9999.0 999.0 999.0 999.0 99.0 99.00
2008 11 05 08 20  22  2.7  3.6 99.00 99.00 99.00 999 9999.0 999.0 999.0 999.0 99.0 99.00
2008 11 05 08 30  29  2.5  3.2 99.00 99.00 99.00 999 9999.0 999.0 999.0 999.0 99.0 99.00
2008 11 05 08 40  22  3.1  4.2 99.00 99.00 99.00 999 9999.0 999.0 999.0 999.0 99.0 99.00
2008 11 05 08 50  21  4.0  5.0 99.00 99.00 99.00 999 9999.0 999.0 999.0 999.0 99.0 99.00
2008 11 05 09 00  23  4.2  5.9 99.00 99.00 99.00 999 9999.0  13.5  13.7 999.0 99.0 99.00
2008 11 05 09 10  26  4.2  6.3 99.00 99.00 99.00 999 9999.0 999.0 999.0 999.0 99.0 99.00
2008 11 05 09 20  27  3.7  4.9 99.00 99.00 99.00 999 9999.0 999.0 999.0 999.0 99.0 99.00
2008 11 05 09 30  31  2.3  3.6 99.00 99.00 99.00 999 9999.0 999.0 999.0 999.0 99.0 99.00
2008 11 05 09 40  24  2.4  3.4 99.00 99.00 99.00 999 9999.0 999.0 999.0 999.0 99.0 99.00
2008 11 05 09 50  40  1.7  3.4 99.00 99.00 99.00 999 9999.0 999.0 999.0 999.0 99.0 99.00
2008 11 05 15 00 359  4.0  4.8 99.00 99.00 99.00 999 9999.0  14.6  13.5 999.0 99.0 99.00
2008 11 05 15 10  12  3.7  5.3 99.00 99.00 99.00 999 9999.0 999.0 999.0 999.0 99.0 99.00
2008 11 05 15 20   2  3.6  5.3 99.00 99.00 99.00 999 9999.0 999.0 999.0 999.0 99.0 99.00
2008 11 05 15 30   5  3.5  4.5 99.00 99.00 99.00 999 9999.0 999.0 999.0 999.0 99.0 99.00
2008 11 05 15 40  34  4.4  6.2 99.00 99.00 99.00 999 9999.0 999.0 999.0 999.0 99.0 99.00
2008 11 05 15 50  43  5.0  6.8 99.00 99.00 99.00 999 9999.0 999.0 999.0 999.0 99.0 99.00
2008 11 05 16 00  38  5.1  7.0 99.00 99.00 99.00 999 9999.0  16.3  13.4 999.0 99.0 99.00
2008 11 05 16 10  41  4.6  7.5 99.00 99.00 99.00 999 9999.0 999.0 999.0 999.0 99.0 99.00
2008 11 05 16 20  45  5.5  7.6 99.00 99.00 99.00 999 9999.0 999.0 999.0 999.0 99.0 99.00
2008 11 05 16 30  43  4.7  6.1 99.00 99.00 99.00 999 9999.0 999.0 999.0 999.0 99.0 99.00
2008 11 05 16 40  39  5.2  7.1 99.00 99.00 99.00 999 9999.0 999.0 999.0 999.0 99.0 99.00
2008 11 05 16 50  39  4.8  6.8 99.00 99.00 99.00 999 9999.0 999.0 999.0 999.0 99.0 99.00
2008 11 05 17 00  43  5.2  7.6 99.00 99.00 99.00 999 9999.0  17.2  13.4 999.0 99.0 99.00
2008 11 05 17 10  41  5.3  7.4 99.00 99.00 99.00 999 9999.0 999.0 999.0 999.0 99.0 99.00
2008 11 05 17 20  42  5.3  7.9 99.00 99.00 99.00 999 9999.0 999.0 999.0 999.0 99.0 99.00
2008 11 05 17 30  46  5.9  9.1 99.00 99.00 99.00 999 9999.0 999.0 999.0 999.0 99.0 99.00
2008 11 05 17 40  42  6.0  8.5 99.00 99.00 99.00 999 9999.0 999.0 999.0 999.0 99.0 99.00
2008 11 05 17 50  37  5.4  8.5 99.00 99.00 99.00 999 9999.0 999.0 999.0 999.0 99.0 99.00
2008 11 05 18 00  36  4.7  7.1 99.00 99.00 99.00 999 9999.0  17.6  13.4 999.0 99.0 99.00
2008 11 05 18 10  34  5.2  7.5 99.00 99.00 99.00 999 9999.0 999.0 999.0 999.0 99.0 99.00
2008 11 05 18 20  31  5.8  9.2 99.00 99.00 99.00 999 9999.0 999.0 999.0 999.0 99.0 99.00
2008 11 05 18 30  30  5.0  7.5 99.00 99.00 99.00 999 9999.0 999.0 999.0 999.0 99.0 99.00
2008 11 05 18 40  26  5.7  7.7 99.00 99.00 99.00 999 9999.0 999.0 999.0 999.0 99.0 99.00
2008 11 05 18 50  28  5.3  7.6 99.00 99.00 99.00 999 9999.0 999.0 999.0 999.0 99.0 99.00
2008 11 05 19 00  27  5.2  7.5 99.00 99.00 99.00 999 9999.0  17.5  13.4 999.0 99.0 99.00
2008 11 05 19 10  27  5.5  7.9 99.00 99.00 99.00 999 9999.0 999.0 999.0 999.0 99.0 99.00
2008 11 05 19 20  31  5.4  7.5 99.00 99.00 99.00 999 9999.0 999.0 999.0 999.0 99.0 99.00
2008 11 05 19 30  31  6.0  9.1 99.00 99.00 99.00 999 9999.0 999.0 999.0 999.0 99.0 99.00
2008 11 05 19 40  33  5.5  8.0 99.00 99.00 99.00 999 9999.0 999.0 999.0 999.0 99.0 99.00
2008 11 05 19 50  36  5.5  8.4 99.00 99.00 99.00 999 9999.0 999.0 999.0 999.0 99.0 99.00
2008 11 05 20 00  36  5.4  8.4 99.00 99.00 99.00 999 9999.0  17.5  13.5 999.0 99.0 99.00
2008 11 05 20 10  26  5.9  9.0 99.00 99.00 99.00 999 9999.0 999.0 999.0 999.0 99.0 99.00
2008 11 05 20 20  29  5.7  8.7 99.00 99.00 99.00 999 9999.0 999.0 999.0 999.0 99.0 99.00
2008 11 05 20 30  35  5.2  8.2 99.00 99.00 99.00 999 9999.0 999.0 999.0 999.0 99.0 99.00
2008 11 05 20 40  29  5.4  7.9 99.00 99.00 99.00 999 9999.0 999.0 999.0 999.0 99.0 99.00
2008 11 05 20 50  27  5.1  7.5 99.00 99.00 99.00 999 9999.0 999.0 999.0 999.0 99.0 99.00
2008 11 05 21 00  23  4.7  7.6 99.00 99.00 99.00 999 9999.0  17.3  13.5 999.0 99.0 99.00
2008 11 05 21 10  24  4.8  7.9 99.00 99.00 99.00 999 9999.0 999.0 999.0 999.0 99.0 99.00
2008 11 05 21 20  32  4.8  7.3 99.00 99.00 99.00 999 9999.0 999.0 999.0 999.0 99.0 99.00
2008 11 05 21 30  31  4.6  7.0 99.00 99.00 99.00 999 9999.0 999.0 999.0 999.0 99.0 99.00
2008 11 05 21 40  27  5.2  7.4 99.00 99.00 99.00 999 9999.0 999.0 999.0 999.0 99.0 99.00
2008 11 05 21 50  25  5.2  7.3 99.00 99.00 99.00 999 9999.0 999.0 999.0 999.0 99.0 99.00
2008 11 05 22 00  26  5.5  7.6 99.00 99.00 99.00 999 9999.0  17.0  13.6 999.0 99.0 99.00
2008 11 05 22 10  30  5.2  6.9 99.00 99.00 99.00 999 9999.0 999.0 999.0 999.0 99.0 99.00
2008 11 05 22 20  28  5.0  7.2 99.00 99.00 99.00 999 9999.0 999.0 999.0 999.0 99.0 99.00
2008 11 05 22 30  27  4.8  6.7 99.00 99.00 99.00 999 9999.0 999.0 999.0 999.0 99.0 99.00
2008 11 05 22 40  29  4.3  6.6 99.00 99.00 99.00 999 9999.0 999.0 999.0 999.0 99.0 99.00
2008 11 05 22 50  22  5.0  6.7 99.00 99.00 99.00 999 9999.0 999.0 999.0 999.0 99.0 99.00
2008 11 05 23 00  17  4.9  7.0 99.00 99.00 99.00 999 9999.0  16.6  13.4 999.0 99.0 99.00
2008 11 05 23 10  14  5.2  7.2 99.00 99.00 99.00 999 9999.0 999.0 999.0 999.0 99.0 99.00
2008 11 05 23 20  11  5.3  6.8 99.00 99.00 99.00 999 9999.0 999.0 999.0 999.0 99.0 99.00
2008 11 05 23 30  12  6.1  9.0 99.00 99.00 99.00 999 9999.0 999.0 999.0 999.0 99.0 99.00
2008 11 05 23 40   8  6.1  7.8 99.00 99.00 99.00 999 9999.0 999.0 999.0 999.0 99.0 99.00
2008 11 05 23 50  17  5.1  7.3 99.00 99.00 99.00 999 9999.0 999.0 999.0 999.0 99.0 99.00
2008 11 06 00 00  22  4.9  7.4 99.00 99.00 99.00 999 9999.0  16.6  13.3 999.0 99.0 99.00
2008 11 06 00 10  20  5.3  6.9 99.00 99.00 99.00 999 9999.0 999.0 999.0 999.0 99.0 99.00
2008 11 06 00 20  24  5.8  8.2 99.00 99.00 99.00 999 9999.0 999.0 999.0 999.0 99.0 99.00
2008 11 06 00 30  23  5.4  7.9 99.00 99.00 99.00 999 9999.0 999.0 999.0 999.0 99.0 99.00
2008 11 06 00 40  25  5.6  8.2 99.00 99.00 99.00 999 9999.0 999.0 999.0 999.0 99.0 99.00
2008 11 06 00 50  36  5.8  8.3 99.00 99.00 99.00 999 9999.0 999.0 999.0 999.0 99.0 99.00
2008 11 06 01 00  37  6.6 10.7 99.00 99.00 99.00 999 9999.0  16.3  13.2 999.0 99.0 99.00
2008 11 06 01 10  38  6.5  9.3 99.00 99.00 99.00 999 9999.0 999.0 999.0 999.0 99.0 99.00
2008 11 06 01 20  40  6.1  9.5 99.00 99.00 99.00 999 9999.0 999.0 999.0 999.0 99.0 99.00
2008 11 06 01 30  39  7.1 10.1 99.00 99.00 99.00 999 9999.0 999.0 999.0 999.0 99.0 99.00
2008 11 06 01 40  39  7.0  9.8 99.00 99.00 99.00 999 9999.0 999.0 999.0 999.0 99.0 99.00
2008 11 06 01 50  36  6.4 10.6 99.00 99.00 99.00 999 9999.0 999.0 999.0 999.0 99.0 99.00
2008 11 06 02 00  36  6.8 10.5 99.00 99.00 99.00 999 9999.0  15.0  13.0 999.0 99.0 99.00
2008 11 06 02 10  34  6.5  9.9 99.00 99.00 99.00 999 9999.0 999.0 999.0 999.0 99.0 99.00
2008 11 06 02 20  29  6.2  8.9 99.00 99.00 99.00 999 9999.0 999.0 999.0 999.0 99.0 99.00
2008 11 06 02 30  25  6.7  9.3 99.00 99.00 99.00 999 9999.0 999.0 999.0 999.0 99.0 99.00
2008 11 06 02 40  25  7.0 11.1 99.00 99.00 99.00 999 9999.0 999.0 999.0 999.0 99.0 99.00
2008 11 06 02 50  28  6.8 10.5 99.00 99.00 99.00 999 9999.0 999.0 999.0 999.0 99.0 99.00
2008 11 06 03 00  37  7.4 11.0 99.00 99.00 99.00 999 9999.0  14.8  12.8 999.0 99.0 99.00
2008 11 06 03 10  30  6.2  8.5 99.00 99.00 99.00 999 9999.0 999.0 999.0 999.0 99.0 99.00
2008 11 06 03 20  27  6.6 10.6 99.00 99.00 99.00 999 9999.0 999.0 999.0 999.0 99.0 99.00
2008 11 06 03 30  24  7.0 10.8 99.00 99.00 99.00 999 9999.0 999.0 999.0 999.0 99.0 99.00
2008 11 06 03 40  19  7.4 10.0 99.00 99.00 99.00 999 9999.0 999.0 999.0 999.0 99.0 99.00
2008 11 06 03 50  28  7.9 10.7 99.00 99.00 99.00 999 9999.0 999.0 999.0 999.0 99.0 99.00
2008 11 06 04 00  25  7.3 11.3 99.00 99.00 99.00 999 9999.0  14.7  12.7 999.0 99.0 99.00
2008 11 06 04 10  27  7.6 11.4 99.00 99.00 99.00 999 9999.0 999.0 999.0 999.0 99.0 99.00
2008 11 06 04 20  26  7.6 10.4 99.00 99.00 99.00 999 9999.0 999.0 999.0 999.0 99.0 99.00
2008 11 06 04 30  21  7.7 11.9 99.00 99.00 99.00 999 9999.0 999.0 999.0 999.0 99.0 99.00
2008 11 06 04 40  19  7.9 11.0 99.00 99.00 99.00 999 9999.0 999.0 999.0 999.0 99.0 99.00
2008 11 06 04 50  23  7.7 11.6 99.00 99.00 99.00 999 9999.0 999.0 999.0 999.0 99.0 99.00
2008 11 06 05 00  28  7.1 11.8 99.00 99.00 99.00 999 9999.0  15.5  12.7 999.0 99.0 99.00
2008 11 06 05 10  25  7.8 12.2 99.00 99.00 99.00 999 9999.0 999.0 999.0 999.0 99.0 99.00
2008 11 06 05 20  27  8.3 11.2 99.00 99.00 99.00 999 9999.0 999.0 999.0 999.0 99.0 99.00
2008 11 06 05 30  23  8.4 11.3 99.00 99.00 99.00 999 9999.0 999.0 999.0 999.0 99.0 99.00
2008 11 06 05 40  22  8.5 11.9 99.00 99.00 99.00 999 9999.0 999.0 999.0 999.0 99.0 99.00
2008 11 06 05 50  23  8.3 12.1 99.00 99.00 99.00 999 9999.0 999.0 999.0 999.0 99.0 99.00
2008 11 06 06 00  23  8.1 12.2 99.00 99.00 99.00 999 9999.0  15.7  12.7 999.0 99.0 99.00
2008 11 06 06 10  24  8.4 12.3 99.00 99.00 99.00 999 9999.0 999.0 999.0 999.0 99.0 99.00
2008 11 06 06 20  23  8.3 11.8 99.00 99.00 99.00 999 9999.0 999.0 999.0 999.0 99.0 99.00
2008 11 06 06 30  28  8.7 13.2 99.00 99.00 99.00 999 9999.0 999.0 999.0 999.0 99.0 99.00
2008 11 06 06 40  23  9.0 12.9 99.00 99.00 99.00 999 9999.0 999.0 999.0 999.0 99.0 99.00
2008 11 06 06 50  28  8.4 11.7 99.00 99.00 99.00 999 9999.0 999.0 999.0 999.0 99.0 99.00
2008 11 06 07 00  25  8.1 11.2 99.00 99.00 99.00 999 9999.0  15.4  12.7 999.0 99.0 99.00
2008 11 06 07 10  19  8.3 12.5 99.00 99.00 99.00 999 9999.0 999.0 999.0 999.0 99.0 99.00
2008 11 06 07 20  21  7.7 11.0 99.00 99.00 99.00 999 9999.0 999.0 999.0 999.0 99.0 99.00
2008 11 06 07 30  23  7.6 11.3 99.00 99.00 99.00 999 9999.0 999.0 999.0 999.0 99.0 99.00
2008 11 06 07 40  21  7.1 10.5 99.00 99.00 99.00 999 9999.0 999.0 999.0 999.0 99.0 99.00
2008 11 06 07 50  21  7.2 10.6 99.00 99.00 99.00 999 9999.0 999.0 999.0 999.0 99.0 99.00
2008 11 06 08 00  21  6.9 11.8 99.00 99.00 99.00 999 9999.0  15.4  12.7 999.0 99.0 99.00
2008 11 06 08 10  25  6.5  8.5 99.00 99.00 99.00 999 9999.0 999.0 999.0 999.0 99.0 99.00
2008 11 06 08 20  24  7.0 10.3 99.00 99.00 99.00 999 9999.0 999.0 999.0 999.0 99.0 99.00
2008 11 06 08 30  23  7.1  9.8 99.00 99.00 99.00 999 9999.0 999.0 999.0 999.0 99.0 99.00
2008 11 06 08 40  24  7.1  9.9 99.00 99.00 99.00 999 9999.0 999.0 999.0 999.0 99.0 99.00
2008 11 06 08 50  25  7.1 10.6 99.00 99.00 99.00 999 9999.0 999.0 999.0 999.0 99.0 99.00
2008 11 06 23 00  30  6.0  9.4 99.00 99.00 99.00 999 9999.0  18.2  13.3 999.0 99.0 99.00
2008 11 06 23 10  27  4.5  6.1 99.00 99.00 99.00 999 9999.0 999.0 999.0 999.0 99.0 99.00
2008 11 06 23 20  31  3.9  6.6 99.00 99.00 99.00 999 9999.0 999.0 999.0 999.0 99.0 99.00
2008 11 06 23 30  26  4.3  6.2 99.00 99.00 99.00 999 9999.0 999.0 999.0 999.0 99.0 99.00
2008 11 06 23 40  26  4.0  6.0 99.00 99.00 99.00 999 9999.0 999.0 999.0 999.0 99.0 99.00
2008 11 06 23 50  21  4.0  6.6 99.00 99.00 99.00 999 9999.0 999.0 999.0 999.0 99.0 99.00
2008 11 07 00 00  18  4.0  5.6 99.00 99.00 99.00 999 9999.0  18.0  13.1 999.0 99.0 99.00
2008 11 07 00 10  22  3.7  6.1 99.00 99.00 99.00 999 9999.0 999.0 999.0 999.0 99.0 99.00
2008 11 07 00 20  34  4.2  6.6 99.00 99.00 99.00 999 9999.0 999.0 999.0 999.0 99.0 99.00
2008 11 07 00 30  38  4.5  7.0 99.00 99.00 99.00 999 9999.0 999.0 999.0 999.0 99.0 99.00
2008 11 07 00 40  32  3.9  6.9 99.00 99.00 99.00 999 9999.0 999.0 999.0 999.0 99.0 99.00
2008 11 07 00 50  26  4.1  5.7 99.00 99.00 99.00 999 9999.0 999.0 999.0 999.0 99.0 99.00
2008 11 07 01 00  35  3.0  5.6 99.00 99.00 99.00 999 9999.0  17.6  13.1 999.0 99.0 99.00
2008 11 07 01 10  32  4.0  6.0 99.00 99.00 99.00 999 9999.0 999.0 999.0 999.0 99.0 99.00
2008 11 07 01 20  22  3.8  4.7 99.00 99.00 99.00 999 9999.0 999.0 999.0 999.0 99.0 99.00
2008 11 07 01 30  18  3.4  5.0 99.00 99.00 99.00 999 9999.0 999.0 999.0 999.0 99.0 99.00
2008 11 07 01 40  18  3.5  5.8 99.00 99.00 99.00 999 9999.0 999.0 999.0 999.0 99.0 99.00
2008 11 07 01 50  11  3.5  5.7 99.00 99.00 99.00 999 9999.0 999.0 999.0 999.0 99.0 99.00
2008 11 07 02 00  20  3.5  5.4 99.00 99.00 99.00 999 9999.0  17.5  13.2 999.0 99.0 99.00
2008 11 07 02 10   1  2.1  3.0 99.00 99.00 99.00 999 9999.0 999.0 999.0 999.0 99.0 99.00
2008 11 07 02 20  20  3.5  6.3 99.00 99.00 99.00 999 9999.0 999.0 999.0 999.0 99.0 99.00
2008 11 07 02 30  32  3.6  5.4 99.00 99.00 99.00 999 9999.0 999.0 999.0 999.0 99.0 99.00
2008 11 07 02 40  36  3.6  5.5 99.00 99.00 99.00 999 9999.0 999.0 999.0 999.0 99.0 99.00
2008 11 07 02 50  40  3.7  5.4 99.00 99.00 99.00 999 9999.0 999.0 999.0 999.0 99.0 99.00
2008 11 07 03 00  35  3.7  5.9 99.00 99.00 99.00 999 9999.0  17.4  13.2 999.0 99.0 99.00
2008 11 07 03 10  25  3.5  5.2 99.00 99.00 99.00 999 9999.0 999.0 999.0 999.0 99.0 99.00
2008 11 07 03 20  27  3.4  4.8 99.00 99.00 99.00 999 9999.0 999.0 999.0 999.0 99.0 99.00
2008 11 07 03 30  25  3.6  4.9 99.00 99.00 99.00 999 9999.0 999.0 999.0 999.0 99.0 99.00
2008 11 07 03 40  14  2.9  4.0 99.00 99.00 99.00 999 9999.0 999.0 999.0 999.0 99.0 99.00
2008 11 07 03 50  12  2.6  3.5 99.00 99.00 99.00 999 9999.0 999.0 999.0 999.0 99.0 99.00
2008 11 07 04 00   3  2.7  3.6 99.00 99.00 99.00 999 9999.0  16.8  13.2 999.0 99.0 99.00
2008 11 07 04 10   1  3.2  3.7 99.00 99.00 99.00 999 9999.0 999.0 999.0 999.0 99.0 99.00
2008 11 07 04 20   7  2.9  3.5 99.00 99.00 99.00 999 9999.0 999.0 999.0 999.0 99.0 99.00
2008 11 07 04 30  12  2.9  4.3 99.00 99.00 99.00 999 9999.0 999.0 999.0 999.0 99.0 99.00
2008 11 07 04 40  20  3.2  4.9 99.00 99.00 99.00 999 9999.0 999.0 999.0 999.0 99.0 99.00
2008 11 07 04 50   7  3.1  3.6 99.00 99.00 99.00 999 9999.0 999.0 999.0 999.0 99.0 99.00
2008 11 07 05 00  22  3.0  3.6 99.00 99.00 99.00 999 9999.0  16.8  13.1 999.0 99.0 99.00
2008 11 07 05 10  18  3.2  4.6 99.00 99.00 99.00 999 9999.0 999.0 999.0 999.0 99.0 99.00
2008 11 07 05 20  14  3.8  5.3 99.00 99.00 99.00 999 9999.0 999.0 999.0 999.0 99.0 99.00
2008 11 07 05 30  14  3.7  5.4 99.00 99.00 99.00 999 9999.0 999.0 999.0 999.0 99.0 99.00
2008 11 07 05 40  10  3.3  4.1 99.00 99.00 99.00 999 9999.0 999.0 999.0 999.0 99.0 99.00
2008 11 07 05 50  14  3.7  4.6 99.00 99.00 99.00 999 9999.0 999.0 999.0 999.0 99.0 99.00
2008 11 07 06 00  11  4.3  5.5 99.00 99.00 99.00 999 9999.0  16.3  13.4 999.0 99.0 99.00
2008 11 07 06 10   3  4.4  5.4 99.00 99.00 99.00 999 9999.0 999.0 999.0 999.0 99.0 99.00
2008 11 07 06 20 348  3.6  4.6 99.00 99.00 99.00 999 9999.0 999.0 999.0 999.0 99.0 99.00
2008 11 07 06 30 342  3.9  4.5 99.00 99.00 99.00 999 9999.0 999.0 999.0 999.0 99.0 99.00
2008 11 07 06 50 352  3.0  3.8 99.00 99.00 99.00 999 9999.0 999.0 999.0 999.0 99.0 99.00
2008 11 07 07 00 358  3.2  3.9 99.00 99.00 99.00 999 9999.0  15.3  13.4 999.0 99.0 99.00
2008 11 07 07 20 345  2.6  3.5 99.00 99.00 99.00 999 9999.0 999.0 999.0 999.0 99.0 99.00
2008 11 07 07 30 358  2.7  3.1 99.00 99.00 99.00 999 9999.0 999.0 999.0 999.0 99.0 99.00
2008 11 07 07 40  10  2.2  2.6 99.00 99.00 99.00 999 9999.0 999.0 999.0 999.0 99.0 99.00
2008 11 07 07 50   6  1.5  1.9 99.00 99.00 99.00 999 9999.0 999.0 999.0 999.0 99.0 99.00
2008 11 07 08 00  13  1.6  1.9 99.00 99.00 99.00 999 9999.0  15.3  13.4 999.0 99.0 99.00
2008 11 07 08 10 329  1.8  2.5 99.00 99.00 99.00 999 9999.0 999.0 999.0 999.0 99.0 99.00
2008 11 07 08 20 328  2.0  2.5 99.00 99.00 99.00 999 9999.0 999.0 999.0 999.0 99.0 99.00
2008 11 07 08 30 348  2.0  2.3 99.00 99.00 99.00 999 9999.0 999.0 999.0 999.0 99.0 99.00
2008 11 07 08 40   4  2.0  2.4 99.00 99.00 99.00 999 9999.0 999.0 999.0 999.0 99.0 99.00
2008 11 07 08 50   6  1.8  2.1 99.00 99.00 99.00 999 9999.0 999.0 999.0 999.0 99.0 99.00
2008 11 07 09 00 357  1.5  1.9 99.00 99.00 99.00 999 9999.0  15.3  13.4 999.0 99.0 99.00
2008 11 07 09 10 321  2.2  2.6 99.00 99.00 99.00 999 9999.0 999.0 999.0 999.0 99.0 99.00
2008 11 07 09 20 323  2.1  2.8 99.00 99.00 99.00 999 9999.0 999.0 999.0 999.0 99.0 99.00
2008 11 07 09 30 348  1.6  2.2 99.00 99.00 99.00 999 9999.0 999.0 999.0 999.0 99.0 99.00
2008 11 07 09 40  17  1.6  1.9 99.00 99.00 99.00 999 9999.0 999.0 999.0 999.0 99.0 99.00
2008 11 07 09 50  18  1.4  1.8 99.00 99.00 99.00 999 9999.0 999.0 999.0 999.0 99.0 99.00
2008 11 07 10 00  11  1.7  1.9 99.00 99.00 99.00 999 9999.0  15.0  13.3 999.0 99.0 99.00
2008 11 07 10 10  13  1.5  1.9 99.00 99.00 99.00 999 9999.0 999.0 999.0 999.0 99.0 99.00
2008 11 07 10 20 345  0.8  1.3 99.00 99.00 99.00 999 9999.0 999.0 999.0 999.0 99.0 99.00
2008 11 07 10 30 324  1.5  2.0 99.00 99.00 99.00 999 9999.0 999.0 999.0 999.0 99.0 99.00
2008 11 07 10 40 323  1.7  1.9 99.00 99.00 99.00 999 9999.0 999.0 999.0 999.0 99.0 99.00
2008 11 07 10 50 345  1.6  1.9 99.00 99.00 99.00 999 9999.0 999.0 999.0 999.0 99.0 99.00
2008 11 07 11 00 353  1.5  1.7 99.00 99.00 99.00 999 9999.0  14.7  13.3 999.0 99.0 99.00
2008 11 07 11 10 347  1.3  1.7 99.00 99.00 99.00 999 9999.0 999.0 999.0 999.0 99.0 99.00
2008 11 07 11 20 338  1.6  2.1 99.00 99.00 99.00 999 9999.0 999.0 999.0 999.0 99.0 99.00
2008 11 07 11 30 338  1.8  2.2 99.00 99.00 99.00 999 9999.0 999.0 999.0 999.0 99.0 99.00
2008 11 07 11 40 346  1.6  2.0 99.00 99.00 99.00 999 9999.0 999.0 999.0 999.0 99.0 99.00
2008 11 07 11 50  14  1.3  1.8 99.00 99.00 99.00 999 9999.0 999.0 999.0 999.0 99.0 99.00
2008 11 07 12 00   9  1.7  2.4 99.00 99.00 99.00 999 9999.0  15.0  13.3 999.0 99.0 99.00
2008 11 07 12 10 350  1.5  2.4 99.00 99.00 99.00 999 9999.0 999.0 999.0 999.0 99.0 99.00
2008 11 07 12 20 330  1.5  2.2 99.00 99.00 99.00 999 9999.0 999.0 999.0 999.0 99.0 99.00
2008 11 07 12 30 352  0.8  1.2 99.00 99.00 99.00 999 9999.0 999.0 999.0 999.0 99.0 99.00
2008 11 07 12 40  45  1.4  2.0 99.00 99.00 99.00 999 9999.0 999.0 999.0 999.0 99.0 99.00
2008 11 07 12 50  20  1.2  2.0 99.00 99.00 99.00 999 9999.0 999.0 999.0 999.0 99.0 99.00
2008 11 07 13 00  22  1.4  1.9 99.00 99.00 99.00 999 9999.0  15.5  13.4 999.0 99.0 99.00
2008 11 07 13 10  17  2.2  3.3 99.00 99.00 99.00 999 9999.0 999.0 999.0 999.0 99.0 99.00
2008 11 07 13 20  18  3.0  4.0 99.00 99.00 99.00 999 9999.0 999.0 999.0 999.0 99.0 99.00
2008 11 07 13 30  26  2.1  3.1 99.00 99.00 99.00 999 9999.0 999.0 999.0 999.0 99.0 99.00
2008 11 07 13 40  32  3.0  5.0 99.00 99.00 99.00 999 9999.0 999.0 999.0 999.0 99.0 99.00
2008 11 07 13 50  31  2.1  3.7 99.00 99.00 99.00 999 9999.0 999.0 999.0 999.0 99.0 99.00
2008 11 07 14 00  32  2.0  3.1 99.00 99.00 99.00 999 9999.0  16.1  13.3 999.0 99.0 99.00
2008 11 07 14 10  29  2.0  2.8 99.00 99.00 99.00 999 9999.0 999.0 999.0 999.0 99.0 99.00
2008 11 07 14 20  27  3.1  5.0 99.00 99.00 99.00 999 9999.0 999.0 999.0 999.0 99.0 99.00
2008 11 07 14 30  31  3.1  6.0 99.00 99.00 99.00 999 9999.0 999.0 999.0 999.0 99.0 99.00
2008 11 07 14 40  36  2.7  4.3 99.00 99.00 99.00 999 9999.0 999.0 999.0 999.0 99.0 99.00
2008 11 07 14 50  44  2.6  3.7 99.00 99.00 99.00 999 9999.0 999.0 999.0 999.0 99.0 99.00
2008 11 07 15 00  51  2.8  4.7 99.00 99.00 99.00 999 9999.0  17.1  13.3 999.0 99.0 99.00
2008 11 07 15 10  56  2.5  3.5 99.00 99.00 99.00 999 9999.0 999.0 999.0 999.0 99.0 99.00
2008 11 07 15 20  41  2.2  3.1 99.00 99.00 99.00 999 9999.0 999.0 999.0 999.0 99.0 99.00
2008 11 07 15 30  45  2.2  3.6 99.00 99.00 99.00 999 9999.0 999.0 999.0 999.0 99.0 99.00
2008 11 07 15 40  44  2.5  3.7 99.00 99.00 99.00 999 9999.0 999.0 999.0 999.0 99.0 99.00
2008 11 07 15 50  35  1.3  3.2 99.00 99.00 99.00 999 9999.0 999.0 999.0 999.0 99.0 99.00
2008 11 07 16 00 113  1.2  2.6 99.00 99.00 99.00 999 9999.0  18.0  13.5 999.0 99.0 99.00
2008 11 07 16 10 130  1.5  3.3 99.00 99.00 99.00 999 9999.0 999.0 999.0 999.0 99.0 99.00
2008 11 07 16 20 132  2.1  2.7 99.00 99.00 99.00 999 9999.0 999.0 999.0 999.0 99.0 99.00
2008 11 07 16 30 146  2.5  3.4 99.00 99.00 99.00 999 9999.0 999.0 999.0 999.0 99.0 99.00
2008 11 07 16 40 152  2.9  3.7 99.00 99.00 99.00 999 9999.0 999.0 999.0 999.0 99.0 99.00
2008 11 07 16 50 141  3.4  4.0 99.00 99.00 99.00 999 9999.0 999.0 999.0 999.0 99.0 99.00
2008 11 07 17 00 135  3.6  4.0 99.00 99.00 99.00 999 9999.0  16.7  13.5 999.0 99.0 99.00
2008 11 07 17 10 137  3.2  3.9 99.00 99.00 99.00 999 9999.0 999.0 999.0 999.0 99.0 99.00
2008 11 07 17 20 143  2.8  3.3 99.00 99.00 99.00 999 9999.0 999.0 999.0 999.0 99.0 99.00
2008 11 07 17 30 165  1.9  2.7 99.00 99.00 99.00 999 9999.0 999.0 999.0 999.0 99.0 99.00
2008 11 07 17 40 208  1.9  2.4 99.00 99.00 99.00 999 9999.0 999.0 999.0 999.0 99.0 99.00
2008 11 07 17 50 192  2.0  2.4 99.00 99.00 99.00 999 9999.0 999.0 999.0 999.0 99.0 99.00
2008 11 07 18 00 197  2.6  2.8 99.00 99.00 99.00 999 9999.0  17.1  14.2 999.0 99.0 99.00
2008 11 07 18 10 218  2.6  2.9 99.00 99.00 99.00 999 9999.0 999.0 999.0 999.0 99.0 99.00
2008 11 07 18 20 223  2.3  2.7 99.00 99.00 99.00 999 9999.0 999.0 999.0 999.0 99.0 99.00
2008 11 07 18 30 228  2.4  3.1 99.00 99.00 99.00 999 9999.0 999.0 999.0 999.0 99.0 99.00
2008 11 07 18 40 210  2.2  2.6 99.00 99.00 99.00 999 9999.0 999.0 999.0 999.0 99.0 99.00
2008 11 07 18 50 209  2.0  3.0 99.00 99.00 99.00 999 9999.0 999.0 999.0 999.0 99.0 99.00
2008 11 07 19 00 198  2.6  3.1 99.00 99.00 99.00 999 9999.0  16.7  13.9 999.0 99.0 99.00
2008 11 07 19 10 197  2.5  3.0 99.00 99.00 99.00 999 9999.0 999.0 999.0 999.0 99.0 99.00
2008 11 07 19 20 189  2.6  2.9 99.00 99.00 99.00 999 9999.0 999.0 999.0 999.0 99.0 99.00
2008 11 07 19 30 177  3.0  3.5 99.00 99.00 99.00 999 9999.0 999.0 999.0 999.0 99.0 99.00
2008 11 07 19 40 176  3.0  3.5 99.00 99.00 99.00 999 9999.0 999.0 999.0 999.0 99.0 99.00
2008 11 07 19 50 200  3.0  3.6 99.00 99.00 99.00 999 9999.0 999.0 999.0 999.0 99.0 99.00
2008 11 07 20 00 202  2.5  3.4 99.00 99.00 99.00 999 9999.0  16.7  13.7 999.0 99.0 99.00
2008 11 07 20 10 195  2.3  2.6 99.00 99.00 99.00 999 9999.0 999.0 999.0 999.0 99.0 99.00
2008 11 07 20 20 191  2.4  2.5 99.00 99.00 99.00 999 9999.0 999.0 999.0 999.0 99.0 99.00
2008 11 07 20 30 193  2.5  2.7 99.00 99.00 99.00 999 9999.0 999.0 999.0 999.0 99.0 99.00
2008 11 07 20 40 194  2.0  2.4 99.00 99.00 99.00 999 9999.0 999.0 999.0 999.0 99.0 99.00
2008 11 07 20 50 161  1.7  1.9 99.00 99.00 99.00 999 9999.0 999.0 999.0 999.0 99.0 99.00
2008 11 07 21 00 157  2.0  2.3 99.00 99.00 99.00 999 9999.0  16.3  13.6 999.0 99.0 99.00
2008 11 07 21 10 173  2.1  2.4 99.00 99.00 99.00 999 9999.0 999.0 999.0 999.0 99.0 99.00
2008 11 07 21 20 183  2.2  2.5 99.00 99.00 99.00 999 9999.0 999.0 999.0 999.0 99.0 99.00
2008 11 07 21 30 198  2.1  2.4 99.00 99.00 99.00 999 9999.0 999.0 999.0 999.0 99.0 99.00
2008 11 07 21 40 209  1.9  2.3 99.00 99.00 99.00 999 9999.0 999.0 999.0 999.0 99.0 99.00
2008 11 07 21 50 218  2.4  2.6 99.00 99.00 99.00 999 9999.0 999.0 999.0 999.0 99.0 99.00
2008 11 07 22 00 208  2.2  2.5 99.00 99.00 99.00 999 9999.0  17.2  13.6 999.0 99.0 99.00
2008 11 07 22 10 211  2.1  2.3 99.00 99.00 99.00 999 9999.0 999.0 999.0 999.0 99.0 99.00
2008 11 07 22 20 214  1.7  2.1 99.00 99.00 99.00 999 9999.0 999.0 999.0 999.0 99.0 99.00
2008 11 07 22 30 211  1.4  1.6 99.00 99.00 99.00 999 9999.0 999.0 999.0 999.0 99.0 99.00
2008 11 07 22 40 155  1.4  2.5 99.00 99.00 99.00 999 9999.0 999.0 999.0 999.0 99.0 99.00
2008 11 07 22 50 102  1.8  2.4 99.00 99.00 99.00 999 9999.0 999.0 999.0 999.0 99.0 99.00
2008 11 07 23 00  95  2.0  2.4 99.00 99.00 99.00 999 9999.0  15.6  13.6 999.0 99.0 99.00
2008 11 07 23 10 103  2.1  2.3 99.00 99.00 99.00 999 9999.0 999.0 999.0 999.0 99.0 99.00
2008 11 07 23 20 131  1.8  2.2 99.00 99.00 99.00 999 9999.0 999.0 999.0 999.0 99.0 99.00
2008 11 07 23 30 182  1.8  2.1 99.00 99.00 99.00 999 9999.0 999.0 999.0 999.0 99.0 99.00
2008 11 07 23 40 183  1.6  2.0 99.00 99.00 99.00 999 9999.0 999.0 999.0 999.0 99.0 99.00
2008 11 07 23 50 172  1.6  2.1 99.00 99.00 99.00 999 9999.0 999.0 999.0 999.0 99.0 99.00
2008 11 08 00 00 132  1.7  2.2 99.00 99.00 99.00 999 9999.0  16.3  13.8 999.0 99.0 99.00
2008 11 08 00 10 104  1.7  1.9 99.00 99.00 99.00 999 9999.0 999.0 999.0 999.0 99.0 99.00
2008 11 08 00 20  99  2.4  2.7 99.00 99.00 99.00 999 9999.0 999.0 999.0 999.0 99.0 99.00
2008 11 08 00 40  95  2.1  2.3 99.00 99.00 99.00 999 9999.0 999.0 999.0 999.0 99.0 99.00
2008 11 08 00 50  98  2.0  2.3 99.00 99.00 99.00 999 9999.0 999.0 999.0 999.0 99.0 99.00
2008 11 08 01 00 104  2.1  2.5 99.00 99.00 99.00 999 9999.0  15.2  13.9 999.0 99.0 99.00
2008 11 08 01 10 102  1.9  2.3 99.00 99.00 99.00 999 9999.0 999.0 999.0 999.0 99.0 99.00
2008 11 08 01 20 103  1.4  2.0 99.00 99.00 99.00 999 9999.0 999.0 999.0 999.0 99.0 99.00
2008 11 08 01 30 126  1.1  1.5 99.00 99.00 99.00 999 9999.0 999.0 999.0 999.0 99.0 99.00
2008 11 08 01 40 144  1.0  1.3 99.00 99.00 99.00 999 9999.0 999.0 999.0 999.0 99.0 99.00
2008 11 08 01 50 121  0.9  1.1 99.00 99.00 99.00 999 9999.0 999.0 999.0 999.0 99.0 99.00
2008 11 08 02 00  92  0.1  0.5 99.00 99.00 99.00 999 9999.0  14.5  14.0 999.0 99.0 99.00
2008 11 08 02 10   0 99.0 99.0 99.00 99.00 99.00 999 9999.0 999.0 999.0 999.0 99.0 99.00
2008 11 08 02 20 134  0.2  0.8 99.00 99.00 99.00 999 9999.0 999.0 999.0 999.0 99.0 99.00
2008 11 08 02 30 134  0.5  0.7 99.00 99.00 99.00 999 9999.0 999.0 999.0 999.0 99.0 99.00
2008 11 08 02 40  94  0.8  1.0 99.00 99.00 99.00 999 9999.0 999.0 999.0 999.0 99.0 99.00
2008 11 08 02 50 109  1.1  1.4 99.00 99.00 99.00 999 9999.0 999.0 999.0 999.0 99.0 99.00
2008 11 08 03 00 111  1.4  1.6 99.00 99.00 99.00 999 9999.0  13.9  13.8 999.0 99.0 99.00
2008 11 08 03 10 114  1.4  1.8 99.00 99.00 99.00 999 9999.0 999.0 999.0 999.0 99.0 99.00
2008 11 08 03 20 156  1.8  2.3 99.00 99.00 99.00 999 9999.0 999.0 999.0 999.0 99.0 99.00
2008 11 08 03 30 160  1.9  2.2 99.00 99.00 99.00 999 9999.0 999.0 999.0 999.0 99.0 99.00
2008 11 08 03 40 156  1.8  2.1 99.00 99.00 99.00 999 9999.0 999.0 999.0 999.0 99.0 99.00
2008 11 08 03 50 153  1.7  2.2 99.00 99.00 99.00 999 9999.0 999.0 999.0 999.0 99.0 99.00
2008 11 08 04 00 143  1.7  1.9 99.00 99.00 99.00 999 9999.0  14.2  13.6 999.0 99.0 99.00
2008 11 08 04 10 144  2.0  2.5 99.00 99.00 99.00 999 9999.0 999.0 999.0 999.0 99.0 99.00
2008 11 08 04 20 156  2.2  2.7 99.00 99.00 99.00 999 9999.0 999.0 999.0 999.0 99.0 99.00
2008 11 08 04 30 160  1.8  2.4 99.00 99.00 99.00 999 9999.0 999.0 999.0 999.0 99.0 99.00
2008 11 08 04 40 157  1.8  2.1 99.00 99.00 99.00 999 9999.0 999.0 999.0 999.0 99.0 99.00
2008 11 08 04 50 164  1.6  2.2 99.00 99.00 99.00 999 9999.0 999.0 999.0 999.0 99.0 99.00
2008 11 08 05 00 182  2.2  3.3 99.00 99.00 99.00 999 9999.0  14.1  13.5 999.0 99.0 99.00
2008 11 08 05 10 176  2.3  3.3 99.00 99.00 99.00 999 9999.0 999.0 999.0 999.0 99.0 99.00
2008 11 08 05 20 183  2.6  4.0 99.00 99.00 99.00 999 9999.0 999.0 999.0 999.0 99.0 99.00
2008 11 08 05 30 160  1.8  3.2 99.00 99.00 99.00 999 9999.0 999.0 999.0 999.0 99.0 99.00
2008 11 08 05 40 140  1.7  2.4 99.00 99.00 99.00 999 9999.0 999.0 999.0 999.0 99.0 99.00
2008 11 08 05 50 142  2.6  3.0 99.00 99.00 99.00 999 9999.0 999.0 999.0 999.0 99.0 99.00
2008 11 08 06 00 144  2.7  3.4 99.00 99.00 99.00 999 9999.0  13.8  13.4 999.0 99.0 99.00
2008 11 08 06 10 148  3.3  4.0 99.00 99.00 99.00 999 9999.0 999.0 999.0 999.0 99.0 99.00
2008 11 08 06 20 158  3.6  4.3 99.00 99.00 99.00 999 9999.0 999.0 999.0 999.0 99.0 99.00
2008 11 08 06 30 167  3.8  4.7 99.00 99.00 99.00 999 9999.0 999.0 999.0 999.0 99.0 99.00
2008 11 08 06 40 167  3.5  4.3 99.00 99.00 99.00 999 9999.0 999.0 999.0 999.0 99.0 99.00
2008 11 08 06 50 164  3.7  4.3 99.00 99.00 99.00 999 9999.0 999.0 999.0 999.0 99.0 99.00
2008 11 08 07 00 163  3.3  4.0 99.00 99.00 99.00 999 9999.0  13.4  13.3 999.0 99.0 99.00
2008 11 08 07 10 145  3.3  4.0 99.00 99.00 99.00 999 9999.0 999.0 999.0 999.0 99.0 99.00
2008 11 08 07 20 150  3.2  3.8 99.00 99.00 99.00 999 9999.0 999.0 999.0 999.0 99.0 99.00
2008 11 08 07 30 137  3.2  3.9 99.00 99.00 99.00 999 9999.0 999.0 999.0 999.0 99.0 99.00
2008 11 08 07 40 147  3.2  4.3 99.00 99.00 99.00 999 9999.0 999.0 999.0 999.0 99.0 99.00
2008 11 08 07 50 142  3.5  4.4 99.00 99.00 99.00 999 9999.0 999.0 999.0 999.0 99.0 99.00
2008 11 08 08 00 138  3.6  4.4 99.00 99.00 99.00 999 9999.0  13.4  13.3 999.0 99.0 99.00
2008 11 08 08 10 134  3.9  5.1 99.00 99.00 99.00 999 9999.0 999.0 999.0 999.0 99.0 99.00
2008 11 08 08 20 134  3.7  4.8 99.00 99.00 99.00 999 9999.0 999.0 999.0 999.0 99.0 99.00
2008 11 08 08 30 142  3.7  4.5 99.00 99.00 99.00 999 9999.0 999.0 999.0 999.0 99.0 99.00
2008 11 08 08 40 136  3.6  4.5 99.00 99.00 99.00 999 9999.0 999.0 999.0 999.0 99.0 99.00
2008 11 08 08 50 141  3.7  5.0 99.00 99.00 99.00 999 9999.0 999.0 999.0 999.0 99.0 99.00
2008 11 08 09 10 148  3.9  4.8 99.00 99.00 99.00 999 9999.0  13.7 999.0 999.0 99.0 99.00
2008 11 08 09 20 142  4.0  5.0 99.00 99.00 99.00 999 9999.0 999.0 999.0 999.0 99.0 99.00
2008 11 08 09 30 142  3.3  4.4 99.00 99.00 99.00 999 9999.0 999.0 999.0 999.0 99.0 99.00
2008 11 08 09 40 142  3.7  4.4 99.00 99.00 99.00 999 9999.0 999.0 999.0 999.0 99.0 99.00
2008 11 08 09 50 140  3.8  4.7 99.00 99.00 99.00 999 9999.0 999.0 999.0 999.0 99.0 99.00
2008 11 08 10 00 148  3.3  4.1 99.00 99.00 99.00 999 9999.0  13.8  13.1 999.0 99.0 99.00
2008 11 08 10 10 149  3.6  4.9 99.00 99.00 99.00 999 9999.0 999.0 999.0 999.0 99.0 99.00
2008 11 08 10 20 135  3.5  4.0 99.00 99.00 99.00 999 9999.0 999.0 999.0 999.0 99.0 99.00
2008 11 08 10 30 126  3.3  3.9 99.00 99.00 99.00 999 9999.0 999.0 999.0 999.0 99.0 99.00
2008 11 08 10 40 122  2.8  3.4 99.00 99.00 99.00 999 9999.0 999.0 999.0 999.0 99.0 99.00
2008 11 08 10 50 117  2.8  3.4 99.00 99.00 99.00 999 9999.0 999.0 999.0 999.0 99.0 99.00
2008 11 08 11 00 114  3.2  4.3 99.00 99.00 99.00 999 9999.0  13.8  13.2 999.0 99.0 99.00
2008 11 08 11 10 111  3.3  4.1 99.00 99.00 99.00 999 9999.0 999.0 999.0 999.0 99.0 99.00
2008 11 08 11 20 115  3.6  4.3 99.00 99.00 99.00 999 9999.0 999.0 999.0 999.0 99.0 99.00
2008 11 08 11 30 120  3.5  4.1 99.00 99.00 99.00 999 9999.0 999.0 999.0 999.0 99.0 99.00
2008 11 08 11 40 139  2.9  3.5 99.00 99.00 99.00 999 9999.0 999.0 999.0 999.0 99.0 99.00
2008 11 08 11 50 144  2.9  4.1 99.00 99.00 99.00 999 9999.0 999.0 999.0 999.0 99.0 99.00
2008 11 08 12 00 136  2.8  3.2 99.00 99.00 99.00 999 9999.0  14.1  13.2 999.0 99.0 99.00
2008 11 08 12 10 159  2.1  2.7 99.00 99.00 99.00 999 9999.0 999.0 999.0 999.0 99.0 99.00
2008 11 08 12 20 188  2.3  2.9 99.00 99.00 99.00 999 9999.0 999.0 999.0 999.0 99.0 99.00
2008 11 08 12 30 172  1.6  2.1 99.00 99.00 99.00 999 9999.0 999.0 999.0 999.0 99.0 99.00
2008 11 08 12 40 131  2.1  3.3 99.00 99.00 99.00 999 9999.0 999.0 999.0 999.0 99.0 99.00
2008 11 08 12 50 116  3.8  4.4 99.00 99.00 99.00 999 9999.0 999.0 999.0 999.0 99.0 99.00
2008 11 08 13 00 137  3.1  3.9 99.00 99.00 99.00 999 9999.0  14.2  13.2 999.0 99.0 99.00
2008 11 08 13 10 129  2.5  3.2 99.00 99.00 99.00 999 9999.0 999.0 999.0 999.0 99.0 99.00
2008 11 08 13 20 156  1.9  2.4 99.00 99.00 99.00 999 9999.0 999.0 999.0 999.0 99.0 99.00
2008 11 08 13 30 154  1.3  2.0 99.00 99.00 99.00 999 9999.0 999.0 999.0 999.0 99.0 99.00
2008 11 08 13 40 205  0.5  1.0 99.00 99.00 99.00 999 9999.0 999.0 999.0 999.0 99.0 99.00
2008 11 08 13 50 233  0.9  1.9 99.00 99.00 99.00 999 9999.0 999.0 999.0 999.0 99.0 99.00
2008 11 08 14 00 194  1.6  2.1 99.00 99.00 99.00 999 9999.0  14.2  13.2 999.0 99.0 99.00
2008 11 08 14 10 198  1.0  1.2 99.00 99.00 99.00 999 9999.0 999.0 999.0 999.0 99.0 99.00
2008 11 08 14 20 207  1.4  1.9 99.00 99.00 99.00 999 9999.0 999.0 999.0 999.0 99.0 99.00
2008 11 08 14 30 219  0.8  1.8 99.00 99.00 99.00 999 9999.0 999.0 999.0 999.0 99.0 99.00
2008 11 08 14 40 186  1.2  2.1 99.00 99.00 99.00 999 9999.0 999.0 999.0 999.0 99.0 99.00
2008 11 08 14 50 255  0.7  1.7 99.00 99.00 99.00 999 9999.0 999.0 999.0 999.0 99.0 99.00
2008 11 08 15 00 188  1.0  1.7 99.00 99.00 99.00 999 9999.0  14.0  13.3 999.0 99.0 99.00
2008 11 08 15 10 182  0.4  1.1 99.00 99.00 99.00 999 9999.0 999.0 999.0 999.0 99.0 99.00
2008 11 08 15 20 122  1.3  1.7 99.00 99.00 99.00 999 9999.0 999.0 999.0 999.0 99.0 99.00
2008 11 08 15 30 192  1.1  1.4 99.00 99.00 99.00 999 9999.0 999.0 999.0 999.0 99.0 99.00
2008 11 08 15 40 224  1.6  2.0 99.00 99.00 99.00 999 9999.0 999.0 999.0 999.0 99.0 99.00
2008 11 08 15 50 225  1.8  2.4 99.00 99.00 99.00 999 9999.0 999.0 999.0 999.0 99.0 99.00
2008 11 08 16 00 232  2.4  2.9 99.00 99.00 99.00 999 9999.0  14.1  13.4 999.0 99.0 99.00
2008 11 08 16 10 237  2.5  3.0 99.00 99.00 99.00 999 9999.0 999.0 999.0 999.0 99.0 99.00
2008 11 08 16 20 220  3.1  3.7 99.00 99.00 99.00 999 9999.0 999.0 999.0 999.0 99.0 99.00
2008 11 08 16 30 210  2.8  3.2 99.00 99.00 99.00 999 9999.0 999.0 999.0 999.0 99.0 99.00
2008 11 08 16 40 211  3.0  3.6 99.00 99.00 99.00 999 9999.0 999.0 999.0 999.0 99.0 99.00
2008 11 08 16 50 219  3.1  3.5 99.00 99.00 99.00 999 9999.0 999.0 999.0 999.0 99.0 99.00
2008 11 08 17 00 219  2.7  3.5 99.00 99.00 99.00 999 9999.0  14.2  13.4 999.0 99.0 99.00
2008 11 08 17 10 232  2.3  2.8 99.00 99.00 99.00 999 9999.0 999.0 999.0 999.0 99.0 99.00
2008 11 08 17 20 211  2.1  2.3 99.00 99.00 99.00 999 9999.0 999.0 999.0 999.0 99.0 99.00
2008 11 08 17 30 195  2.2  2.5 99.00 99.00 99.00 999 9999.0 999.0 999.0 999.0 99.0 99.00
2008 11 08 17 40 202  2.1  2.3 99.00 99.00 99.00 999 9999.0 999.0 999.0 999.0 99.0 99.00
2008 11 08 17 50 215  2.1  2.3 99.00 99.00 99.00 999 9999.0 999.0 999.0 999.0 99.0 99.00
2008 11 08 18 00 201  1.9  2.2 99.00 99.00 99.00 999 9999.0  14.3  13.4 999.0 99.0 99.00
2008 11 08 18 10 197  1.8  2.0 99.00 99.00 99.00 999 9999.0 999.0 999.0 999.0 99.0 99.00
2008 11 08 18 20 182  1.9  2.2 99.00 99.00 99.00 999 9999.0 999.0 999.0 999.0 99.0 99.00
2008 11 08 18 30 173  1.9  2.3 99.00 99.00 99.00 999 9999.0 999.0 999.0 999.0 99.0 99.00
2008 11 08 18 40 185  1.8  2.2 99.00 99.00 99.00 999 9999.0 999.0 999.0 999.0 99.0 99.00
2008 11 08 18 50 186  2.1  2.5 99.00 99.00 99.00 999 9999.0 999.0 999.0 999.0 99.0 99.00
2008 11 08 19 00 167  2.4  2.7 99.00 99.00 99.00 999 9999.0  14.6  13.5 999.0 99.0 99.00
2008 11 08 19 10 173  2.6  2.9 99.00 99.00 99.00 999 9999.0 999.0 999.0 999.0 99.0 99.00
2008 11 08 19 20 177  2.8  3.4 99.00 99.00 99.00 999 9999.0 999.0 999.0 999.0 99.0 99.00
2008 11 08 19 30 190  3.1  3.4 99.00 99.00 99.00 999 9999.0 999.0 999.0 999.0 99.0 99.00
2008 11 08 19 40 195  2.5  3.0 99.00 99.00 99.00 999 9999.0 999.0 999.0 999.0 99.0 99.00
2008 11 08 19 50 214  1.1  2.5 99.00 99.00 99.00 999 9999.0 999.0 999.0 999.0 99.0 99.00
2008 11 08 20 00 177  2.0  3.3 99.00 99.00 99.00 999 9999.0  14.4  13.4 999.0 99.0 99.00
2008 11 08 20 10 192  2.1  3.1 99.00 99.00 99.00 999 9999.0 999.0 999.0 999.0 99.0 99.00
2008 11 08 20 20 215  1.7  2.1 99.00 99.00 99.00 999 9999.0 999.0 999.0 999.0 99.0 99.00
2008 11 08 20 30 203  1.1  2.2 99.00 99.00 99.00 999 9999.0 999.0 999.0 999.0 99.0 99.00
2008 11 08 20 40 165  1.2  1.5 99.00 99.00 99.00 999 9999.0 999.0 999.0 999.0 99.0 99.00
2008 11 08 20 50 150  1.3  1.7 99.00 99.00 99.00 999 9999.0 999.0 999.0 999.0 99.0 99.00
2008 11 08 21 00 156  0.4  1.1 99.00 99.00 99.00 999 9999.0  14.9  13.4 999.0 99.0 99.00
2008 11 08 21 10 354 99.0  0.1 99.00 99.00 99.00 999 9999.0 999.0 999.0 999.0 99.0 99.00
2008 11 08 21 20 330  0.7  1.4 99.00 99.00 99.00 999 9999.0 999.0 999.0 999.0 99.0 99.00
2008 11 08 21 30 352  0.9  1.1 99.00 99.00 99.00 999 9999.0 999.0 999.0 999.0 99.0 99.00
2008 11 08 21 40  40  0.8  1.1 99.00 99.00 99.00 999 9999.0 999.0 999.0 999.0 99.0 99.00
2008 11 08 21 50  26  1.0  1.5 99.00 99.00 99.00 999 9999.0 999.0 999.0 999.0 99.0 99.00
2008 11 08 22 10  23  1.0  1.3 99.00 99.00 99.00 999 9999.0  14.7 999.0 999.0 99.0 99.00
2008 11 08 22 20  43  0.7  1.0 99.00 99.00 99.00 999 9999.0 999.0 999.0 999.0 99.0 99.00
2008 11 08 22 30  57  0.6  0.9 99.00 99.00 99.00 999 9999.0 999.0 999.0 999.0 99.0 99.00
2008 11 08 22 40  20  0.4  0.7 99.00 99.00 99.00 999 9999.0 999.0 999.0 999.0 99.0 99.00
2008 11 08 22 50  21  0.5  1.0 99.00 99.00 99.00 999 9999.0 999.0 999.0 999.0 99.0 99.00
2008 11 08 23 00 334  0.8  1.7 99.00 99.00 99.00 999 9999.0  13.7  13.2 999.0 99.0 99.00
2008 11 08 23 10  33  1.0  1.7 99.00 99.00 99.00 999 9999.0 999.0 999.0 999.0 99.0 99.00
2008 11 08 23 20  15  1.2  1.8 99.00 99.00 99.00 999 9999.0 999.0 999.0 999.0 99.0 99.00
2008 11 08 23 30  11  0.1  0.8 99.00 99.00 99.00 999 9999.0 999.0 999.0 999.0 99.0 99.00
2008 11 08 23 40 358  0.5  0.9 99.00 99.00 99.00 999 9999.0 999.0 999.0 999.0 99.0 99.00
2008 11 08 23 50 332  0.6  1.6 99.00 99.00 99.00 999 9999.0 999.0 999.0 999.0 99.0 99.00
2008 11 09 00 00 355  1.9  2.3 99.00 99.00 99.00 999 9999.0  13.7  13.5 999.0 99.0 99.00
2008 11 09 00 10  21  1.7  1.9 99.00 99.00 99.00 999 9999.0 999.0 999.0 999.0 99.0 99.00
2008 11 09 00 20  22  2.1  3.0 99.00 99.00 99.00 999 9999.0 999.0 999.0 999.0 99.0 99.00
2008 11 09 00 30   0  3.2  4.2 99.00 99.00 99.00 999 9999.0 999.0 999.0 999.0 99.0 99.00
2008 11 09 00 40 336  5.9 10.3 99.00 99.00 99.00 999 9999.0 999.0 999.0 999.0 99.0 99.00
2008 11 09 00 50 351  6.8  9.6 99.00 99.00 99.00 999 9999.0 999.0 999.0 999.0 99.0 99.00
2008 11 09 01 00 353  5.2  7.5 99.00 99.00 99.00 999 9999.0  12.5  13.5 999.0 99.0 99.00
2008 11 09 01 10  14  3.5  4.6 99.00 99.00 99.00 999 9999.0 999.0 999.0 999.0 99.0 99.00
2008 11 09 01 20 349  3.7  5.1 99.00 99.00 99.00 999 9999.0 999.0 999.0 999.0 99.0 99.00
2008 11 09 01 30 358  3.8  5.1 99.00 99.00 99.00 999 9999.0 999.0 999.0 999.0 99.0 99.00
2008 11 09 01 50 356  4.4  6.0 99.00 99.00 99.00 999 9999.0 999.0 999.0 999.0 99.0 99.00
2008 11 09 02 00 356  5.4  6.8 99.00 99.00 99.00 999 9999.0  11.5  13.2 999.0 99.0 99.00
2008 11 09 02 10   5  5.0  6.3 99.00 99.00 99.00 999 9999.0 999.0 999.0 999.0 99.0 99.00
2008 11 09 02 20   9  4.9  6.9 99.00 99.00 99.00 999 9999.0 999.0 999.0 999.0 99.0 99.00
2008 11 09 02 30 358  4.2  5.9 99.00 99.00 99.00 999 9999.0 999.0 999.0 999.0 99.0 99.00
2008 11 09 02 40 357  3.7  5.6 99.00 99.00 99.00 999 9999.0 999.0 999.0 999.0 99.0 99.00
2008 11 09 02 50 346  2.9  4.3 99.00 99.00 99.00 999 9999.0 999.0 999.0 999.0 99.0 99.00
2008 11 09 03 00 346  2.1  2.9 99.00 99.00 99.00 999 9999.0  11.6  13.2 999.0 99.0 99.00
2008 11 09 03 10 319  1.8  2.8 99.00 99.00 99.00 999 9999.0 999.0 999.0 999.0 99.0 99.00
2008 11 09 03 20 325  0.9  1.4 99.00 99.00 99.00 999 9999.0 999.0 999.0 999.0 99.0 99.00
2008 11 09 03 30   7  0.5  1.3 99.00 99.00 99.00 999 9999.0 999.0 999.0 999.0 99.0 99.00
2008 11 09 03 40  62  1.0  1.5 99.00 99.00 99.00 999 9999.0 999.0 999.0 999.0 99.0 99.00
2008 11 09 03 50  90  0.8  1.4 99.00 99.00 99.00 999 9999.0 999.0 999.0 999.0 99.0 99.00
2008 11 09 04 00 148  0.2  0.9 99.00 99.00 99.00 999 9999.0  11.3  13.1 999.0 99.0 99.00
2008 11 09 04 10 167  0.4  1.0 99.00 99.00 99.00 999 9999.0 999.0 999.0 999.0 99.0 99.00
2008 11 09 04 20 319  1.0  2.2 99.00 99.00 99.00 999 9999.0 999.0 999.0 999.0 99.0 99.00
2008 11 09 04 30 326  2.2  3.2 99.00 99.00 99.00 999 9999.0 999.0 999.0 999.0 99.0 99.00
2008 11 09 04 40 310  2.7  3.8 99.00 99.00 99.00 999 9999.0 999.0 999.0 999.0 99.0 99.00
2008 11 09 04 50 310  2.8  3.4 99.00 99.00 99.00 999 9999.0 999.0 999.0 999.0 99.0 99.00
2008 11 09 05 00 298  2.0  3.2 99.00 99.00 99.00 999 9999.0  11.8  13.2 999.0 99.0 99.00
2008 11 09 05 10 282  1.7  2.5 99.00 99.00 99.00 999 9999.0 999.0 999.0 999.0 99.0 99.00
2008 11 09 05 20 271  1.6  2.0 99.00 99.00 99.00 999 9999.0 999.0 999.0 999.0 99.0 99.00
2008 11 09 05 30 252  1.5  2.0 99.00 99.00 99.00 999 9999.0 999.0 999.0 999.0 99.0 99.00
2008 11 09 05 40 271  1.0  1.3 99.00 99.00 99.00 999 9999.0 999.0 999.0 999.0 99.0 99.00
2008 11 09 05 50 288  0.9  1.3 99.00 99.00 99.00 999 9999.0 999.0 999.0 999.0 99.0 99.00
2008 11 09 06 10 270  0.7  1.1 99.00 99.00 99.00 999 9999.0  11.3 999.0 999.0 99.0 99.00
2008 11 09 06 20 271  1.0  1.4 99.00 99.00 99.00 999 9999.0 999.0 999.0 999.0 99.0 99.00
2008 11 09 06 30 276  1.3  1.6 99.00 99.00 99.00 999 9999.0 999.0 999.0 999.0 99.0 99.00
2008 11 09 06 40 272  2.0  3.2 99.00 99.00 99.00 999 9999.0 999.0 999.0 999.0 99.0 99.00
2008 11 09 06 50 265  3.0  3.6 99.00 99.00 99.00 999 9999.0 999.0 999.0 999.0 99.0 99.00
2008 11 09 07 00 265  3.0  3.5 99.00 99.00 99.00 999 9999.0  10.8  13.1 999.0 99.0 99.00
2008 11 09 07 10 270  2.9  3.5 99.00 99.00 99.00 999 9999.0 999.0 999.0 999.0 99.0 99.00
2008 11 09 07 20 273  3.0  3.5 99.00 99.00 99.00 999 9999.0 999.0 999.0 999.0 99.0 99.00
2008 11 09 07 30 276  3.0  3.7 99.00 99.00 99.00 999 9999.0 999.0 999.0 999.0 99.0 99.00
2008 11 09 07 40 284  2.7  3.1 99.00 99.00 99.00 999 9999.0 999.0 999.0 999.0 99.0 99.00
2008 11 09 07 50 280  2.7  3.1 99.00 99.00 99.00 999 9999.0 999.0 999.0 999.0 99.0 99.00
2008 11 09 08 00 278  2.6  3.3 99.00 99.00 99.00 999 9999.0  10.8  13.1 999.0 99.0 99.00
2008 11 09 08 10 273  2.3  2.8 99.00 99.00 99.00 999 9999.0 999.0 999.0 999.0 99.0 99.00
2008 11 09 08 20 274  2.2  2.5 99.00 99.00 99.00 999 9999.0 999.0 999.0 999.0 99.0 99.00
2008 11 09 08 30 268  2.3  2.8 99.00 99.00 99.00 999 9999.0 999.0 999.0 999.0 99.0 99.00
2008 11 09 08 40 268  2.5  2.9 99.00 99.00 99.00 999 9999.0 999.0 999.0 999.0 99.0 99.00
2008 11 09 08 50 269  2.4  2.8 99.00 99.00 99.00 999 9999.0 999.0 999.0 999.0 99.0 99.00
2008 11 09 09 00 271  2.6  2.9 99.00 99.00 99.00 999 9999.0  10.4  13.1 999.0 99.0 99.00
2008 11 09 09 10 271  2.9  3.7 99.00 99.00 99.00 999 9999.0 999.0 999.0 999.0 99.0 99.00
2008 11 09 09 20 276  3.2  3.7 99.00 99.00 99.00 999 9999.0 999.0 999.0 999.0 99.0 99.00
2008 11 09 09 30 288  2.8  3.8 99.00 99.00 99.00 999 9999.0 999.0 999.0 999.0 99.0 99.00
2008 11 09 09 40 296  2.8  3.2 99.00 99.00 99.00 999 9999.0 999.0 999.0 999.0 99.0 99.00
2008 11 10 02 00 308  3.5  5.4 99.00 99.00 99.00 999 9999.0   9.8  13.2 999.0 99.0 99.00
2008 11 10 02 10 310  3.4  4.4 99.00 99.00 99.00 999 9999.0 999.0 999.0 999.0 99.0 99.00
2008 11 10 02 20 308  3.5  4.7 99.00 99.00 99.00 999 9999.0 999.0 999.0 999.0 99.0 99.00
2008 11 10 02 30 298  2.8  4.2 99.00 99.00 99.00 999 9999.0 999.0 999.0 999.0 99.0 99.00
2008 11 10 02 40 279  2.9  3.8 99.00 99.00 99.00 999 9999.0 999.0 999.0 999.0 99.0 99.00
2008 11 10 02 50 283  3.0  4.9 99.00 99.00 99.00 999 9999.0 999.0 999.0 999.0 99.0 99.00
2008 11 10 03 00 288  2.6  3.8 99.00 99.00 99.00 999 9999.0   9.5  13.2 999.0 99.0 99.00
2008 11 10 03 10 285  2.6  3.4 99.00 99.00 99.00 999 9999.0 999.0 999.0 999.0 99.0 99.00
2008 11 10 03 20 284  2.9  4.0 99.00 99.00 99.00 999 9999.0 999.0 999.0 999.0 99.0 99.00
2008 11 10 03 30 286  3.0  4.0 99.00 99.00 99.00 999 9999.0 999.0 999.0 999.0 99.0 99.00
2008 11 10 03 40 290  3.3  4.3 99.00 99.00 99.00 999 9999.0 999.0 999.0 999.0 99.0 99.00
2008 11 10 03 50 288  3.2  4.8 99.00 99.00 99.00 999 9999.0 999.0 999.0 999.0 99.0 99.00
2008 11 10 04 00 289  2.9  4.1 99.00 99.00 99.00 999 9999.0   9.3  13.2 999.0 99.0 99.00
2008 11 10 04 10 282  3.0  4.1 99.00 99.00 99.00 999 9999.0 999.0 999.0 999.0 99.0 99.00
2008 11 10 04 20 298  3.0  4.2 99.00 99.00 99.00 999 9999.0 999.0 999.0 999.0 99.0 99.00
2008 11 10 04 30 304  3.7  5.1 99.00 99.00 99.00 999 9999.0 999.0 999.0 999.0 99.0 99.00
2008 11 10 04 40 313  3.0  4.4 99.00 99.00 99.00 999 9999.0 999.0 999.0 999.0 99.0 99.00
2008 11 10 04 50 308  3.0  4.2 99.00 99.00 99.00 999 9999.0 999.0 999.0 999.0 99.0 99.00
2008 11 10 05 00 302  2.9  4.3 99.00 99.00 99.00 999 9999.0   9.2  13.1 999.0 99.0 99.00
2008 11 10 05 10 295  2.6  3.6 99.00 99.00 99.00 999 9999.0 999.0 999.0 999.0 99.0 99.00
2008 11 10 05 20 286  2.7  3.7 99.00 99.00 99.00 999 9999.0 999.0 999.0 999.0 99.0 99.00
2008 11 10 05 30 296  2.6  3.7 99.00 99.00 99.00 999 9999.0 999.0 999.0 999.0 99.0 99.00
2008 11 10 05 40 290  2.5  3.1 99.00 99.00 99.00 999 9999.0 999.0 999.0 999.0 99.0 99.00
2008 11 10 05 50 291  2.4  3.2 99.00 99.00 99.00 999 9999.0 999.0 999.0 999.0 99.0 99.00
2008 11 10 06 00 288  2.8  3.8 99.00 99.00 99.00 999 9999.0   8.9  13.1 999.0 99.0 99.00
2008 11 10 06 10 282  3.0  4.2 99.00 99.00 99.00 999 9999.0 999.0 999.0 999.0 99.0 99.00
2008 11 10 06 20 281  3.0  4.4 99.00 99.00 99.00 999 9999.0 999.0 999.0 999.0 99.0 99.00
2008 11 10 06 30 269  2.7  3.5 99.00 99.00 99.00 999 9999.0 999.0 999.0 999.0 99.0 99.00
2008 11 10 06 40 267  3.8  5.5 99.00 99.00 99.00 999 9999.0 999.0 999.0 999.0 99.0 99.00
2008 11 10 06 50 283  4.1  5.7 99.00 99.00 99.00 999 9999.0 999.0 999.0 999.0 99.0 99.00
2008 11 10 07 00 289  3.7  5.3 99.00 99.00 99.00 999 9999.0   8.6  13.1 999.0 99.0 99.00
2008 11 10 07 10 282  3.5  4.9 99.00 99.00 99.00 999 9999.0 999.0 999.0 999.0 99.0 99.00
2008 11 10 07 20 282  3.7  5.0 99.00 99.00 99.00 999 9999.0 999.0 999.0 999.0 99.0 99.00
2008 11 10 07 30 283  3.2  4.2 99.00 99.00 99.00 999 9999.0 999.0 999.0 999.0 99.0 99.00
2008 11 10 07 40 286  3.0  3.7 99.00 99.00 99.00 999 9999.0 999.0 999.0 999.0 99.0 99.00
2008 11 10 07 50 280  3.1  3.8 99.00 99.00 99.00 999 9999.0 999.0 999.0 999.0 99.0 99.00
2008 11 10 08 00 278  3.0  4.1 99.00 99.00 99.00 999 9999.0   7.9  13.1 999.0 99.0 99.00
2008 11 10 08 10 273  3.0  3.7 99.00 99.00 99.00 999 9999.0 999.0 999.0 999.0 99.0 99.00
2008 11 10 08 20 274  2.9  3.6 99.00 99.00 99.00 999 9999.0 999.0 999.0 999.0 99.0 99.00
2008 11 10 08 30 265  3.2  3.8 99.00 99.00 99.00 999 9999.0 999.0 999.0 999.0 99.0 99.00
2008 11 10 08 40 272  3.1  3.6 99.00 99.00 99.00 999 9999.0 999.0 999.0 999.0 99.0 99.00
2008 11 10 08 50 280  3.2  3.7 99.00 99.00 99.00 999 9999.0 999.0 999.0 999.0 99.0 99.00
2008 11 10 09 00 286  3.2  3.8 99.00 99.00 99.00 999 9999.0   6.9  12.9 999.0 99.0 99.00
2008 11 10 09 10 284  3.3  4.3 99.00 99.00 99.00 999 9999.0 999.0 999.0 999.0 99.0 99.00
2008 11 10 09 20 280  3.2  4.1 99.00 99.00 99.00 999 9999.0 999.0 999.0 999.0 99.0 99.00
2008 11 10 09 30 273  3.6  4.9 99.00 99.00 99.00 999 9999.0 999.0 999.0 999.0 99.0 99.00
2008 11 10 09 40 270  3.5  4.4 99.00 99.00 99.00 999 9999.0 999.0 999.0 999.0 99.0 99.00
2008 11 10 09 50 263  3.9  5.0 99.00 99.00 99.00 999 9999.0 999.0 999.0 999.0 99.0 99.00
2008 11 10 10 00 263  3.6  4.3 99.00 99.00 99.00 999 9999.0   6.7  12.9 999.0 99.0 99.00
2008 11 10 10 10 264  3.6  4.4 99.00 99.00 99.00 999 9999.0 999.0 999.0 999.0 99.0 99.00
2008 11 10 10 20 270  3.4  4.4 99.00 99.00 99.00 999 9999.0 999.0 999.0 999.0 99.0 99.00
2008 11 10 10 30 272  3.5  4.3 99.00 99.00 99.00 999 9999.0 999.0 999.0 999.0 99.0 99.00
2008 11 10 10 40 276  3.5  4.2 99.00 99.00 99.00 999 9999.0 999.0 999.0 999.0 99.0 99.00
2008 11 10 10 50 272  3.6  4.2 99.00 99.00 99.00 999 9999.0 999.0 999.0 999.0 99.0 99.00
2008 11 10 11 00 270  3.3  4.2 99.00 99.00 99.00 999 9999.0   5.8  12.8 999.0 99.0 99.00
2008 11 10 11 10 277  2.8  3.8 99.00 99.00 99.00 999 9999.0 999.0 999.0 999.0 99.0 99.00
2008 11 10 11 20 298  2.1  3.0 99.00 99.00 99.00 999 9999.0 999.0 999.0 999.0 99.0 99.00
2008 11 10 11 30 321  1.2  1.7 99.00 99.00 99.00 999 9999.0 999.0 999.0 999.0 99.0 99.00
2008 11 10 11 40 306  1.7  3.0 99.00 99.00 99.00 999 9999.0 999.0 999.0 999.0 99.0 99.00
2008 11 10 11 50 290  2.4  3.3 99.00 99.00 99.00 999 9999.0 999.0 999.0 999.0 99.0 99.00
2008 11 10 12 00 284  2.0  2.6 99.00 99.00 99.00 999 9999.0   6.1  12.9 999.0 99.0 99.00
2008 11 10 12 10 300  2.6  4.8 99.00 99.00 99.00 999 9999.0 999.0 999.0 999.0 99.0 99.00
2008 11 10 12 20 314  6.1  8.6 99.00 99.00 99.00 999 9999.0 999.0 999.0 999.0 99.0 99.00
2008 11 10 12 30 313  7.0 10.4 99.00 99.00 99.00 999 9999.0 999.0 999.0 999.0 99.0 99.00
2008 11 10 12 40 313  7.5 10.1 99.00 99.00 99.00 999 9999.0 999.0 999.0 999.0 99.0 99.00
2008 11 10 12 50 313  6.9  9.5 99.00 99.00 99.00 999 9999.0 999.0 999.0 999.0 99.0 99.00
2008 11 10 13 00 311  6.1  8.7 99.00 99.00 99.00 999 9999.0   8.2  13.0 999.0 99.0 99.00
2008 11 10 13 10 315  6.6  9.5 99.00 99.00 99.00 999 9999.0 999.0 999.0 999.0 99.0 99.00
2008 11 10 13 20 312  6.3  8.8 99.00 99.00 99.00 999 9999.0 999.0 999.0 999.0 99.0 99.00
2008 11 10 13 30 313  5.2  7.6 99.00 99.00 99.00 999 9999.0 999.0 999.0 999.0 99.0 99.00
2008 11 10 13 40 313  4.7  6.8 99.00 99.00 99.00 999 9999.0 999.0 999.0 999.0 99.0 99.00
2008 11 10 13 50 312  6.4  9.2 99.00 99.00 99.00 999 9999.0 999.0 999.0 999.0 99.0 99.00
2008 11 10 14 00 306  5.7  8.1 99.00 99.00 99.00 999 9999.0   8.3  13.1 999.0 99.0 99.00
2008 11 10 14 10 305  5.8  8.9 99.00 99.00 99.00 999 9999.0 999.0 999.0 999.0 99.0 99.00
2008 11 10 14 20 301  6.4  9.7 99.00 99.00 99.00 999 9999.0 999.0 999.0 999.0 99.0 99.00
2008 11 10 14 30 298  6.0  8.0 99.00 99.00 99.00 999 9999.0 999.0 999.0 999.0 99.0 99.00
2008 11 10 14 40 312  6.9  9.6 99.00 99.00 99.00 999 9999.0 999.0 999.0 999.0 99.0 99.00
2008 11 10 14 50 308  6.6 10.3 99.00 99.00 99.00 999 9999.0 999.0 999.0 999.0 99.0 99.00
2008 11 10 15 00 319  7.7 11.4 99.00 99.00 99.00 999 9999.0   8.8  13.1 999.0 99.0 99.00
2008 11 10 15 10 306  5.9  9.4 99.00 99.00 99.00 999 9999.0 999.0 999.0 999.0 99.0 99.00
2008 11 10 15 20 311  6.7  9.8 99.00 99.00 99.00 999 9999.0 999.0 999.0 999.0 99.0 99.00
2008 11 10 15 30 325  7.3 11.4 99.00 99.00 99.00 999 9999.0 999.0 999.0 999.0 99.0 99.00
2008 11 10 15 40 312  7.3 10.6 99.00 99.00 99.00 999 9999.0 999.0 999.0 999.0 99.0 99.00
2008 11 10 15 50 297  6.6  9.8 99.00 99.00 99.00 999 9999.0 999.0 999.0 999.0 99.0 99.00
2008 11 10 16 00 300  7.0 10.3 99.00 99.00 99.00 999 9999.0   8.8  13.1 999.0 99.0 99.00
2008 11 10 16 10 300  6.9  9.9 99.00 99.00 99.00 999 9999.0 999.0 999.0 999.0 99.0 99.00
2008 11 10 16 20 305  6.7  9.4 99.00 99.00 99.00 999 9999.0 999.0 999.0 999.0 99.0 99.00
2008 11 10 16 30 299  6.8  9.0 99.00 99.00 99.00 999 9999.0 999.0 999.0 999.0 99.0 99.00
2008 11 10 16 40 298  5.4  7.7 99.00 99.00 99.00 999 9999.0 999.0 999.0 999.0 99.0 99.00
2008 11 10 16 50 303  5.6  7.5 99.00 99.00 99.00 999 9999.0 999.0 999.0 999.0 99.0 99.00
2008 11 10 17 00 307  6.6  9.0 99.00 99.00 99.00 999 9999.0   8.9  13.1 999.0 99.0 99.00
2008 11 10 17 10 290  6.1  8.2 99.00 99.00 99.00 999 9999.0 999.0 999.0 999.0 99.0 99.00
2008 11 10 17 20 290  6.6  9.4 99.00 99.00 99.00 999 9999.0 999.0 999.0 999.0 99.0 99.00
2008 11 10 17 30 302  5.2  8.9 99.00 99.00 99.00 999 9999.0 999.0 999.0 999.0 99.0 99.00
2008 11 10 17 40 322  6.3 10.7 99.00 99.00 99.00 999 9999.0 999.0 999.0 999.0 99.0 99.00
2008 11 10 17 50 335  7.9 11.5 99.00 99.00 99.00 999 9999.0 999.0 999.0 999.0 99.0 99.00
2008 11 10 19 00 297  6.5  9.3 99.00 99.00 99.00 999 9999.0   8.8  13.1 999.0 99.0 99.00
2008 11 10 19 10 311  7.4  9.9 99.00 99.00 99.00 999 9999.0 999.0 999.0 999.0 99.0 99.00
2008 11 10 19 20 315  7.3  9.9 99.00 99.00 99.00 999 9999.0 999.0 999.0 999.0 99.0 99.00
2008 11 10 19 30 327  7.0  9.1 99.00 99.00 99.00 999 9999.0 999.0 999.0 999.0 99.0 99.00
2008 11 10 19 40 327  6.4 10.0 99.00 99.00 99.00 999 9999.0 999.0 999.0 999.0 99.0 99.00
2008 11 10 19 50 338  6.7  8.9 99.00 99.00 99.00 999 9999.0 999.0 999.0 999.0 99.0 99.00
2008 11 10 20 00 324  6.1  9.8 99.00 99.00 99.00 999 9999.0   8.8  13.1 999.0 99.0 99.00
2008 11 10 20 10 301  7.5 10.4 99.00 99.00 99.00 999 9999.0 999.0 999.0 999.0 99.0 99.00
2008 11 10 20 20 310  7.6 10.8 99.00 99.00 99.00 999 9999.0 999.0 999.0 999.0 99.0 99.00
2008 11 10 20 30 322  8.0 10.9 99.00 99.00 99.00 999 9999.0 999.0 999.0 999.0 99.0 99.00
2008 11 10 20 40 329  7.7 10.2 99.00 99.00 99.00 999 9999.0 999.0 999.0 999.0 99.0 99.00
2008 11 10 20 50 330  6.8  9.3 99.00 99.00 99.00 999 9999.0 999.0 999.0 999.0 99.0 99.00
2008 11 10 21 00 331  6.8  9.1 99.00 99.00 99.00 999 9999.0   8.3  13.1 999.0 99.0 99.00
2008 11 10 21 10 327  7.1 10.3 99.00 99.00 99.00 999 9999.0 999.0 999.0 999.0 99.0 99.00
2008 11 10 21 20 317  6.6  8.9 99.00 99.00 99.00 999 9999.0 999.0 999.0 999.0 99.0 99.00
2008 11 10 21 30 324  6.7  8.9 99.00 99.00 99.00 999 9999.0 999.0 999.0 999.0 99.0 99.00
2008 11 10 21 40 312  6.4  8.1 99.00 99.00 99.00 999 9999.0 999.0 999.0 999.0 99.0 99.00
2008 11 10 21 50 324  7.1  9.6 99.00 99.00 99.00 999 9999.0 999.0 999.0 999.0 99.0 99.00
2008 11 10 22 00 324  6.4  9.7 99.00 99.00 99.00 999 9999.0   7.5  12.8 999.0 99.0 99.00
2008 11 10 22 10 322  6.1  8.4 99.00 99.00 99.00 999 9999.0 999.0 999.0 999.0 99.0 99.00
2008 11 10 22 20 325  5.6  7.4 99.00 99.00 99.00 999 9999.0 999.0 999.0 999.0 99.0 99.00
2008 11 10 22 30 319  6.1  8.5 99.00 99.00 99.00 999 9999.0 999.0 999.0 999.0 99.0 99.00
2008 11 10 22 40 316  5.9  7.8 99.00 99.00 99.00 999 9999.0 999.0 999.0 999.0 99.0 99.00
2008 11 10 22 50 313  4.7  6.2 99.00 99.00 99.00 999 9999.0 999.0 999.0 999.0 99.0 99.00
2008 11 10 23 00 309  4.5  5.5 99.00 99.00 99.00 999 9999.0   6.7  12.9 999.0 99.0 99.00
2008 11 10 23 10 309  4.6  6.3 99.00 99.00 99.00 999 9999.0 999.0 999.0 999.0 99.0 99.00
2008 11 10 23 20 301  4.1  5.2 99.00 99.00 99.00 999 9999.0 999.0 999.0 999.0 99.0 99.00
2008 11 10 23 30 301  3.8  5.0 99.00 99.00 99.00 999 9999.0 999.0 999.0 999.0 99.0 99.00
2008 11 10 23 40 300  4.2  6.3 99.00 99.00 99.00 999 9999.0 999.0 999.0 999.0 99.0 99.00
2008 11 10 23 50 302  4.7  6.1 99.00 99.00 99.00 999 9999.0 999.0 999.0 999.0 99.0 99.00
2008 11 11 00 00 302  4.4  6.6 99.00 99.00 99.00 999 9999.0   5.9  12.9 999.0 99.0 99.00
2008 11 11 00 10 295  4.5  6.4 99.00 99.00 99.00 999 9999.0 999.0 999.0 999.0 99.0 99.00
2008 11 11 00 20 294  5.3  6.6 99.00 99.00 99.00 999 9999.0 999.0 999.0 999.0 99.0 99.00
2008 11 11 00 30 297  5.3  7.2 99.00 99.00 99.00 999 9999.0 999.0 999.0 999.0 99.0 99.00
2008 11 11 00 40 290  4.7  6.1 99.00 99.00 99.00 999 9999.0 999.0 999.0 999.0 99.0 99.00
2008 11 11 00 50 292  4.1  6.3 99.00 99.00 99.00 999 9999.0 999.0 999.0 999.0 99.0 99.00
2008 11 11 01 00 296  4.9  6.9 99.00 99.00 99.00 999 9999.0   5.5  12.8 999.0 99.0 99.00
2008 11 11 01 10 300  5.5  6.7 99.00 99.00 99.00 999 9999.0 999.0 999.0 999.0 99.0 99.00
2008 11 11 01 20 300  4.8  6.3 99.00 99.00 99.00 999 9999.0 999.0 999.0 999.0 99.0 99.00
2008 11 11 01 30 296  3.9  5.5 99.00 99.00 99.00 999 9999.0 999.0 999.0 999.0 99.0 99.00
2008 11 11 01 40 290  3.9  5.2 99.00 99.00 99.00 999 9999.0 999.0 999.0 999.0 99.0 99.00
2008 11 11 01 50 291  3.9  5.0 99.00 99.00 99.00 999 9999.0 999.0 999.0 999.0 99.0 99.00
2008 11 11 02 00 292  4.1  5.7 99.00 99.00 99.00 999 9999.0   4.9  12.9 999.0 99.0 99.00
2008 11 11 02 10 294  4.6  5.5 99.00 99.00 99.00 999 9999.0 999.0 999.0 999.0 99.0 99.00
2008 11 11 02 20 302  4.9  6.9 99.00 99.00 99.00 999 9999.0 999.0 999.0 999.0 99.0 99.00
2008 11 11 02 30 304  5.1  7.1 99.00 99.00 99.00 999 9999.0 999.0 999.0 999.0 99.0 99.00
2008 11 11 02 40 304  5.2  8.1 99.00 99.00 99.00 999 9999.0 999.0 999.0 999.0 99.0 99.00
2008 11 11 02 50 309  5.7  7.7 99.00 99.00 99.00 999 9999.0 999.0 999.0 999.0 99.0 99.00
2008 11 11 03 00 306  5.8  8.0 99.00 99.00 99.00 999 9999.0   4.8  12.6 999.0 99.0 99.00
2008 11 11 03 10 309  6.1  7.8 99.00 99.00 99.00 999 9999.0 999.0 999.0 999.0 99.0 99.00
2008 11 11 03 20 307  5.7  7.8 99.00 99.00 99.00 999 9999.0 999.0 999.0 999.0 99.0 99.00
2008 11 11 03 30 311  5.8  7.5 99.00 99.00 99.00 999 9999.0 999.0 999.0 999.0 99.0 99.00
2008 11 11 03 40 329  5.2  6.7 99.00 99.00 99.00 999 9999.0 999.0 999.0 999.0 99.0 99.00
2008 11 11 03 50 332  4.7  6.1 99.00 99.00 99.00 999 9999.0 999.0 999.0 999.0 99.0 99.00
2008 11 11 04 00 327  4.4  5.5 99.00 99.00 99.00 999 9999.0   4.4  12.5 999.0 99.0 99.00
2008 11 11 04 10 331  4.1  5.5 99.00 99.00 99.00 999 9999.0 999.0 999.0 999.0 99.0 99.00
2008 11 11 04 20 334  4.2  5.3 99.00 99.00 99.00 999 9999.0 999.0 999.0 999.0 99.0 99.00
2008 11 11 04 30 329  4.4  5.8 99.00 99.00 99.00 999 9999.0 999.0 999.0 999.0 99.0 99.00
2008 11 11 04 40 334  4.4  5.7 99.00 99.00 99.00 999 9999.0 999.0 999.0 999.0 99.0 99.00
2008 11 11 04 50 333  4.3  5.4 99.00 99.00 99.00 999 9999.0 999.0 999.0 999.0 99.0 99.00
2008 11 11 05 00 327  4.1  5.1 99.00 99.00 99.00 999 9999.0   4.1  12.5 999.0 99.0 99.00
2008 11 11 05 10 333  3.3  4.4 99.00 99.00 99.00 999 9999.0 999.0 999.0 999.0 99.0 99.00
2008 11 11 05 20 340  3.5  4.9 99.00 99.00 99.00 999 9999.0 999.0 999.0 999.0 99.0 99.00
2008 11 11 05 30 334  3.6  5.1 99.00 99.00 99.00 999 9999.0 999.0 999.0 999.0 99.0 99.00
2008 11 11 05 40 332  3.1  4.4 99.00 99.00 99.00 999 9999.0 999.0 999.0 999.0 99.0 99.00
2008 11 11 05 50 331  3.4  4.6 99.00 99.00 99.00 999 9999.0 999.0 999.0 999.0 99.0 99.00
2008 11 11 06 00 336  3.0  3.9 99.00 99.00 99.00 999 9999.0   4.1  12.4 999.0 99.0 99.00
2008 11 11 06 10 327  3.6  5.1 99.00 99.00 99.00 999 9999.0 999.0 999.0 999.0 99.0 99.00
2008 11 11 06 20 325  3.4  4.8 99.00 99.00 99.00 999 9999.0 999.0 999.0 999.0 99.0 99.00
2008 11 11 06 30 331  3.5  4.8 99.00 99.00 99.00 999 9999.0 999.0 999.0 999.0 99.0 99.00
2008 11 11 06 40 333  3.5  4.9 99.00 99.00 99.00 999 9999.0 999.0 999.0 999.0 99.0 99.00
2008 11 11 06 50 332  3.3  4.6 99.00 99.00 99.00 999 9999.0 999.0 999.0 999.0 99.0 99.00
2008 11 11 07 00 331  3.0  3.8 99.00 99.00 99.00 999 9999.0   4.0  12.3 999.0 99.0 99.00
2008 11 11 07 10 328  3.0  4.3 99.00 99.00 99.00 999 9999.0 999.0 999.0 999.0 99.0 99.00
2008 11 11 07 20 328  3.0  4.6 99.00 99.00 99.00 999 9999.0 999.0 999.0 999.0 99.0 99.00
2008 11 11 07 30 314  3.0  3.9 99.00 99.00 99.00 999 9999.0 999.0 999.0 999.0 99.0 99.00
2008 11 11 07 40 309  2.9  3.9 99.00 99.00 99.00 999 9999.0 999.0 999.0 999.0 99.0 99.00
2008 11 11 07 50 295  3.2  4.1 99.00 99.00 99.00 999 9999.0 999.0 999.0 999.0 99.0 99.00
2008 11 11 08 00 301  3.0  4.4 99.00 99.00 99.00 999 9999.0   3.6  12.3 999.0 99.0 99.00
2008 11 11 08 10 331  2.4  3.4 99.00 99.00 99.00 999 9999.0 999.0 999.0 999.0 99.0 99.00
2008 11 11 08 20 322  1.7  2.6 99.00 99.00 99.00 999 9999.0 999.0 999.0 999.0 99.0 99.00
2008 11 11 08 30 332  1.7  2.7 99.00 99.00 99.00 999 9999.0 999.0 999.0 999.0 99.0 99.00
2008 11 11 08 40 319  1.8  3.1 99.00 99.00 99.00 999 9999.0 999.0 999.0 999.0 99.0 99.00
2008 11 11 08 50 311  1.7  2.5 99.00 99.00 99.00 999 9999.0 999.0 999.0 999.0 99.0 99.00
2008 11 11 09 00 337  2.1  2.9 99.00 99.00 99.00 999 9999.0   3.2  12.3 999.0 99.0 99.00
2008 11 11 09 10 329  2.4  3.9 99.00 99.00 99.00 999 9999.0 999.0 999.0 999.0 99.0 99.00
2008 11 11 09 20 314  2.1  3.1 99.00 99.00 99.00 999 9999.0 999.0 999.0 999.0 99.0 99.00
2008 11 11 09 30 318  2.6  3.6 99.00 99.00 99.00 999 9999.0 999.0 999.0 999.0 99.0 99.00
2008 11 11 09 40 329  3.1  3.9 99.00 99.00 99.00 999 9999.0 999.0 999.0 999.0 99.0 99.00
2008 11 11 09 50 321  3.2  4.4 99.00 99.00 99.00 999 9999.0 999.0 999.0 999.0 99.0 99.00
2008 11 11 10 00 326  2.8  3.7 99.00 99.00 99.00 999 9999.0   3.1  12.2 999.0 99.0 99.00
2008 11 11 10 10 323  2.8  3.8 99.00 99.00 99.00 999 9999.0 999.0 999.0 999.0 99.0 99.00
2008 11 11 10 20 331  2.8  3.7 99.00 99.00 99.00 999 9999.0 999.0 999.0 999.0 99.0 99.00
2008 11 11 10 30 331  2.7  3.4 99.00 99.00 99.00 999 9999.0 999.0 999.0 999.0 99.0 99.00
2008 11 11 10 40 330  2.9  4.0 99.00 99.00 99.00 999 9999.0 999.0 999.0 999.0 99.0 99.00
2008 11 11 10 50 328  2.7  3.5 99.00 99.00 99.00 999 9999.0 999.0 999.0 999.0 99.0 99.00
2008 11 11 11 00 327  2.6  3.5 99.00 99.00 99.00 999 9999.0   3.1  12.1 999.0 99.0 99.00
2008 11 11 11 10 325  2.5  3.3 99.00 99.00 99.00 999 9999.0 999.0 999.0 999.0 99.0 99.00
2008 11 11 11 20 329  2.9  3.9 99.00 99.00 99.00 999 9999.0 999.0 999.0 999.0 99.0 99.00
2008 11 11 11 30 329  3.0  4.1 99.00 99.00 99.00 999 9999.0 999.0 999.0 999.0 99.0 99.00
2008 11 11 11 40 336  3.1  4.4 99.00 99.00 99.00 999 9999.0 999.0 999.0 999.0 99.0 99.00
2008 11 11 11 50 329  3.3  4.2 99.00 99.00 99.00 999 9999.0 999.0 999.0 999.0 99.0 99.00
2008 11 11 12 00 327  3.2  4.2 99.00 99.00 99.00 999 9999.0   2.9  12.0 999.0 99.0 99.00
2008 11 11 12 10 318  3.0  3.9 99.00 99.00 99.00 999 9999.0 999.0 999.0 999.0 99.0 99.00
2008 11 11 12 20 322  2.7  3.5 99.00 99.00 99.00 999 9999.0 999.0 999.0 999.0 99.0 99.00
2008 11 11 12 30 325  3.0  4.7 99.00 99.00 99.00 999 9999.0 999.0 999.0 999.0 99.0 99.00
2008 11 11 12 40 336  4.3  6.3 99.00 99.00 99.00 999 9999.0 999.0 999.0 999.0 99.0 99.00
2008 11 11 12 50 341  4.8  6.3 99.00 99.00 99.00 999 9999.0 999.0 999.0 999.0 99.0 99.00
2008 11 11 13 00 344  4.8  5.9 99.00 99.00 99.00 999 9999.0   4.2  12.0 999.0 99.0 99.00
2008 11 11 13 10 348  4.8  5.8 99.00 99.00 99.00 999 9999.0 999.0 999.0 999.0 99.0 99.00
2008 11 11 13 20 344  4.4  5.5 99.00 99.00 99.00 999 9999.0 999.0 999.0 999.0 99.0 99.00
2008 11 11 13 30 350  4.7  5.9 99.00 99.00 99.00 999 9999.0 999.0 999.0 999.0 99.0 99.00
2008 11 11 13 40 344  4.6  5.8 99.00 99.00 99.00 999 9999.0 999.0 999.0 999.0 99.0 99.00
2008 11 11 13 50 347  5.2  7.0 99.00 99.00 99.00 999 9999.0 999.0 999.0 999.0 99.0 99.00
2008 11 11 14 00 342  4.8  6.9 99.00 99.00 99.00 999 9999.0   5.2  12.0 999.0 99.0 99.00
2008 11 11 14 10 337  4.5  5.6 99.00 99.00 99.00 999 9999.0 999.0 999.0 999.0 99.0 99.00
2008 11 11 14 20 342  5.1  6.9 99.00 99.00 99.00 999 9999.0 999.0 999.0 999.0 99.0 99.00
2008 11 11 14 30 349  4.2  5.6 99.00 99.00 99.00 999 9999.0 999.0 999.0 999.0 99.0 99.00
2008 11 11 14 40 349  4.5  5.7 99.00 99.00 99.00 999 9999.0 999.0 999.0 999.0 99.0 99.00
2008 11 11 14 50 352  4.9  6.3 99.00 99.00 99.00 999 9999.0 999.0 999.0 999.0 99.0 99.00
2008 11 11 15 00 353  5.0  6.6 99.00 99.00 99.00 999 9999.0   6.5  12.2 999.0 99.0 99.00
2008 11 11 15 10 354  5.2  6.6 99.00 99.00 99.00 999 9999.0 999.0 999.0 999.0 99.0 99.00
2008 11 11 15 20 343  5.5  7.1 99.00 99.00 99.00 999 9999.0 999.0 999.0 999.0 99.0 99.00
2008 11 11 15 30 346  4.9  6.4 99.00 99.00 99.00 999 9999.0 999.0 999.0 999.0 99.0 99.00
2008 11 11 15 40 353  4.9  6.1 99.00 99.00 99.00 999 9999.0 999.0 999.0 999.0 99.0 99.00
2008 11 11 15 50 353  4.8  6.4 99.00 99.00 99.00 999 9999.0 999.0 999.0 999.0 99.0 99.00
2008 11 11 16 00 350  5.3  7.1 99.00 99.00 99.00 999 9999.0   7.6  12.2 999.0 99.0 99.00
2008 11 11 16 10 349  4.9  6.3 99.00 99.00 99.00 999 9999.0 999.0 999.0 999.0 99.0 99.00
2008 11 11 16 20 350  4.9  6.2 99.00 99.00 99.00 999 9999.0 999.0 999.0 999.0 99.0 99.00
2008 11 11 16 30 353  5.2  6.4 99.00 99.00 99.00 999 9999.0 999.0 999.0 999.0 99.0 99.00
2008 11 11 16 40 346  4.8  6.8 99.00 99.00 99.00 999 9999.0 999.0 999.0 999.0 99.0 99.00
2008 11 11 16 50 348  5.0  6.4 99.00 99.00 99.00 999 9999.0 999.0 999.0 999.0 99.0 99.00
2008 11 11 17 00 345  5.3  6.6 99.00 99.00 99.00 999 9999.0   8.0  12.1 999.0 99.0 99.00
2008 11 11 17 10 350  5.5  7.1 99.00 99.00 99.00 999 9999.0 999.0 999.0 999.0 99.0 99.00
2008 11 11 17 20 356  5.6  6.9 99.00 99.00 99.00 999 9999.0 999.0 999.0 999.0 99.0 99.00
2008 11 11 17 30   8  5.2  6.9 99.00 99.00 99.00 999 9999.0 999.0 999.0 999.0 99.0 99.00
2008 11 11 17 40   1  4.6  6.7 99.00 99.00 99.00 999 9999.0 999.0 999.0 999.0 99.0 99.00
2008 11 11 17 50   8  4.3  6.3 99.00 99.00 99.00 999 9999.0 999.0 999.0 999.0 99.0 99.00
2008 11 11 18 00 350  4.5  6.4 99.00 99.00 99.00 999 9999.0   8.7  12.2 999.0 99.0 99.00
2008 11 11 18 10 358  4.8  7.1 99.00 99.00 99.00 999 9999.0 999.0 999.0 999.0 99.0 99.00
2008 11 11 18 20   2  5.2  6.8 99.00 99.00 99.00 999 9999.0 999.0 999.0 999.0 99.0 99.00
2008 11 11 18 30 351  4.6  6.7 99.00 99.00 99.00 999 9999.0 999.0 999.0 999.0 99.0 99.00
2008 11 11 18 40 358  3.4  5.6 99.00 99.00 99.00 999 9999.0 999.0 999.0 999.0 99.0 99.00
2008 11 11 18 50 353  5.5  7.2 99.00 99.00 99.00 999 9999.0 999.0 999.0 999.0 99.0 99.00
2008 11 11 19 00 349  3.9  6.4 99.00 99.00 99.00 999 9999.0   9.1  12.2 999.0 99.0 99.00
2008 11 11 19 10 350  5.7  7.4 99.00 99.00 99.00 999 9999.0 999.0 999.0 999.0 99.0 99.00
2008 11 11 19 20 346  3.7  5.9 99.00 99.00 99.00 999 9999.0 999.0 999.0 999.0 99.0 99.00
2008 11 11 19 30 358  4.2  6.6 99.00 99.00 99.00 999 9999.0 999.0 999.0 999.0 99.0 99.00
2008 11 11 19 40 347  5.6  7.4 99.00 99.00 99.00 999 9999.0 999.0 999.0 999.0 99.0 99.00
2008 11 11 19 50 343  4.3  5.7 99.00 99.00 99.00 999 9999.0 999.0 999.0 999.0 99.0 99.00
2008 11 11 20 00 344  3.5  5.0 99.00 99.00 99.00 999 9999.0   9.4  12.2 999.0 99.0 99.00
2008 11 11 20 10 344  3.7  5.2 99.00 99.00 99.00 999 9999.0 999.0 999.0 999.0 99.0 99.00
2008 11 11 20 20 345  4.5  5.7 99.00 99.00 99.00 999 9999.0 999.0 999.0 999.0 99.0 99.00
2008 11 11 20 30 344  4.5  6.4 99.00 99.00 99.00 999 9999.0 999.0 999.0 999.0 99.0 99.00
2008 11 11 20 40 344  4.7  6.2 99.00 99.00 99.00 999 9999.0 999.0 999.0 999.0 99.0 99.00
2008 11 11 20 50 348  4.6  6.5 99.00 99.00 99.00 999 9999.0 999.0 999.0 999.0 99.0 99.00
2008 11 11 21 00 346  5.5  7.0 99.00 99.00 99.00 999 9999.0   9.4  12.2 999.0 99.0 99.00
2008 11 11 21 10 344  5.1  6.1 99.00 99.00 99.00 999 9999.0 999.0 999.0 999.0 99.0 99.00
2008 11 11 21 20 353  5.1  6.6 99.00 99.00 99.00 999 9999.0 999.0 999.0 999.0 99.0 99.00
2008 11 11 21 30 348  4.7  5.8 99.00 99.00 99.00 999 9999.0 999.0 999.0 999.0 99.0 99.00
2008 11 11 21 40 351  4.1  5.4 99.00 99.00 99.00 999 9999.0 999.0 999.0 999.0 99.0 99.00
2008 11 11 21 50 332  4.7  6.4 99.00 99.00 99.00 999 9999.0 999.0 999.0 999.0 99.0 99.00
2008 11 11 22 00 347  4.2  5.4 99.00 99.00 99.00 999 9999.0   8.8  12.1 999.0 99.0 99.00
2008 11 11 22 10 334  4.8  6.0 99.00 99.00 99.00 999 9999.0 999.0 999.0 999.0 99.0 99.00
2008 11 11 22 20 333  4.5  5.6 99.00 99.00 99.00 999 9999.0 999.0 999.0 999.0 99.0 99.00
2008 11 11 22 30 337  4.8  6.3 99.00 99.00 99.00 999 9999.0 999.0 999.0 999.0 99.0 99.00
2008 11 11 22 40 340  4.4  5.7 99.00 99.00 99.00 999 9999.0 999.0 999.0 999.0 99.0 99.00
2008 11 11 22 50   3  4.2  5.4 99.00 99.00 99.00 999 9999.0 999.0 999.0 999.0 99.0 99.00
2008 11 11 23 00   5  4.4  5.7 99.00 99.00 99.00 999 9999.0   7.8  12.1 999.0 99.0 99.00
2008 11 11 23 10   5  4.5  5.4 99.00 99.00 99.00 999 9999.0 999.0 999.0 999.0 99.0 99.00
2008 11 11 23 20  12  3.5  4.5 99.00 99.00 99.00 999 9999.0 999.0 999.0 999.0 99.0 99.00
2008 11 11 23 30   6  4.1  5.5 99.00 99.00 99.00 999 9999.0 999.0 999.0 999.0 99.0 99.00
2008 11 11 23 40   8  4.2  5.5 99.00 99.00 99.00 999 9999.0 999.0 999.0 999.0 99.0 99.00
2008 11 11 23 50   4  4.5  5.6 99.00 99.00 99.00 999 9999.0 999.0 999.0 999.0 99.0 99.00
2008 11 12 00 00   8  4.1  5.1 99.00 99.00 99.00 999 9999.0   7.2  12.1 999.0 99.0 99.00
2008 11 12 00 10   8  4.2  5.2 99.00 99.00 99.00 999 9999.0 999.0 999.0 999.0 99.0 99.00
2008 11 12 00 20  10  3.8  4.5 99.00 99.00 99.00 999 9999.0 999.0 999.0 999.0 99.0 99.00
2008 11 12 00 30   7  4.1  5.2 99.00 99.00 99.00 999 9999.0 999.0 999.0 999.0 99.0 99.00
2008 11 12 00 40   8  4.6  5.5 99.00 99.00 99.00 999 9999.0 999.0 999.0 999.0 99.0 99.00
2008 11 12 00 50  10  4.3  5.1 99.00 99.00 99.00 999 9999.0 999.0 999.0 999.0 99.0 99.00
2008 11 12 01 00  11  4.0  4.8 99.00 99.00 99.00 999 9999.0   6.9  12.1 999.0 99.0 99.00
2008 11 12 01 10  12  4.1  4.9 99.00 99.00 99.00 999 9999.0 999.0 999.0 999.0 99.0 99.00
2008 11 12 01 20  14  4.1  5.1 99.00 99.00 99.00 999 9999.0 999.0 999.0 999.0 99.0 99.00
2008 11 12 01 30  14  3.8  4.6 99.00 99.00 99.00 999 9999.0 999.0 999.0 999.0 99.0 99.00
2008 11 12 01 40  12  3.8  4.6 99.00 99.00 99.00 999 9999.0 999.0 999.0 999.0 99.0 99.00
2008 11 12 01 50  12  3.6  4.6 99.00 99.00 99.00 999 9999.0 999.0 999.0 999.0 99.0 99.00
2008 11 12 02 00  12  3.6  4.8 99.00 99.00 99.00 999 9999.0   6.6  12.0 999.0 99.0 99.00
2008 11 12 02 10  12  3.5  4.4 99.00 99.00 99.00 999 9999.0 999.0 999.0 999.0 99.0 99.00
2008 11 12 02 20   7  3.5  4.2 99.00 99.00 99.00 999 9999.0 999.0 999.0 999.0 99.0 99.00
2008 11 12 02 30   8  3.3  4.2 99.00 99.00 99.00 999 9999.0 999.0 999.0 999.0 99.0 99.00
2008 11 12 02 40  11  2.7  3.6 99.00 99.00 99.00 999 9999.0 999.0 999.0 999.0 99.0 99.00
2008 11 12 02 50  13  2.9  3.7 99.00 99.00 99.00 999 9999.0 999.0 999.0 999.0 99.0 99.00
2008 11 12 03 00   8  2.9  3.6 99.00 99.00 99.00 999 9999.0   6.5  12.1 999.0 99.0 99.00
2008 11 12 03 10 355  3.8  5.1 99.00 99.00 99.00 999 9999.0 999.0 999.0 999.0 99.0 99.00
2008 11 12 03 20   3  3.8  4.5 99.00 99.00 99.00 999 9999.0 999.0 999.0 999.0 99.0 99.00
2008 11 12 03 30   6  3.2  4.2 99.00 99.00 99.00 999 9999.0 999.0 999.0 999.0 99.0 99.00
2008 11 12 03 40   9  3.3  4.2 99.00 99.00 99.00 999 9999.0 999.0 999.0 999.0 99.0 99.00
2008 11 12 03 50  13  3.1  3.8 99.00 99.00 99.00 999 9999.0 999.0 999.0 999.0 99.0 99.00
2008 11 12 04 00   6  2.7  3.4 99.00 99.00 99.00 999 9999.0   6.2  12.0 999.0 99.0 99.00
2008 11 12 04 10   3  2.1  2.9 99.00 99.00 99.00 999 9999.0 999.0 999.0 999.0 99.0 99.00
2008 11 12 04 20 352  2.3  3.2 99.00 99.00 99.00 999 9999.0 999.0 999.0 999.0 99.0 99.00
2008 11 12 04 30 336  2.7  3.6 99.00 99.00 99.00 999 9999.0 999.0 999.0 999.0 99.0 99.00
2008 11 12 04 40   3  3.4  4.8 99.00 99.00 99.00 999 9999.0 999.0 999.0 999.0 99.0 99.00
2008 11 12 04 50  14  3.5  4.4 99.00 99.00 99.00 999 9999.0 999.0 999.0 999.0 99.0 99.00
2008 11 12 05 00  13  3.1  3.6 99.00 99.00 99.00 999 9999.0   6.2  12.0 999.0 99.0 99.00
2008 11 12 05 10  11  3.0  3.8 99.00 99.00 99.00 999 9999.0 999.0 999.0 999.0 99.0 99.00
2008 11 12 05 20   7  2.5  3.0 99.00 99.00 99.00 999 9999.0 999.0 999.0 999.0 99.0 99.00
2008 11 12 05 30   3  2.4  3.2 99.00 99.00 99.00 999 9999.0 999.0 999.0 999.0 99.0 99.00
2008 11 12 05 40 359  2.5  3.2 99.00 99.00 99.00 999 9999.0 999.0 999.0 999.0 99.0 99.00
2008 11 12 05 50   5  2.9  4.0 99.00 99.00 99.00 999 9999.0 999.0 999.0 999.0 99.0 99.00
2008 11 12 06 00 358  2.7  3.8 99.00 99.00 99.00 999 9999.0   6.4  12.1 999.0 99.0 99.00
2008 11 12 06 10   3  3.2  3.9 99.00 99.00 99.00 999 9999.0 999.0 999.0 999.0 99.0 99.00
2008 11 12 06 20   8  3.0  3.7 99.00 99.00 99.00 999 9999.0 999.0 999.0 999.0 99.0 99.00
2008 11 12 06 30   6  3.6  4.2 99.00 99.00 99.00 999 9999.0 999.0 999.0 999.0 99.0 99.00
2008 11 12 06 40  21  2.9  3.8 99.00 99.00 99.00 999 9999.0 999.0 999.0 999.0 99.0 99.00
2008 11 12 06 50  44  1.5  2.4 99.00 99.00 99.00 999 9999.0 999.0 999.0 999.0 99.0 99.00
2008 11 12 07 00  19  0.8  1.4 99.00 99.00 99.00 999 9999.0   6.0  12.1 999.0 99.0 99.00
2008 11 12 07 10  72  0.8  1.4 99.00 99.00 99.00 999 9999.0 999.0 999.0 999.0 99.0 99.00
2008 11 12 07 20  88  0.9  1.9 99.00 99.00 99.00 999 9999.0 999.0 999.0 999.0 99.0 99.00
2008 11 12 07 30  93  1.4  2.1 99.00 99.00 99.00 999 9999.0 999.0 999.0 999.0 99.0 99.00
2008 11 12 07 40  10  1.5  2.4 99.00 99.00 99.00 999 9999.0 999.0 999.0 999.0 99.0 99.00
2008 11 12 07 50   6  2.1  3.0 99.00 99.00 99.00 999 9999.0 999.0 999.0 999.0 99.0 99.00
2008 11 12 08 00  15  2.2  2.9 99.00 99.00 99.00 999 9999.0   6.4  12.0 999.0 99.0 99.00
2008 11 12 08 10  11  1.9  3.3 99.00 99.00 99.00 999 9999.0 999.0 999.0 999.0 99.0 99.00
2008 11 12 08 20  21  1.9  2.6 99.00 99.00 99.00 999 9999.0 999.0 999.0 999.0 99.0 99.00
2008 11 12 08 30  16  1.8  2.5 99.00 99.00 99.00 999 9999.0 999.0 999.0 999.0 99.0 99.00
2008 11 12 08 40  25  1.7  2.4 99.00 99.00 99.00 999 9999.0 999.0 999.0 999.0 99.0 99.00
2008 11 12 08 50  36  1.1  1.9 99.00 99.00 99.00 999 9999.0 999.0 999.0 999.0 99.0 99.00
2008 11 12 09 00  63  0.7  1.5 99.00 99.00 99.00 999 9999.0   6.2  12.0 999.0 99.0 99.00
2008 11 12 09 10 114  0.5  1.3 99.00 99.00 99.00 999 9999.0 999.0 999.0 999.0 99.0 99.00
2008 11 12 09 20 114  1.0  1.8 99.00 99.00 99.00 999 9999.0 999.0 999.0 999.0 99.0 99.00
2008 11 12 09 30  84  0.5  1.3 99.00 99.00 99.00 999 9999.0 999.0 999.0 999.0 99.0 99.00
2008 11 12 09 40  13  1.2  2.2 99.00 99.00 99.00 999 9999.0 999.0 999.0 999.0 99.0 99.00
2008 11 12 09 50  27  1.6  2.3 99.00 99.00 99.00 999 9999.0 999.0 999.0 999.0 99.0 99.00
2008 11 12 10 00  25  1.3  1.9 99.00 99.00 99.00 999 9999.0   6.5  12.0 999.0 99.0 99.00
2008 11 12 10 10  25  1.5  2.3 99.00 99.00 99.00 999 9999.0 999.0 999.0 999.0 99.0 99.00
2008 11 12 10 20  42  1.5  2.1 99.00 99.00 99.00 999 9999.0 999.0 999.0 999.0 99.0 99.00
2008 11 12 10 30  11  1.9  2.6 99.00 99.00 99.00 999 9999.0 999.0 999.0 999.0 99.0 99.00
2008 11 12 10 40   1  2.3  2.9 99.00 99.00 99.00 999 9999.0 999.0 999.0 999.0 99.0 99.00
2008 11 12 10 50  15  2.4  2.9 99.00 99.00 99.00 999 9999.0 999.0 999.0 999.0 99.0 99.00
2008 11 12 11 00  10  2.1  2.7 99.00 99.00 99.00 999 9999.0   6.3  12.0 999.0 99.0 99.00
2008 11 12 11 10 347  1.7  2.4 99.00 99.00 99.00 999 9999.0 999.0 999.0 999.0 99.0 99.00
2008 11 12 11 20 313  1.2  1.7 99.00 99.00 99.00 999 9999.0 999.0 999.0 999.0 99.0 99.00
2008 11 12 11 30 336  1.2  1.9 99.00 99.00 99.00 999 9999.0 999.0 999.0 999.0 99.0 99.00
2008 11 12 11 40 310  0.8  1.3 99.00 99.00 99.00 999 9999.0 999.0 999.0 999.0 99.0 99.00
2008 11 12 11 50 324  0.8  1.5 99.00 99.00 99.00 999 9999.0 999.0 999.0 999.0 99.0 99.00
2008 11 12 12 00 302  0.7  1.4 99.00 99.00 99.00 999 9999.0   6.3  12.0 999.0 99.0 99.00
2008 11 12 12 10 358  0.8  1.5 99.00 99.00 99.00 999 9999.0 999.0 999.0 999.0 99.0 99.00
2008 11 12 12 20  49  0.9  1.6 99.00 99.00 99.00 999 9999.0 999.0 999.0 999.0 99.0 99.00
2008 11 12 12 30  70  1.4  2.2 99.00 99.00 99.00 999 9999.0 999.0 999.0 999.0 99.0 99.00
2008 11 12 12 40  34  0.9  1.4 99.00 99.00 99.00 999 9999.0 999.0 999.0 999.0 99.0 99.00
2008 11 12 12 50  33  1.6  2.2 99.00 99.00 99.00 999 9999.0 999.0 999.0 999.0 99.0 99.00
2008 11 12 13 00  46  2.3  2.9 99.00 99.00 99.00 999 9999.0   6.2  11.9 999.0 99.0 99.00
2008 11 12 13 10  33  2.2  2.5 99.00 99.00 99.00 999 9999.0 999.0 999.0 999.0 99.0 99.00
2008 11 12 13 20  67  2.2  2.9 99.00 99.00 99.00 999 9999.0 999.0 999.0 999.0 99.0 99.00
2008 11 12 13 30  79  2.4  3.1 99.00 99.00 99.00 999 9999.0 999.0 999.0 999.0 99.0 99.00
2008 11 12 13 40  77  2.1  2.8 99.00 99.00 99.00 999 9999.0 999.0 999.0 999.0 99.0 99.00
2008 11 12 13 50  75  2.2  2.8 99.00 99.00 99.00 999 9999.0 999.0 999.0 999.0 99.0 99.00
2008 11 12 14 00  65  2.1  2.7 99.00 99.00 99.00 999 9999.0   6.4  11.9 999.0 99.0 99.00
2008 11 12 14 10  62  1.7  2.4 99.00 99.00 99.00 999 9999.0 999.0 999.0 999.0 99.0 99.00
2008 11 12 14 20  49  1.6  2.3 99.00 99.00 99.00 999 9999.0 999.0 999.0 999.0 99.0 99.00
2008 11 12 14 30  56  1.7  2.4 99.00 99.00 99.00 999 9999.0 999.0 999.0 999.0 99.0 99.00
2008 11 12 16 00 157  1.2  2.0 99.00 99.00 99.00 999 9999.0   7.8  12.1 999.0 99.0 99.00
2008 11 12 16 10 138  1.5  2.3 99.00 99.00 99.00 999 9999.0 999.0 999.0 999.0 99.0 99.00
2008 11 12 16 20 141  1.4  2.0 99.00 99.00 99.00 999 9999.0 999.0 999.0 999.0 99.0 99.00
2008 11 12 16 30 144  1.6  2.6 99.00 99.00 99.00 999 9999.0 999.0 999.0 999.0 99.0 99.00
2008 11 12 16 40 139  1.6  2.8 99.00 99.00 99.00 999 9999.0 999.0 999.0 999.0 99.0 99.00
2008 11 12 16 50 169  1.2  2.3 99.00 99.00 99.00 999 9999.0 999.0 999.0 999.0 99.0 99.00
2008 11 12 17 00 150  0.9  2.0 99.00 99.00 99.00 999 9999.0   8.4  12.4 999.0 99.0 99.00
2008 11 12 17 10 139  0.7  1.6 99.00 99.00 99.00 999 9999.0 999.0 999.0 999.0 99.0 99.00
2008 11 12 17 20 166  1.0  1.7 99.00 99.00 99.00 999 9999.0 999.0 999.0 999.0 99.0 99.00
2008 11 12 17 30 135  0.6  1.5 99.00 99.00 99.00 999 9999.0 999.0 999.0 999.0 99.0 99.00
2008 11 12 17 40 132  1.3  2.2 99.00 99.00 99.00 999 9999.0 999.0 999.0 999.0 99.0 99.00
2008 11 12 17 50 133  1.2  2.1 99.00 99.00 99.00 999 9999.0 999.0 999.0 999.0 99.0 99.00
2008 11 12 18 00 133  1.2  1.8 99.00 99.00 99.00 999 9999.0   9.1  12.8 999.0 99.0 99.00
2008 11 12 18 10 134  1.3  1.8 99.00 99.00 99.00 999 9999.0 999.0 999.0 999.0 99.0 99.00
2008 11 12 18 20 130  1.4  2.3 99.00 99.00 99.00 999 9999.0 999.0 999.0 999.0 99.0 99.00
2008 11 12 18 30 133  1.4  2.1 99.00 99.00 99.00 999 9999.0 999.0 999.0 999.0 99.0 99.00
2008 11 12 18 40 131  1.1  1.9 99.00 99.00 99.00 999 9999.0 999.0 999.0 999.0 99.0 99.00
2008 11 12 18 50 136  1.3  2.0 99.00 99.00 99.00 999 9999.0 999.0 999.0 999.0 99.0 99.00
2008 11 12 19 00 145  1.6  2.4 99.00 99.00 99.00 999 9999.0   9.3  12.6 999.0 99.0 99.00
2008 11 12 19 10 151  1.7  2.5 99.00 99.00 99.00 999 9999.0 999.0 999.0 999.0 99.0 99.00
2008 11 12 19 20 155  2.3  2.9 99.00 99.00 99.00 999 9999.0 999.0 999.0 999.0 99.0 99.00
2008 11 12 19 30 158  2.5  3.4 99.00 99.00 99.00 999 9999.0 999.0 999.0 999.0 99.0 99.00
2008 11 12 19 40 158  2.3  2.9 99.00 99.00 99.00 999 9999.0 999.0 999.0 999.0 99.0 99.00
2008 11 12 19 50 155  2.1  2.7 99.00 99.00 99.00 999 9999.0 999.0 999.0 999.0 99.0 99.00
2008 11 12 20 00 169  2.7  3.6 99.00 99.00 99.00 999 9999.0   9.6  12.5 999.0 99.0 99.00
2008 11 12 20 10 175  2.9  3.6 99.00 99.00 99.00 999 9999.0 999.0 999.0 999.0 99.0 99.00
2008 11 12 20 20 172  2.4  2.9 99.00 99.00 99.00 999 9999.0 999.0 999.0 999.0 99.0 99.00
2008 11 12 20 30 182  2.3  2.8 99.00 99.00 99.00 999 9999.0 999.0 999.0 999.0 99.0 99.00
2008 11 12 20 40 170  2.1  2.7 99.00 99.00 99.00 999 9999.0 999.0 999.0 999.0 99.0 99.00
2008 11 12 20 50 173  1.8  2.3 99.00 99.00 99.00 999 9999.0 999.0 999.0 999.0 99.0 99.00
2008 11 12 21 00 180  1.9  2.4 99.00 99.00 99.00 999 9999.0  10.0  12.4 999.0 99.0 99.00
2008 11 12 21 10 178  1.9  2.4 99.00 99.00 99.00 999 9999.0 999.0 999.0 999.0 99.0 99.00
2008 11 12 21 20 182  1.8  2.3 99.00 99.00 99.00 999 9999.0 999.0 999.0 999.0 99.0 99.00
2008 11 12 21 30 180  1.4  1.9 99.00 99.00 99.00 999 9999.0 999.0 999.0 999.0 99.0 99.00
2008 11 12 21 40 187  1.6  2.2 99.00 99.00 99.00 999 9999.0 999.0 999.0 999.0 99.0 99.00
2008 11 12 21 50 188  1.3  2.0 99.00 99.00 99.00 999 9999.0 999.0 999.0 999.0 99.0 99.00
2008 11 12 22 00 195  1.4  1.8 99.00 99.00 99.00 999 9999.0   9.8  12.3 999.0 99.0 99.00
2008 11 12 22 10 207  1.4  1.8 99.00 99.00 99.00 999 9999.0 999.0 999.0 999.0 99.0 99.00
2008 11 12 22 20 213  1.1  1.7 99.00 99.00 99.00 999 9999.0 999.0 999.0 999.0 99.0 99.00
2008 11 12 22 30 219  1.1  1.8 99.00 99.00 99.00 999 9999.0 999.0 999.0 999.0 99.0 99.00
2008 11 12 22 40 211  1.4  2.0 99.00 99.00 99.00 999 9999.0 999.0 999.0 999.0 99.0 99.00
2008 11 12 22 50 212  1.4  2.1 99.00 99.00 99.00 999 9999.0 999.0 999.0 999.0 99.0 99.00
2008 11 12 23 00 214  1.9  2.3 99.00 99.00 99.00 999 9999.0   9.9  12.4 999.0 99.0 99.00
2008 11 12 23 10 220  2.1  2.8 99.00 99.00 99.00 999 9999.0 999.0 999.0 999.0 99.0 99.00
2008 11 12 23 20 229  2.3  2.9 99.00 99.00 99.00 999 9999.0 999.0 999.0 999.0 99.0 99.00
2008 11 12 23 30 231  1.9  2.5 99.00 99.00 99.00 999 9999.0 999.0 999.0 999.0 99.0 99.00
2008 11 12 23 40 219  1.9  2.5 99.00 99.00 99.00 999 9999.0 999.0 999.0 999.0 99.0 99.00
2008 11 12 23 50 223  1.7  2.3 99.00 99.00 99.00 999 9999.0 999.0 999.0 999.0 99.0 99.00
2008 11 13 00 00 228  1.4  1.9 99.00 99.00 99.00 999 9999.0   9.9  12.3 999.0 99.0 99.00
2008 11 13 00 10 212  2.0  3.4 99.00 99.00 99.00 999 9999.0 999.0 999.0 999.0 99.0 99.00
2008 11 13 00 20 200  3.3  4.0 99.00 99.00 99.00 999 9999.0 999.0 999.0 999.0 99.0 99.00
2008 11 13 00 30 189  3.0  3.7 99.00 99.00 99.00 999 9999.0 999.0 999.0 999.0 99.0 99.00
2008 11 13 00 40 192  3.4  4.0 99.00 99.00 99.00 999 9999.0 999.0 999.0 999.0 99.0 99.00
2008 11 13 00 50 195  3.4  4.5 99.00 99.00 99.00 999 9999.0 999.0 999.0 999.0 99.0 99.00
2008 11 13 01 00 193  3.7  4.7 99.00 99.00 99.00 999 9999.0   9.4  12.2 999.0 99.0 99.00
2008 11 13 01 10 185  4.2  5.2 99.00 99.00 99.00 999 9999.0 999.0 999.0 999.0 99.0 99.00
2008 11 13 01 20 156  4.0  5.0 99.00 99.00 99.00 999 9999.0 999.0 999.0 999.0 99.0 99.00
2008 11 13 01 30 168  4.0  4.6 99.00 99.00 99.00 999 9999.0 999.0 999.0 999.0 99.0 99.00
2008 11 13 01 40 180  3.9  4.9 99.00 99.00 99.00 999 9999.0 999.0 999.0 999.0 99.0 99.00
2008 11 13 01 50 178  3.7  5.1 99.00 99.00 99.00 999 9999.0 999.0 999.0 999.0 99.0 99.00
2008 11 13 02 00 174  3.7  4.6 99.00 99.00 99.00 999 9999.0   9.0  12.3 999.0 99.0 99.00
2008 11 13 02 10 163  3.3  4.0 99.00 99.00 99.00 999 9999.0 999.0 999.0 999.0 99.0 99.00
2008 11 13 02 20 156  3.4  4.3 99.00 99.00 99.00 999 9999.0 999.0 999.0 999.0 99.0 99.00
2008 11 13 02 30 158  4.0  5.1 99.00 99.00 99.00 999 9999.0 999.0 999.0 999.0 99.0 99.00
2008 11 13 02 40 152  4.1  5.0 99.00 99.00 99.00 999 9999.0 999.0 999.0 999.0 99.0 99.00
2008 11 13 02 50 159  3.8  4.7 99.00 99.00 99.00 999 9999.0 999.0 999.0 999.0 99.0 99.00
2008 11 13 03 00 157  3.7  4.4 99.00 99.00 99.00 999 9999.0   8.7  12.3 999.0 99.0 99.00
2008 11 13 03 10 156  3.8  4.6 99.00 99.00 99.00 999 9999.0 999.0 999.0 999.0 99.0 99.00
2008 11 13 03 20 164  4.0  4.9 99.00 99.00 99.00 999 9999.0 999.0 999.0 999.0 99.0 99.00
2008 11 13 03 30 159  4.1  4.8 99.00 99.00 99.00 999 9999.0 999.0 999.0 999.0 99.0 99.00
2008 11 13 03 40 172  4.0  4.7 99.00 99.00 99.00 999 9999.0 999.0 999.0 999.0 99.0 99.00
2008 11 13 03 50 175  3.9  4.9 99.00 99.00 99.00 999 9999.0 999.0 999.0 999.0 99.0 99.00
2008 11 13 04 00 179  3.6  4.3 99.00 99.00 99.00 999 9999.0   8.6  12.3 999.0 99.0 99.00
2008 11 13 04 10 196  4.2  5.2 99.00 99.00 99.00 999 9999.0 999.0 999.0 999.0 99.0 99.00
2008 11 13 04 20 196  4.3  5.1 99.00 99.00 99.00 999 9999.0 999.0 999.0 999.0 99.0 99.00
2008 11 13 04 30 202  4.0  4.9 99.00 99.00 99.00 999 9999.0 999.0 999.0 999.0 99.0 99.00
2008 11 13 04 40 189  3.4  4.1 99.00 99.00 99.00 999 9999.0 999.0 999.0 999.0 99.0 99.00
2008 11 13 04 50 189  3.7  4.5 99.00 99.00 99.00 999 9999.0 999.0 999.0 999.0 99.0 99.00
2008 11 13 05 00 188  3.8  4.4 99.00 99.00 99.00 999 9999.0   8.9  12.3 999.0 99.0 99.00
2008 11 13 05 10 187  3.6  4.5 99.00 99.00 99.00 999 9999.0 999.0 999.0 999.0 99.0 99.00
2008 11 13 05 20 179  3.7  4.7 99.00 99.00 99.00 999 9999.0 999.0 999.0 999.0 99.0 99.00
2008 11 13 05 30 170  3.7  4.6 99.00 99.00 99.00 999 9999.0 999.0 999.0 999.0 99.0 99.00
2008 11 13 05 40 152  3.1  4.1 99.00 99.00 99.00 999 9999.0 999.0 999.0 999.0 99.0 99.00
2008 11 13 05 50 173  2.5  4.0 99.00 99.00 99.00 999 9999.0 999.0 999.0 999.0 99.0 99.00
2008 11 13 06 00 154  2.9  3.9 99.00 99.00 99.00 999 9999.0   8.8  12.4 999.0 99.0 99.00
2008 11 13 06 10 151  3.3  4.6 99.00 99.00 99.00 999 9999.0 999.0 999.0 999.0 99.0 99.00
2008 11 13 06 20 145  2.8  3.9 99.00 99.00 99.00 999 9999.0 999.0 999.0 999.0 99.0 99.00
2008 11 13 06 30 156  2.8  3.8 99.00 99.00 99.00 999 9999.0 999.0 999.0 999.0 99.0 99.00
2008 11 13 06 40 154  3.0  3.7 99.00 99.00 99.00 999 9999.0 999.0 999.0 999.0 99.0 99.00
2008 11 13 06 50 158  2.9  3.6 99.00 99.00 99.00 999 9999.0 999.0 999.0 999.0 99.0 99.00
2008 11 13 07 00 163  2.8  3.9 99.00 99.00 99.00 999 9999.0   8.6  12.5 999.0 99.0 99.00
2008 11 13 07 10 161  2.8  3.7 99.00 99.00 99.00 999 9999.0 999.0 999.0 999.0 99.0 99.00
2008 11 13 07 20 158  2.9  3.6 99.00 99.00 99.00 999 9999.0 999.0 999.0 999.0 99.0 99.00
2008 11 13 07 30 164  2.9  3.7 99.00 99.00 99.00 999 9999.0 999.0 999.0 999.0 99.0 99.00
2008 11 13 07 40 158  3.2  4.1 99.00 99.00 99.00 999 9999.0 999.0 999.0 999.0 99.0 99.00
2008 11 13 07 50 158  3.0  3.8 99.00 99.00 99.00 999 9999.0 999.0 999.0 999.0 99.0 99.00
2008 11 13 08 00 145  3.1  4.0 99.00 99.00 99.00 999 9999.0   8.6  12.6 999.0 99.0 99.00
2008 11 13 08 10 132  3.2  4.0 99.00 99.00 99.00 999 9999.0 999.0 999.0 999.0 99.0 99.00
2008 11 13 08 20  85  2.9  4.1 99.00 99.00 99.00 999 9999.0 999.0 999.0 999.0 99.0 99.00
2008 11 13 08 30  59  2.3  3.2 99.00 99.00 99.00 999 9999.0 999.0 999.0 999.0 99.0 99.00
2008 11 13 08 40  62  1.2  2.2 99.00 99.00 99.00 999 9999.0 999.0 999.0 999.0 99.0 99.00
2008 11 13 08 50  71  2.1  2.7 99.00 99.00 99.00 999 9999.0 999.0 999.0 999.0 99.0 99.00
2008 11 13 10 00  83  3.0  3.7 99.00 99.00 99.00 999 9999.0   7.5  12.6 999.0 99.0 99.00
2008 11 13 10 10  84  3.4  4.3 99.00 99.00 99.00 999 9999.0 999.0 999.0 999.0 99.0 99.00
2008 11 13 10 20  78  2.6  3.2 99.00 99.00 99.00 999 9999.0 999.0 999.0 999.0 99.0 99.00
2008 11 13 10 30  83  2.8  3.4 99.00 99.00 99.00 999 9999.0 999.0 999.0 999.0 99.0 99.00
2008 11 13 10 40  95  2.9  3.8 99.00 99.00 99.00 999 9999.0 999.0 999.0 999.0 99.0 99.00
2008 11 13 10 50  99  2.5  3.4 99.00 99.00 99.00 999 9999.0 999.0 999.0 999.0 99.0 99.00
2008 11 13 12 10 109  4.0  5.2 99.00 99.00 99.00 999 9999.0   8.5 999.0 999.0 99.0 99.00
2008 11 13 12 20 104  4.4  5.7 99.00 99.00 99.00 999 9999.0 999.0 999.0 999.0 99.0 99.00
2008 11 13 12 30  84  3.1  4.5 99.00 99.00 99.00 999 9999.0 999.0 999.0 999.0 99.0 99.00
2008 11 13 12 40  94  2.2  3.4 99.00 99.00 99.00 999 9999.0 999.0 999.0 999.0 99.0 99.00
2008 11 13 12 50 101  2.4  3.0 99.00 99.00 99.00 999 9999.0 999.0 999.0 999.0 99.0 99.00
2008 11 13 13 00  95  2.3  3.1 99.00 99.00 99.00 999 9999.0   8.8  12.4 999.0 99.0 99.00
2008 11 13 13 10  98  2.4  3.4 99.00 99.00 99.00 999 9999.0 999.0 999.0 999.0 99.0 99.00
2008 11 13 13 20  96  2.4  3.7 99.00 99.00 99.00 999 9999.0 999.0 999.0 999.0 99.0 99.00
2008 11 13 13 30 103  2.8  4.4 99.00 99.00 99.00 999 9999.0 999.0 999.0 999.0 99.0 99.00
2008 11 13 13 40  95  2.8  4.4 99.00 99.00 99.00 999 9999.0 999.0 999.0 999.0 99.0 99.00
2008 11 13 13 50 104  2.8  4.8 99.00 99.00 99.00 999 9999.0 999.0 999.0 999.0 99.0 99.00
2008 11 13 14 00  72  2.4  4.7 99.00 99.00 99.00 999 9999.0   9.4  12.5 999.0 99.0 99.00
2008 11 13 14 10  23  2.0  2.8 99.00 99.00 99.00 999 9999.0 999.0 999.0 999.0 99.0 99.00
2008 11 13 14 20  23  2.7  3.3 99.00 99.00 99.00 999 9999.0 999.0 999.0 999.0 99.0 99.00
2008 11 13 14 30  16  3.0  3.9 99.00 99.00 99.00 999 9999.0 999.0 999.0 999.0 99.0 99.00
2008 11 13 14 40   1  3.6  4.7 99.00 99.00 99.00 999 9999.0 999.0 999.0 999.0 99.0 99.00
2008 11 13 14 50   4  4.1  5.0 99.00 99.00 99.00 999 9999.0 999.0 999.0 999.0 99.0 99.00
2008 11 13 15 00   8  4.2  5.1 99.00 99.00 99.00 999 9999.0   9.6  12.6 999.0 99.0 99.00
2008 11 13 15 10   7  4.0  4.7 99.00 99.00 99.00 999 9999.0 999.0 999.0 999.0 99.0 99.00
2008 11 13 15 20 345  5.1  6.4 99.00 99.00 99.00 999 9999.0 999.0 999.0 999.0 99.0 99.00
2008 11 13 15 30 346  5.7  7.1 99.00 99.00 99.00 999 9999.0 999.0 999.0 999.0 99.0 99.00
2008 11 13 15 40 358  6.9  9.1 99.00 99.00 99.00 999 9999.0 999.0 999.0 999.0 99.0 99.00
2008 11 13 15 50   1  7.6  9.3 99.00 99.00 99.00 999 9999.0 999.0 999.0 999.0 99.0 99.00
2008 11 13 16 00   3  6.0  8.6 99.00 99.00 99.00 999 9999.0   9.0  12.5 999.0 99.0 99.00
2008 11 13 16 10   2  5.9  7.3 99.00 99.00 99.00 999 9999.0 999.0 999.0 999.0 99.0 99.00
2008 11 13 16 20   3  5.6  6.7 99.00 99.00 99.00 999 9999.0 999.0 999.0 999.0 99.0 99.00
2008 11 13 16 30  11  4.7  6.1 99.00 99.00 99.00 999 9999.0 999.0 999.0 999.0 99.0 99.00
2008 11 13 16 40  15  3.5  4.6 99.00 99.00 99.00 999 9999.0 999.0 999.0 999.0 99.0 99.00
2008 11 13 16 50  27  2.9  3.6 99.00 99.00 99.00 999 9999.0 999.0 999.0 999.0 99.0 99.00
2008 11 13 17 00  21  3.1  3.8 99.00 99.00 99.00 999 9999.0   9.1  12.7 999.0 99.0 99.00
2008 11 13 17 10  11  2.7  3.5 99.00 99.00 99.00 999 9999.0 999.0 999.0 999.0 99.0 99.00
2008 11 13 17 20  22  2.8  3.6 99.00 99.00 99.00 999 9999.0 999.0 999.0 999.0 99.0 99.00
2008 11 13 17 30  47  2.5  3.3 99.00 99.00 99.00 999 9999.0 999.0 999.0 999.0 99.0 99.00
2008 11 13 17 40  52  1.9  3.1 99.00 99.00 99.00 999 9999.0 999.0 999.0 999.0 99.0 99.00
2008 11 13 17 50  53  2.2  3.0 99.00 99.00 99.00 999 9999.0 999.0 999.0 999.0 99.0 99.00
2008 11 13 18 00  53  2.2  3.1 99.00 99.00 99.00 999 9999.0   9.5  12.7 999.0 99.0 99.00
2008 11 13 18 10  55  1.7  2.6 99.00 99.00 99.00 999 9999.0 999.0 999.0 999.0 99.0 99.00
2008 11 13 18 20  99  2.9  5.1 99.00 99.00 99.00 999 9999.0 999.0 999.0 999.0 99.0 99.00
2008 11 13 18 30 105  6.5  7.9 99.00 99.00 99.00 999 9999.0 999.0 999.0 999.0 99.0 99.00
2008 11 13 18 40 100  7.2  8.8 99.00 99.00 99.00 999 9999.0 999.0 999.0 999.0 99.0 99.00
2008 11 13 18 50 104  7.4  9.2 99.00 99.00 99.00 999 9999.0 999.0 999.0 999.0 99.0 99.00
2008 11 13 19 00 111  8.2  9.8 99.00 99.00 99.00 999 9999.0  10.5  12.7 999.0 99.0 99.00
2008 11 13 19 10 117  9.2 11.3 99.00 99.00 99.00 999 9999.0 999.0 999.0 999.0 99.0 99.00
2008 11 13 19 20 122  7.9  9.7 99.00 99.00 99.00 999 9999.0 999.0 999.0 999.0 99.0 99.00
2008 11 13 19 30 114  6.8  8.2 99.00 99.00 99.00 999 9999.0 999.0 999.0 999.0 99.0 99.00
2008 11 13 19 40 102  5.8  7.4 99.00 99.00 99.00 999 9999.0 999.0 999.0 999.0 99.0 99.00
2008 11 13 19 50 105  6.0  8.3 99.00 99.00 99.00 999 9999.0 999.0 999.0 999.0 99.0 99.00
2008 11 13 20 00 105  5.1  6.1 99.00 99.00 99.00 999 9999.0  11.1  12.7 999.0 99.0 99.00
2008 11 13 20 10 115  3.7  4.8 99.00 99.00 99.00 999 9999.0 999.0 999.0 999.0 99.0 99.00
2008 11 13 20 20 133  2.5  3.4 99.00 99.00 99.00 999 9999.0 999.0 999.0 999.0 99.0 99.00
2008 11 13 20 30 138  1.4  2.4 99.00 99.00 99.00 999 9999.0 999.0 999.0 999.0 99.0 99.00
2008 11 13 20 40 129  1.6  2.2 99.00 99.00 99.00 999 9999.0 999.0 999.0 999.0 99.0 99.00
2008 11 13 20 50 241  0.5  1.0 99.00 99.00 99.00 999 9999.0 999.0 999.0 999.0 99.0 99.00
2008 11 13 21 00 252  0.6  1.0 99.00 99.00 99.00 999 9999.0  11.5  12.7 999.0 99.0 99.00
2008 11 13 21 10  10  0.8  1.5 99.00 99.00 99.00 999 9999.0 999.0 999.0 999.0 99.0 99.00
2008 11 13 21 20 326  1.4  1.8 99.00 99.00 99.00 999 9999.0 999.0 999.0 999.0 99.0 99.00
2008 11 13 21 30 333  0.9  1.3 99.00 99.00 99.00 999 9999.0 999.0 999.0 999.0 99.0 99.00
2008 11 13 21 40 304  0.3  0.9 99.00 99.00 99.00 999 9999.0 999.0 999.0 999.0 99.0 99.00
2008 11 13 21 50 241  0.3  0.8 99.00 99.00 99.00 999 9999.0 999.0 999.0 999.0 99.0 99.00
2008 11 13 22 00 334  0.5  0.7 99.00 99.00 99.00 999 9999.0  11.8  12.7 999.0 99.0 99.00
2008 11 13 22 10 339  0.4  0.8 99.00 99.00 99.00 999 9999.0 999.0 999.0 999.0 99.0 99.00
2008 11 13 22 20 336  0.5  1.2 99.00 99.00 99.00 999 9999.0 999.0 999.0 999.0 99.0 99.00
2008 11 13 22 30 344  1.1  1.3 99.00 99.00 99.00 999 9999.0 999.0 999.0 999.0 99.0 99.00
2008 11 13 22 40 352  1.2  1.8 99.00 99.00 99.00 999 9999.0 999.0 999.0 999.0 99.0 99.00
2008 11 13 22 50 353  2.1  2.5 99.00 99.00 99.00 999 9999.0 999.0 999.0 999.0 99.0 99.00
2008 11 13 23 00 356  2.3  2.7 99.00 99.00 99.00 999 9999.0  12.0  12.7 999.0 99.0 99.00
2008 11 13 23 10   7  1.7  2.3 99.00 99.00 99.00 999 9999.0 999.0 999.0 999.0 99.0 99.00
2008 11 13 23 20  12  1.5  1.7 99.00 99.00 99.00 999 9999.0 999.0 999.0 999.0 99.0 99.00
2008 11 13 23 30   6  2.0  2.5 99.00 99.00 99.00 999 9999.0 999.0 999.0 999.0 99.0 99.00
2008 11 13 23 40   7  2.5  2.9 99.00 99.00 99.00 999 9999.0 999.0 999.0 999.0 99.0 99.00
2008 11 13 23 50   9  2.1  2.4 99.00 99.00 99.00 999 9999.0 999.0 999.0 999.0 99.0 99.00
2008 11 14 00 00  15  1.8  2.4 99.00 99.00 99.00 999 9999.0  12.0  12.7 999.0 99.0 99.00
2008 11 14 00 10   7  1.8  2.4 99.00 99.00 99.00 999 9999.0 999.0 999.0 999.0 99.0 99.00
2008 11 14 00 20   5  2.2  2.6 99.00 99.00 99.00 999 9999.0 999.0 999.0 999.0 99.0 99.00
2008 11 14 00 30 351  2.2  2.7 99.00 99.00 99.00 999 9999.0 999.0 999.0 999.0 99.0 99.00
2008 11 14 00 40 350  2.2  2.8 99.00 99.00 99.00 999 9999.0 999.0 999.0 999.0 99.0 99.00
2008 11 14 00 50   7  1.8  2.1 99.00 99.00 99.00 999 9999.0 999.0 999.0 999.0 99.0 99.00
2008 11 14 01 00   4  1.2  1.8 99.00 99.00 99.00 999 9999.0  12.1  12.7 999.0 99.0 99.00
2008 11 14 01 10  45  0.8  1.2 99.00 99.00 99.00 999 9999.0 999.0 999.0 999.0 99.0 99.00
2008 11 14 01 20  70  0.6  1.1 99.00 99.00 99.00 999 9999.0 999.0 999.0 999.0 99.0 99.00
2008 11 14 01 30  63  0.6  1.2 99.00 99.00 99.00 999 9999.0 999.0 999.0 999.0 99.0 99.00
2008 11 14 01 40   6  0.3  0.9 99.00 99.00 99.00 999 9999.0 999.0 999.0 999.0 99.0 99.00
2008 11 14 01 50 335  1.1  1.7 99.00 99.00 99.00 999 9999.0 999.0 999.0 999.0 99.0 99.00
2008 11 14 02 00 339  1.7  2.0 99.00 99.00 99.00 999 9999.0  12.1  12.6 999.0 99.0 99.00
2008 11 14 02 10 349  1.4  1.8 99.00 99.00 99.00 999 9999.0 999.0 999.0 999.0 99.0 99.00
2008 11 14 02 20 339  1.6  1.9 99.00 99.00 99.00 999 9999.0 999.0 999.0 999.0 99.0 99.00
2008 11 14 02 30 354  1.3  1.7 99.00 99.00 99.00 999 9999.0 999.0 999.0 999.0 99.0 99.00
2008 11 14 02 40 347  1.8  2.3 99.00 99.00 99.00 999 9999.0 999.0 999.0 999.0 99.0 99.00
2008 11 14 02 50 348  2.5  3.1 99.00 99.00 99.00 999 9999.0 999.0 999.0 999.0 99.0 99.00
2008 11 14 03 00 358  2.7  3.1 99.00 99.00 99.00 999 9999.0  12.2  12.7 999.0 99.0 99.00
2008 11 14 03 10 356  3.3  4.4 99.00 99.00 99.00 999 9999.0 999.0 999.0 999.0 99.0 99.00
2008 11 14 03 20 356  3.8  4.5 99.00 99.00 99.00 999 9999.0 999.0 999.0 999.0 99.0 99.00
2008 11 14 03 30 355  4.3  5.3 99.00 99.00 99.00 999 9999.0 999.0 999.0 999.0 99.0 99.00
2008 11 14 03 40 351  4.9  5.8 99.00 99.00 99.00 999 9999.0 999.0 999.0 999.0 99.0 99.00
2008 11 14 03 50 351  4.9  5.8 99.00 99.00 99.00 999 9999.0 999.0 999.0 999.0 99.0 99.00
2008 11 14 04 00 352  4.9  5.9 99.00 99.00 99.00 999 9999.0  11.9  12.9 999.0 99.0 99.00
2008 11 14 04 10 356  4.6  5.6 99.00 99.00 99.00 999 9999.0 999.0 999.0 999.0 99.0 99.00
2008 11 14 04 20 354  4.0  5.0 99.00 99.00 99.00 999 9999.0 999.0 999.0 999.0 99.0 99.00
2008 11 14 04 30 360  3.1  3.8 99.00 99.00 99.00 999 9999.0 999.0 999.0 999.0 99.0 99.00
2008 11 14 04 40 358  2.9  3.3 99.00 99.00 99.00 999 9999.0 999.0 999.0 999.0 99.0 99.00
2008 11 14 04 50   5  2.6  3.2 99.00 99.00 99.00 999 9999.0 999.0 999.0 999.0 99.0 99.00
2008 11 14 05 00   7  2.6  3.2 99.00 99.00 99.00 999 9999.0  11.9  12.9 999.0 99.0 99.00
2008 11 14 05 10  11  2.5  3.1 99.00 99.00 99.00 999 9999.0 999.0 999.0 999.0 99.0 99.00
2008 11 14 05 20   4  2.2  2.6 99.00 99.00 99.00 999 9999.0 999.0 999.0 999.0 99.0 99.00
2008 11 14 05 30   3  1.8  2.2 99.00 99.00 99.00 999 9999.0 999.0 999.0 999.0 99.0 99.00
2008 11 14 05 40 355  1.0  1.8 99.00 99.00 99.00 999 9999.0 999.0 999.0 999.0 99.0 99.00
2008 11 14 05 50   9  0.6  1.0 99.00 99.00 99.00 999 9999.0 999.0 999.0 999.0 99.0 99.00
2008 11 14 06 00 344  0.9  1.3 99.00 99.00 99.00 999 9999.0  11.9  13.0 999.0 99.0 99.00
2008 11 14 06 10 330  1.5  2.2 99.00 99.00 99.00 999 9999.0 999.0 999.0 999.0 99.0 99.00
2008 11 14 06 20 340  1.8  2.3 99.00 99.00 99.00 999 9999.0 999.0 999.0 999.0 99.0 99.00
2008 11 14 06 30 345  2.3  3.2 99.00 99.00 99.00 999 9999.0 999.0 999.0 999.0 99.0 99.00
2008 11 14 06 40 348  2.1  2.7 99.00 99.00 99.00 999 9999.0 999.0 999.0 999.0 99.0 99.00
2008 11 14 06 50 344  2.6  3.3 99.00 99.00 99.00 999 9999.0 999.0 999.0 999.0 99.0 99.00
2008 11 14 07 00 345  3.5  4.5 99.00 99.00 99.00 999 9999.0  11.8  12.9 999.0 99.0 99.00
2008 11 14 07 10 351  3.8  4.7 99.00 99.00 99.00 999 9999.0 999.0 999.0 999.0 99.0 99.00
2008 11 14 07 20 352  3.1  3.8 99.00 99.00 99.00 999 9999.0 999.0 999.0 999.0 99.0 99.00
2008 11 14 07 30 351  2.7  3.4 99.00 99.00 99.00 999 9999.0 999.0 999.0 999.0 99.0 99.00
2008 11 14 07 40 336  3.2  3.9 99.00 99.00 99.00 999 9999.0 999.0 999.0 999.0 99.0 99.00
2008 11 14 07 50 329  3.3  4.2 99.00 99.00 99.00 999 9999.0 999.0 999.0 999.0 99.0 99.00
2008 11 14 08 00 339  3.2  4.0 99.00 99.00 99.00 999 9999.0  11.7  13.0 999.0 99.0 99.00
2008 11 14 08 10   3  2.7  3.7 99.00 99.00 99.00 999 9999.0 999.0 999.0 999.0 99.0 99.00
2008 11 14 08 20 344  2.6  3.3 99.00 99.00 99.00 999 9999.0 999.0 999.0 999.0 99.0 99.00
2008 11 14 08 30 339  3.1  4.2 99.00 99.00 99.00 999 9999.0 999.0 999.0 999.0 99.0 99.00
2008 11 14 08 40 344  3.4  4.2 99.00 99.00 99.00 999 9999.0 999.0 999.0 999.0 99.0 99.00
2008 11 14 08 50 356  3.1  3.5 99.00 99.00 99.00 999 9999.0 999.0 999.0 999.0 99.0 99.00
2008 11 14 09 00 355  3.3  4.2 99.00 99.00 99.00 999 9999.0  11.6  12.9 999.0 99.0 99.00
2008 11 14 09 10 357  3.0  3.9 99.00 99.00 99.00 999 9999.0 999.0 999.0 999.0 99.0 99.00
2008 11 14 09 20 356  2.9  4.0 99.00 99.00 99.00 999 9999.0 999.0 999.0 999.0 99.0 99.00
2008 11 14 09 30 357  3.2  4.2 99.00 99.00 99.00 999 9999.0 999.0 999.0 999.0 99.0 99.00
2008 11 14 09 40   8  2.8  3.4 99.00 99.00 99.00 999 9999.0 999.0 999.0 999.0 99.0 99.00
2008 11 14 09 50   9  2.5  3.3 99.00 99.00 99.00 999 9999.0 999.0 999.0 999.0 99.0 99.00
2008 11 14 10 00  26  2.0  2.5 99.00 99.00 99.00 999 9999.0  11.5  12.9 999.0 99.0 99.00
2008 11 14 10 10  35  1.0  2.5 99.00 99.00 99.00 999 9999.0 999.0 999.0 999.0 99.0 99.00
2008 11 14 10 20  42  0.6  0.9 99.00 99.00 99.00 999 9999.0 999.0 999.0 999.0 99.0 99.00
2008 11 14 10 30  61  0.7  1.1 99.00 99.00 99.00 999 9999.0 999.0 999.0 999.0 99.0 99.00
2008 11 14 10 40  38  0.7  1.0 99.00 99.00 99.00 999 9999.0 999.0 999.0 999.0 99.0 99.00
2008 11 14 10 50  26  1.0  1.2 99.00 99.00 99.00 999 9999.0 999.0 999.0 999.0 99.0 99.00
2008 11 14 11 00  29  1.0  1.3 99.00 99.00 99.00 999 9999.0  11.5  12.9 999.0 99.0 99.00
2008 11 14 11 10  33  0.3  0.8 99.00 99.00 99.00 999 9999.0 999.0 999.0 999.0 99.0 99.00
2008 11 14 11 20  41  0.7  1.1 99.00 99.00 99.00 999 9999.0 999.0 999.0 999.0 99.0 99.00
2008 11 14 11 30  24  0.8  1.1 99.00 99.00 99.00 999 9999.0 999.0 999.0 999.0 99.0 99.00
2008 11 14 11 40  11  1.2  1.5 99.00 99.00 99.00 999 9999.0 999.0 999.0 999.0 99.0 99.00
2008 11 14 11 50 357  0.9  1.7 99.00 99.00 99.00 999 9999.0 999.0 999.0 999.0 99.0 99.00
2008 11 14 12 00  24  0.2  0.7 99.00 99.00 99.00 999 9999.0  11.6  12.9 999.0 99.0 99.00
2008 11 14 12 10 178 99.0  0.3 99.00 99.00 99.00 999 9999.0 999.0 999.0 999.0 99.0 99.00
2008 11 14 12 20 161  0.3  0.5 99.00 99.00 99.00 999 9999.0 999.0 999.0 999.0 99.0 99.00
2008 11 14 12 30 106  0.8  1.3 99.00 99.00 99.00 999 9999.0 999.0 999.0 999.0 99.0 99.00
2008 11 14 12 40  92  0.9  1.2 99.00 99.00 99.00 999 9999.0 999.0 999.0 999.0 99.0 99.00
2008 11 14 12 50 127  0.9  1.2 99.00 99.00 99.00 999 9999.0 999.0 999.0 999.0 99.0 99.00
2008 11 14 13 00 136  1.0  1.4 99.00 99.00 99.00 999 9999.0  11.7  12.9 999.0 99.0 99.00
2008 11 14 13 10 148  0.5  1.3 99.00 99.00 99.00 999 9999.0 999.0 999.0 999.0 99.0 99.00
2008 11 14 13 20 226  0.1  0.5 99.00 99.00 99.00 999 9999.0 999.0 999.0 999.0 99.0 99.00
2008 11 14 13 30 171  0.2  0.6 99.00 99.00 99.00 999 9999.0 999.0 999.0 999.0 99.0 99.00
2008 11 14 13 40 191  0.8  1.2 99.00 99.00 99.00 999 9999.0 999.0 999.0 999.0 99.0 99.00
2008 11 14 13 50 169  0.7  0.9 99.00 99.00 99.00 999 9999.0 999.0 999.0 999.0 99.0 99.00
2008 11 14 14 00 195  0.6  1.0 99.00 99.00 99.00 999 9999.0  11.8  13.0 999.0 99.0 99.00
2008 11 14 14 10 205  0.9  1.2 99.00 99.00 99.00 999 9999.0 999.0 999.0 999.0 99.0 99.00
2008 11 14 14 20 218  1.0  1.6 99.00 99.00 99.00 999 9999.0 999.0 999.0 999.0 99.0 99.00
2008 11 14 14 30 231  1.6  1.9 99.00 99.00 99.00 999 9999.0 999.0 999.0 999.0 99.0 99.00
2008 11 14 14 40 231  1.4  1.8 99.00 99.00 99.00 999 9999.0 999.0 999.0 999.0 99.0 99.00
2008 11 14 14 50 240  1.0  1.2 99.00 99.00 99.00 999 9999.0 999.0 999.0 999.0 99.0 99.00
2008 11 14 15 00 269  0.8  1.1 99.00 99.00 99.00 999 9999.0  12.0  13.0 999.0 99.0 99.00
2008 11 14 15 10 248  0.6  0.8 99.00 99.00 99.00 999 9999.0 999.0 999.0 999.0 99.0 99.00
2008 11 14 15 20 260  0.2  0.7 99.00 99.00 99.00 999 9999.0 999.0 999.0 999.0 99.0 99.00
2008 11 14 15 30 206  0.3  0.8 99.00 99.00 99.00 999 9999.0 999.0 999.0 999.0 99.0 99.00
2008 11 14 15 40 188  0.2  0.5 99.00 99.00 99.00 999 9999.0 999.0 999.0 999.0 99.0 99.00
2008 11 14 15 50 188  1.0  1.5 99.00 99.00 99.00 999 9999.0 999.0 999.0 999.0 99.0 99.00
2008 11 14 16 00 177  1.5  1.9 99.00 99.00 99.00 999 9999.0  12.1  13.1 999.0 99.0 99.00
2008 11 14 16 10 174  1.2  1.5 99.00 99.00 99.00 999 9999.0 999.0 999.0 999.0 99.0 99.00
2008 11 14 16 20 151  1.2  1.5 99.00 99.00 99.00 999 9999.0 999.0 999.0 999.0 99.0 99.00
2008 11 14 16 30 130  1.0  1.3 99.00 99.00 99.00 999 9999.0 999.0 999.0 999.0 99.0 99.00
2008 11 14 16 40 144  1.1  1.4 99.00 99.00 99.00 999 9999.0 999.0 999.0 999.0 99.0 99.00
2008 11 14 16 50 136  1.5  1.8 99.00 99.00 99.00 999 9999.0 999.0 999.0 999.0 99.0 99.00
2008 11 14 17 00 151  0.8  1.1 99.00 99.00 99.00 999 9999.0  12.1  12.9 999.0 99.0 99.00
2008 11 14 17 10 130  0.8  1.2 99.00 99.00 99.00 999 9999.0 999.0 999.0 999.0 99.0 99.00
2008 11 14 17 20  99  0.8  1.1 99.00 99.00 99.00 999 9999.0 999.0 999.0 999.0 99.0 99.00
2008 11 14 17 30 116  1.0  1.3 99.00 99.00 99.00 999 9999.0 999.0 999.0 999.0 99.0 99.00
2008 11 14 17 40 116  1.0  1.3 99.00 99.00 99.00 999 9999.0 999.0 999.0 999.0 99.0 99.00
2008 11 14 17 50 107  0.9  1.2 99.00 99.00 99.00 999 9999.0 999.0 999.0 999.0 99.0 99.00
2008 11 14 18 00 133  1.3  1.5 99.00 99.00 99.00 999 9999.0  12.3  12.9 999.0 99.0 99.00
2008 11 14 18 10 134  1.5  1.8 99.00 99.00 99.00 999 9999.0 999.0 999.0 999.0 99.0 99.00
2008 11 14 18 20 127  1.5  1.8 99.00 99.00 99.00 999 9999.0 999.0 999.0 999.0 99.0 99.00
2008 11 14 18 30 125  1.6  1.8 99.00 99.00 99.00 999 9999.0 999.0 999.0 999.0 99.0 99.00
2008 11 14 18 40 110  1.4  1.7 99.00 99.00 99.00 999 9999.0 999.0 999.0 999.0 99.0 99.00
2008 11 14 18 50 116  2.0  2.5 99.00 99.00 99.00 999 9999.0 999.0 999.0 999.0 99.0 99.00
2008 11 14 19 00 135  2.3  2.5 99.00 99.00 99.00 999 9999.0  12.3  13.0 999.0 99.0 99.00
2008 11 14 19 10 146  2.2  2.5 99.00 99.00 99.00 999 9999.0 999.0 999.0 999.0 99.0 99.00
2008 11 14 19 20 158  1.6  2.2 99.00 99.00 99.00 999 9999.0 999.0 999.0 999.0 99.0 99.00
2008 11 14 19 30 165  1.2  1.6 99.00 99.00 99.00 999 9999.0 999.0 999.0 999.0 99.0 99.00
2008 11 14 19 40 158  0.5  1.0 99.00 99.00 99.00 999 9999.0 999.0 999.0 999.0 99.0 99.00
2008 11 14 19 50 146  1.1  1.6 99.00 99.00 99.00 999 9999.0 999.0 999.0 999.0 99.0 99.00
2008 11 14 20 00 158  1.4  1.7 99.00 99.00 99.00 999 9999.0  12.3  13.0 999.0 99.0 99.00
2008 11 14 20 10 154  1.8  2.0 99.00 99.00 99.00 999 9999.0 999.0 999.0 999.0 99.0 99.00
2008 11 14 20 20 141  1.6  2.1 99.00 99.00 99.00 999 9999.0 999.0 999.0 999.0 99.0 99.00
2008 11 14 20 30 139  2.0  2.3 99.00 99.00 99.00 999 9999.0 999.0 999.0 999.0 99.0 99.00
2008 11 14 20 40 155  1.6  2.1 99.00 99.00 99.00 999 9999.0 999.0 999.0 999.0 99.0 99.00
2008 11 14 20 50 169  1.0  1.6 99.00 99.00 99.00 999 9999.0 999.0 999.0 999.0 99.0 99.00
2008 11 14 21 00 198  1.0  1.2 99.00 99.00 99.00 999 9999.0  12.3  12.9 999.0 99.0 99.00
2008 11 14 21 10 192  1.4  1.8 99.00 99.00 99.00 999 9999.0 999.0 999.0 999.0 99.0 99.00
2008 11 14 21 20 209  1.8  2.2 99.00 99.00 99.00 999 9999.0 999.0 999.0 999.0 99.0 99.00
2008 11 14 21 30 211  2.0  2.3 99.00 99.00 99.00 999 9999.0 999.0 999.0 999.0 99.0 99.00
2008 11 14 21 40 188  1.5  2.1 99.00 99.00 99.00 999 9999.0 999.0 999.0 999.0 99.0 99.00
2008 11 14 21 50 187  0.8  1.1 99.00 99.00 99.00 999 9999.0 999.0 999.0 999.0 99.0 99.00
2008 11 14 22 00 198  1.1  1.3 99.00 99.00 99.00 999 9999.0  12.6  12.9 999.0 99.0 99.00
2008 11 14 22 10 200  0.9  1.2 99.00 99.00 99.00 999 9999.0 999.0 999.0 999.0 99.0 99.00
2008 11 14 22 20 220  0.4  1.1 99.00 99.00 99.00 999 9999.0 999.0 999.0 999.0 99.0 99.00
2008 11 14 22 30 198  0.9  1.1 99.00 99.00 99.00 999 9999.0 999.0 999.0 999.0 99.0 99.00
2008 11 14 22 40 188  1.2  1.8 99.00 99.00 99.00 999 9999.0 999.0 999.0 999.0 99.0 99.00
2008 11 14 22 50 191  1.5  2.0 99.00 99.00 99.00 999 9999.0 999.0 999.0 999.0 99.0 99.00
2008 11 14 23 00 192  1.5  2.0 99.00 99.00 99.00 999 9999.0  12.9  12.9 999.0 99.0 99.00
2008 11 14 23 10 194  1.6  2.1 99.00 99.00 99.00 999 9999.0 999.0 999.0 999.0 99.0 99.00
2008 11 14 23 20 208  2.0  2.4 99.00 99.00 99.00 999 9999.0 999.0 999.0 999.0 99.0 99.00
2008 11 14 23 30 203  1.5  2.3 99.00 99.00 99.00 999 9999.0 999.0 999.0 999.0 99.0 99.00
2008 11 14 23 40 211  2.2  3.1 99.00 99.00 99.00 999 9999.0 999.0 999.0 999.0 99.0 99.00
2008 11 14 23 50 223  2.8  3.4 99.00 99.00 99.00 999 9999.0 999.0 999.0 999.0 99.0 99.00
2008 11 15 00 00 212  2.3  3.0 99.00 99.00 99.00 999 9999.0  13.2  12.9 999.0 99.0 99.00
2008 11 15 00 10 181  1.8  2.2 99.00 99.00 99.00 999 9999.0 999.0 999.0 999.0 99.0 99.00
2008 11 15 00 20 173  1.4  2.4 99.00 99.00 99.00 999 9999.0 999.0 999.0 999.0 99.0 99.00
2008 11 15 00 30 149  0.7  1.0 99.00 99.00 99.00 999 9999.0 999.0 999.0 999.0 99.0 99.00
2008 11 15 00 40 125  1.1  1.2 99.00 99.00 99.00 999 9999.0 999.0 999.0 999.0 99.0 99.00
2008 11 15 00 50 143  1.5  1.8 99.00 99.00 99.00 999 9999.0 999.0 999.0 999.0 99.0 99.00
2008 11 15 01 00 159  1.3  1.9 99.00 99.00 99.00 999 9999.0  12.6  12.9 999.0 99.0 99.00
2008 11 15 01 10 169  0.3  0.8 99.00 99.00 99.00 999 9999.0 999.0 999.0 999.0 99.0 99.00
2008 11 15 01 20 184  0.8  1.3 99.00 99.00 99.00 999 9999.0 999.0 999.0 999.0 99.0 99.00
2008 11 15 01 30 209  1.2  1.7 99.00 99.00 99.00 999 9999.0 999.0 999.0 999.0 99.0 99.00
2008 11 15 01 40 295  0.4  0.8 99.00 99.00 99.00 999 9999.0 999.0 999.0 999.0 99.0 99.00
2008 11 15 01 50 233  0.4  1.1 99.00 99.00 99.00 999 9999.0 999.0 999.0 999.0 99.0 99.00
2008 11 15 02 00 221  0.6  0.9 99.00 99.00 99.00 999 9999.0  12.9  13.0 999.0 99.0 99.00
2008 11 15 02 10 214  0.7  0.9 99.00 99.00 99.00 999 9999.0 999.0 999.0 999.0 99.0 99.00
2008 11 15 02 20 211  0.7  0.9 99.00 99.00 99.00 999 9999.0 999.0 999.0 999.0 99.0 99.00
2008 11 15 02 30 185  0.8  1.1 99.00 99.00 99.00 999 9999.0 999.0 999.0 999.0 99.0 99.00
2008 11 15 02 40 168  1.1  1.5 99.00 99.00 99.00 999 9999.0 999.0 999.0 999.0 99.0 99.00
2008 11 15 02 50 185  0.8  1.1 99.00 99.00 99.00 999 9999.0 999.0 999.0 999.0 99.0 99.00
2008 11 15 03 00 201  0.1  0.5 99.00 99.00 99.00 999 9999.0  12.9  13.0 999.0 99.0 99.00
2008 11 15 03 10 123  0.2  0.7 99.00 99.00 99.00 999 9999.0 999.0 999.0 999.0 99.0 99.00
2008 11 15 03 20 135  0.5  0.7 99.00 99.00 99.00 999 9999.0 999.0 999.0 999.0 99.0 99.00
2008 11 15 03 30 125  0.8  1.5 99.00 99.00 99.00 999 9999.0 999.0 999.0 999.0 99.0 99.00
2008 11 15 03 40 121  1.5  1.9 99.00 99.00 99.00 999 9999.0 999.0 999.0 999.0 99.0 99.00
2008 11 15 03 50 101  1.7  1.9 99.00 99.00 99.00 999 9999.0 999.0 999.0 999.0 99.0 99.00
2008 11 15 04 00 116  1.6  1.9 99.00 99.00 99.00 999 9999.0  12.4  13.0 999.0 99.0 99.00
2008 11 15 04 10 124  1.6  1.9 99.00 99.00 99.00 999 9999.0 999.0 999.0 999.0 99.0 99.00
2008 11 15 04 20 130  1.1  1.4 99.00 99.00 99.00 999 9999.0 999.0 999.0 999.0 99.0 99.00
2008 11 15 04 30 149  0.4  1.1 99.00 99.00 99.00 999 9999.0 999.0 999.0 999.0 99.0 99.00
2008 11 15 04 40 153  0.6  0.9 99.00 99.00 99.00 999 9999.0 999.0 999.0 999.0 99.0 99.00
2008 11 15 04 50 158  0.1  0.6 99.00 99.00 99.00 999 9999.0 999.0 999.0 999.0 99.0 99.00
2008 11 15 05 00 175  0.6  0.9 99.00 99.00 99.00 999 9999.0  12.7  13.0 999.0 99.0 99.00
2008 11 15 05 10 142  0.7  1.1 99.00 99.00 99.00 999 9999.0 999.0 999.0 999.0 99.0 99.00
2008 11 15 05 20 101  1.1  1.6 99.00 99.00 99.00 999 9999.0 999.0 999.0 999.0 99.0 99.00
2008 11 15 05 30  96  1.4  1.7 99.00 99.00 99.00 999 9999.0 999.0 999.0 999.0 99.0 99.00
2008 11 15 05 40 107  1.9  2.6 99.00 99.00 99.00 999 9999.0 999.0 999.0 999.0 99.0 99.00
2008 11 15 05 50 119  2.3  2.7 99.00 99.00 99.00 999 9999.0 999.0 999.0 999.0 99.0 99.00
2008 11 15 06 00 108  2.1  2.4 99.00 99.00 99.00 999 9999.0  12.8  12.9 999.0 99.0 99.00
2008 11 15 06 10 113  1.9  2.4 99.00 99.00 99.00 999 9999.0 999.0 999.0 999.0 99.0 99.00
2008 11 15 06 20  96  1.6  2.3 99.00 99.00 99.00 999 9999.0 999.0 999.0 999.0 99.0 99.00
2008 11 15 06 30 102  1.8  2.2 99.00 99.00 99.00 999 9999.0 999.0 999.0 999.0 99.0 99.00
2008 11 15 06 40 108  2.1  2.3 99.00 99.00 99.00 999 9999.0 999.0 999.0 999.0 99.0 99.00
2008 11 15 06 50 104  1.7  2.0 99.00 99.00 99.00 999 9999.0 999.0 999.0 999.0 99.0 99.00
2008 11 15 07 00  97  2.1  2.7 99.00 99.00 99.00 999 9999.0  13.1  12.9 999.0 99.0 99.00
2008 11 15 07 10  91  2.1  2.5 99.00 99.00 99.00 999 9999.0 999.0 999.0 999.0 99.0 99.00
2008 11 15 07 20  99  2.1  2.5 99.00 99.00 99.00 999 9999.0 999.0 999.0 999.0 99.0 99.00
2008 11 15 07 30 101  2.6  3.1 99.00 99.00 99.00 999 9999.0 999.0 999.0 999.0 99.0 99.00
2008 11 15 07 40 103  2.8  3.5 99.00 99.00 99.00 999 9999.0 999.0 999.0 999.0 99.0 99.00
2008 11 15 07 50 103  2.5  3.9 99.00 99.00 99.00 999 9999.0 999.0 999.0 999.0 99.0 99.00
2008 11 15 08 00 121  4.2  5.1 99.00 99.00 99.00 999 9999.0  13.2  13.0 999.0 99.0 99.00
2008 11 15 08 10 106  4.2  5.6 99.00 99.00 99.00 999 9999.0 999.0 999.0 999.0 99.0 99.00
2008 11 15 08 20  63  2.1  3.6 99.00 99.00 99.00 999 9999.0 999.0 999.0 999.0 99.0 99.00
2008 11 15 08 30  53  0.5  1.3 99.00 99.00 99.00 999 9999.0 999.0 999.0 999.0 99.0 99.00
2008 11 15 08 40   3  0.6  1.4 99.00 99.00 99.00 999 9999.0 999.0 999.0 999.0 99.0 99.00
2008 11 15 08 50 335  0.7  1.4 99.00 99.00 99.00 999 9999.0 999.0 999.0 999.0 99.0 99.00
2008 11 15 09 00  38  1.3  3.6 99.00 99.00 99.00 999 9999.0  13.4  13.0 999.0 99.0 99.00
2008 11 15 09 10  39  0.3  1.0 99.00 99.00 99.00 999 9999.0 999.0 999.0 999.0 99.0 99.00
2008 11 15 09 20  94  2.3  5.4 99.00 99.00 99.00 999 9999.0 999.0 999.0 999.0 99.0 99.00
2008 11 15 09 30  93  3.2  4.0 99.00 99.00 99.00 999 9999.0 999.0 999.0 999.0 99.0 99.00
2008 11 15 09 40  91  3.0  4.0 99.00 99.00 99.00 999 9999.0 999.0 999.0 999.0 99.0 99.00
2008 11 15 09 50 105  3.9  5.2 99.00 99.00 99.00 999 9999.0 999.0 999.0 999.0 99.0 99.00
2008 11 15 10 00  99  4.2  4.9 99.00 99.00 99.00 999 9999.0  13.4  13.0 999.0 99.0 99.00
2008 11 15 10 10 104  3.9  5.1 99.00 99.00 99.00 999 9999.0 999.0 999.0 999.0 99.0 99.00
2008 11 15 10 20 100  4.0  4.7 99.00 99.00 99.00 999 9999.0 999.0 999.0 999.0 99.0 99.00
2008 11 15 10 30 109  4.2  5.1 99.00 99.00 99.00 999 9999.0 999.0 999.0 999.0 99.0 99.00
2008 11 15 10 40 123  3.7  4.8 99.00 99.00 99.00 999 9999.0 999.0 999.0 999.0 99.0 99.00
2008 11 15 10 50 115  3.5  4.1 99.00 99.00 99.00 999 9999.0 999.0 999.0 999.0 99.0 99.00
2008 11 15 11 00 126  3.6  5.0 99.00 99.00 99.00 999 9999.0  13.8  13.0 999.0 99.0 99.00
2008 11 15 11 10 150  4.0  6.6 99.00 99.00 99.00 999 9999.0 999.0 999.0 999.0 99.0 99.00
2008 11 15 11 20 140  3.6  5.0 99.00 99.00 99.00 999 9999.0 999.0 999.0 999.0 99.0 99.00
2008 11 15 11 30 148  5.0  6.0 99.00 99.00 99.00 999 9999.0 999.0 999.0 999.0 99.0 99.00
2008 11 15 11 40 161  5.1  6.0 99.00 99.00 99.00 999 9999.0 999.0 999.0 999.0 99.0 99.00
2008 11 15 11 50 138  4.4  5.3 99.00 99.00 99.00 999 9999.0 999.0 999.0 999.0 99.0 99.00
2008 11 15 12 00 122  4.2  4.9 99.00 99.00 99.00 999 9999.0  14.3  13.0 999.0 99.0 99.00
2008 11 15 12 10 130  4.3  4.9 99.00 99.00 99.00 999 9999.0 999.0 999.0 999.0 99.0 99.00
2008 11 15 12 20 124  4.2  4.6 99.00 99.00 99.00 999 9999.0 999.0 999.0 999.0 99.0 99.00
2008 11 15 12 30 121  4.5  5.3 99.00 99.00 99.00 999 9999.0 999.0 999.0 999.0 99.0 99.00
2008 11 15 12 40 119  4.3  5.0 99.00 99.00 99.00 999 9999.0 999.0 999.0 999.0 99.0 99.00
2008 11 15 12 50 124  3.4  5.0 99.00 99.00 99.00 999 9999.0 999.0 999.0 999.0 99.0 99.00
2008 11 15 13 00 139  5.3  7.0 99.00 99.00 99.00 999 9999.0  14.7  13.0 999.0 99.0 99.00
2008 11 15 13 10 191  3.4  6.8 99.00 99.00 99.00 999 9999.0 999.0 999.0 999.0 99.0 99.00
2008 11 15 13 20 234  2.9  5.0 99.00 99.00 99.00 999 9999.0 999.0 999.0 999.0 99.0 99.00
2008 11 15 13 30 154  3.1  4.0 99.00 99.00 99.00 999 9999.0 999.0 999.0 999.0 99.0 99.00
2008 11 15 13 40 140  3.4  3.9 99.00 99.00 99.00 999 9999.0 999.0 999.0 999.0 99.0 99.00
2008 11 15 13 50 130  3.3  3.6 99.00 99.00 99.00 999 9999.0 999.0 999.0 999.0 99.0 99.00
2008 11 15 14 00 114  3.2  3.6 99.00 99.00 99.00 999 9999.0  14.6  13.0 999.0 99.0 99.00
2008 11 15 14 10 111  3.3  3.8 99.00 99.00 99.00 999 9999.0 999.0 999.0 999.0 99.0 99.00
2008 11 15 14 20 126  3.2  3.6 99.00 99.00 99.00 999 9999.0 999.0 999.0 999.0 99.0 99.00
2008 11 15 14 30 150  2.7  3.4 99.00 99.00 99.00 999 9999.0 999.0 999.0 999.0 99.0 99.00
2008 11 15 14 40 165  3.3  3.9 99.00 99.00 99.00 999 9999.0 999.0 999.0 999.0 99.0 99.00
2008 11 15 14 50 177  2.9  3.9 99.00 99.00 99.00 999 9999.0 999.0 999.0 999.0 99.0 99.00
2008 11 15 15 00 174  2.5  3.4 99.00 99.00 99.00 999 9999.0  15.3  13.0 999.0 99.0 99.00
2008 11 15 15 10 175  3.8  5.3 99.00 99.00 99.00 999 9999.0 999.0 999.0 999.0 99.0 99.00
2008 11 15 15 20 180  4.6  5.5 99.00 99.00 99.00 999 9999.0 999.0 999.0 999.0 99.0 99.00
2008 11 15 15 30 188  3.7  4.4 99.00 99.00 99.00 999 9999.0 999.0 999.0 999.0 99.0 99.00
2008 11 15 15 40 185  3.5  3.9 99.00 99.00 99.00 999 9999.0 999.0 999.0 999.0 99.0 99.00
2008 11 15 15 50 199  3.6  4.5 99.00 99.00 99.00 999 9999.0 999.0 999.0 999.0 99.0 99.00
2008 11 15 16 00 205  4.6  5.6 99.00 99.00 99.00 999 9999.0  16.8  13.1 999.0 99.0 99.00
2008 11 15 16 10 208  5.6  7.1 99.00 99.00 99.00 999 9999.0 999.0 999.0 999.0 99.0 99.00
2008 11 15 16 20 205  5.4  7.0 99.00 99.00 99.00 999 9999.0 999.0 999.0 999.0 99.0 99.00
2008 11 15 16 30 211  6.4  8.4 99.00 99.00 99.00 999 9999.0 999.0 999.0 999.0 99.0 99.00
2008 11 15 16 40 210  6.8  9.1 99.00 99.00 99.00 999 9999.0 999.0 999.0 999.0 99.0 99.00
2008 11 15 16 50 208  6.7  8.7 99.00 99.00 99.00 999 9999.0 999.0 999.0 999.0 99.0 99.00
2008 11 15 17 00 207  7.9  9.5 99.00 99.00 99.00 999 9999.0  18.6  13.1 999.0 99.0 99.00
2008 11 15 17 10 210  8.2  9.5 99.00 99.00 99.00 999 9999.0 999.0 999.0 999.0 99.0 99.00
2008 11 15 17 20 211  8.5 10.3 99.00 99.00 99.00 999 9999.0 999.0 999.0 999.0 99.0 99.00
2008 11 15 17 30 215  8.6 10.3 99.00 99.00 99.00 999 9999.0 999.0 999.0 999.0 99.0 99.00
2008 11 15 17 40 211  8.7 11.4 99.00 99.00 99.00 999 9999.0 999.0 999.0 999.0 99.0 99.00
2008 11 15 17 50 201  9.0 14.1 99.00 99.00 99.00 999 9999.0 999.0 999.0 999.0 99.0 99.00
2008 11 15 18 00 199  8.7 11.4 99.00 99.00 99.00 999 9999.0  19.0  13.1 999.0 99.0 99.00
2008 11 15 18 10 197  8.2 10.9 99.00 99.00 99.00 999 9999.0 999.0 999.0 999.0 99.0 99.00
2008 11 15 18 20 191  8.9 11.1 99.00 99.00 99.00 999 9999.0 999.0 999.0 999.0 99.0 99.00
2008 11 15 18 30 190  7.5  9.3 99.00 99.00 99.00 999 9999.0 999.0 999.0 999.0 99.0 99.00
2008 11 17 01 00 283  4.4  5.7 99.00 99.00 99.00 999 9999.0 999.0  12.5 999.0 99.0 99.00
2008 11 17 01 10 279  4.9  6.8 99.00 99.00 99.00 999 9999.0 999.0 999.0 999.0 99.0 99.00
2008 11 17 01 20 281  5.0  8.6 99.00 99.00 99.00 999 9999.0 999.0 999.0 999.0 99.0 99.00
2008 11 17 01 30 283  5.8  7.6 99.00 99.00 99.00 999 9999.0 999.0 999.0 999.0 99.0 99.00
2008 11 17 01 40 277  5.4  7.2 99.00 99.00 99.00 999 9999.0 999.0 999.0 999.0 99.0 99.00
2008 11 17 01 50 269  4.9  6.4 99.00 99.00 99.00 999 9999.0 999.0 999.0 999.0 99.0 99.00
2008 11 17 03 00 284  4.3  6.2 99.00 99.00 99.00 999 9999.0 999.0  12.2 999.0 99.0 99.00
2008 11 17 03 10 285  3.8  5.2 99.00 99.00 99.00 999 9999.0 999.0 999.0 999.0 99.0 99.00
2008 11 17 03 20 286  3.3  4.4 99.00 99.00 99.00 999 9999.0 999.0 999.0 999.0 99.0 99.00
2008 11 17 03 30 270  4.1  6.0 99.00 99.00 99.00 999 9999.0 999.0 999.0 999.0 99.0 99.00
2008 11 17 03 40 277  3.6  5.0 99.00 99.00 99.00 999 9999.0 999.0 999.0 999.0 99.0 99.00
2008 11 17 03 50 269  3.1  4.3 99.00 99.00 99.00 999 9999.0 999.0 999.0 999.0 99.0 99.00
2008 11 17 04 00 286  4.2  5.9 99.00 99.00 99.00 999 9999.0 999.0  12.5 999.0 99.0 99.00
2008 11 17 04 10 283  4.4  5.9 99.00 99.00 99.00 999 9999.0 999.0 999.0 999.0 99.0 99.00
2008 11 17 04 20 283  4.6  6.4 99.00 99.00 99.00 999 9999.0 999.0 999.0 999.0 99.0 99.00
2008 11 17 04 30 276  5.0  6.5 99.00 99.00 99.00 999 9999.0 999.0 999.0 999.0 99.0 99.00
2008 11 17 04 40 268  4.4  5.9 99.00 99.00 99.00 999 9999.0 999.0 999.0 999.0 99.0 99.00
2008 11 17 04 50 270  4.2  5.2 99.00 99.00 99.00 999 9999.0 999.0 999.0 999.0 99.0 99.00
2008 11 17 05 00 269  4.4  6.3 99.00 99.00 99.00 999 9999.0 999.0  12.5 999.0 99.0 99.00
2008 11 17 05 10 271  4.4  5.3 99.00 99.00 99.00 999 9999.0 999.0 999.0 999.0 99.0 99.00
2008 11 17 05 20 281  3.9  5.0 99.00 99.00 99.00 999 9999.0 999.0 999.0 999.0 99.0 99.00
2008 11 17 05 30 284  3.4  4.7 99.00 99.00 99.00 999 9999.0 999.0 999.0 999.0 99.0 99.00
2008 11 17 05 40 280  3.2  4.1 99.00 99.00 99.00 999 9999.0 999.0 999.0 999.0 99.0 99.00
2008 11 17 05 50 273  3.0  3.8 99.00 99.00 99.00 999 9999.0 999.0 999.0 999.0 99.0 99.00
2008 11 17 06 00 257  3.9  5.4 99.00 99.00 99.00 999 9999.0 999.0  12.4 999.0 99.0 99.00
2008 11 17 06 10 260  4.5  6.1 99.00 99.00 99.00 999 9999.0 999.0 999.0 999.0 99.0 99.00
2008 11 17 06 20 260  4.9  5.8 99.00 99.00 99.00 999 9999.0 999.0 999.0 999.0 99.0 99.00
2008 11 17 06 30 269  4.8  5.8 99.00 99.00 99.00 999 9999.0 999.0 999.0 999.0 99.0 99.00
2008 11 17 06 40 283  4.4  5.7 99.00 99.00 99.00 999 9999.0 999.0 999.0 999.0 99.0 99.00
2008 11 17 06 50 284  4.2  5.2 99.00 99.00 99.00 999 9999.0 999.0 999.0 999.0 99.0 99.00
2008 11 17 07 00 275  4.1  4.9 99.00 99.00 99.00 999 9999.0 999.0  12.3 999.0 99.0 99.00
2008 11 17 07 10 257  4.6  5.6 99.00 99.00 99.00 999 9999.0 999.0 999.0 999.0 99.0 99.00
2008 11 17 07 20 247  5.2  6.6 99.00 99.00 99.00 999 9999.0 999.0 999.0 999.0 99.0 99.00
2008 11 17 07 30 247  5.4  6.7 99.00 99.00 99.00 999 9999.0 999.0 999.0 999.0 99.0 99.00
2008 11 17 07 40 252  5.8  6.8 99.00 99.00 99.00 999 9999.0 999.0 999.0 999.0 99.0 99.00
2008 11 17 07 50 255  5.4  7.1 99.00 99.00 99.00 999 9999.0 999.0 999.0 999.0 99.0 99.00
2008 11 17 08 00 263  4.6  5.7 99.00 99.00 99.00 999 9999.0 999.0  12.1 999.0 99.0 99.00
2008 11 17 08 10 269  3.8  5.2 99.00 99.00 99.00 999 9999.0 999.0 999.0 999.0 99.0 99.00
2008 11 17 08 20 268  3.7  4.6 99.00 99.00 99.00 999 9999.0 999.0 999.0 999.0 99.0 99.00
2008 11 17 08 30 258  4.3  5.5 99.00 99.00 99.00 999 9999.0 999.0 999.0 999.0 99.0 99.00
2008 11 17 08 40 250  4.6  5.9 99.00 99.00 99.00 999 9999.0 999.0 999.0 999.0 99.0 99.00
2008 11 17 08 50 248  5.0  6.5 99.00 99.00 99.00 999 9999.0 999.0 999.0 999.0 99.0 99.00
2008 11 17 09 00 251  5.2  6.3 99.00 99.00 99.00 999 9999.0 999.0  12.2 999.0 99.0 99.00
2008 11 17 09 10 256  5.2  6.3 99.00 99.00 99.00 999 9999.0 999.0 999.0 999.0 99.0 99.00
2008 11 17 09 20 258  4.8  5.9 99.00 99.00 99.00 999 9999.0 999.0 999.0 999.0 99.0 99.00
2008 11 17 09 30 262  4.1  5.7 99.00 99.00 99.00 999 9999.0 999.0 999.0 999.0 99.0 99.00
2008 11 17 09 40 256  4.1  5.2 99.00 99.00 99.00 999 9999.0 999.0 999.0 999.0 99.0 99.00
2008 11 17 15 00 245  4.8  6.6 99.00 99.00 99.00 999 9999.0   6.3  12.5 999.0 99.0 99.00
2008 11 17 15 10 245  5.0  7.0 99.00 99.00 99.00 999 9999.0   0.0 999.0 999.0 99.0 99.00
2008 11 17 15 20 248  4.8  6.7 99.00 99.00 99.00 999 9999.0   0.0 999.0 999.0 99.0 99.00
2008 11 17 15 30 242  4.8  6.5 99.00 99.00 99.00 999 9999.0   0.0 999.0 999.0 99.0 99.00
2008 11 17 15 40 240  4.4  7.3 99.00 99.00 99.00 999 9999.0   0.0 999.0 999.0 99.0 99.00
2008 11 17 15 50 235  4.5  7.0 99.00 99.00 99.00 999 9999.0   0.0 999.0 999.0 99.0 99.00
2008 11 17 16 00 236  4.2  6.2 99.00 99.00 99.00 999 9999.0   6.3  12.5 999.0 99.0 99.00
2008 11 17 16 10 228  4.2  6.0 99.00 99.00 99.00 999 9999.0   0.0 999.0 999.0 99.0 99.00
2008 11 17 16 20 227  3.4  5.5 99.00 99.00 99.00 999 9999.0   0.0 999.0 999.0 99.0 99.00
2008 11 17 16 30 224  2.9  5.0 99.00 99.00 99.00 999 9999.0   0.0 999.0 999.0 99.0 99.00
2008 11 17 16 40 230  4.4  5.9 99.00 99.00 99.00 999 9999.0   0.0 999.0 999.0 99.0 99.00
2008 11 17 16 50 222  4.2  5.5 99.00 99.00 99.00 999 9999.0   0.0 999.0 999.0 99.0 99.00
2008 11 17 17 00 285  1.7  3.3 99.00 99.00 99.00 999 9999.0   7.1  12.6 999.0 99.0 99.00
2008 11 17 17 10 280  2.5  5.5 99.00 99.00 99.00 999 9999.0   0.0 999.0 999.0 99.0 99.00
2008 11 17 17 20 219  1.7  3.0 99.00 99.00 99.00 999 9999.0   0.0 999.0 999.0 99.0 99.00
2008 11 17 17 30 196  1.5  2.3 99.00 99.00 99.00 999 9999.0   0.0 999.0 999.0 99.0 99.00
2008 11 17 17 40 233  1.1  2.5 99.00 99.00 99.00 999 9999.0   0.0 999.0 999.0 99.0 99.00
2008 11 17 17 50 229  1.3  3.8 99.00 99.00 99.00 999 9999.0   0.0 999.0 999.0 99.0 99.00
2008 11 17 18 00 311  2.6  4.1 99.00 99.00 99.00 999 9999.0   7.8  12.7 999.0 99.0 99.00
2008 11 17 18 10 304  2.5  4.2 99.00 99.00 99.00 999 9999.0   0.0 999.0 999.0 99.0 99.00
2008 11 17 18 20 264  1.9  4.4 99.00 99.00 99.00 999 9999.0   0.0 999.0 999.0 99.0 99.00
2008 11 17 18 30 286  1.9  3.3 99.00 99.00 99.00 999 9999.0   0.0 999.0 999.0 99.0 99.00
2008 11 17 18 40 301  2.2  4.2 99.00 99.00 99.00 999 9999.0   0.0 999.0 999.0 99.0 99.00
2008 11 17 18 50 297  2.3  3.7 99.00 99.00 99.00 999 9999.0   0.0 999.0 999.0 99.0 99.00
2008 11 17 19 00 301  2.1  3.6 99.00 99.00 99.00 999 9999.0   8.1  12.7 999.0 99.0 99.00
2008 11 17 19 10 294  1.2  2.4 99.00 99.00 99.00 999 9999.0   0.0 999.0 999.0 99.0 99.00
2008 11 17 19 20 263  3.8  5.4 99.00 99.00 99.00 999 9999.0   0.0 999.0 999.0 99.0 99.00
2008 11 17 19 30 282  4.1  6.1 99.00 99.00 99.00 999 9999.0   0.0 999.0 999.0 99.0 99.00
2008 11 17 19 40 263  4.4  6.4 99.00 99.00 99.00 999 9999.0   0.0 999.0 999.0 99.0 99.00
2008 11 17 19 50 267  4.1  5.3 99.00 99.00 99.00 999 9999.0   0.0 999.0 999.0 99.0 99.00
2008 11 17 20 00 281  3.3  4.9 99.00 99.00 99.00 999 9999.0   8.2  12.6 999.0 99.0 99.00
2008 11 17 20 10 299  3.4  4.4 99.00 99.00 99.00 999 9999.0   0.0 999.0 999.0 99.0 99.00
2008 11 17 20 20 328  4.1  5.4 99.00 99.00 99.00 999 9999.0   0.0 999.0 999.0 99.0 99.00
2008 11 17 20 30 319  3.1  4.5 99.00 99.00 99.00 999 9999.0   0.0 999.0 999.0 99.0 99.00
2008 11 17 20 40 335  3.7  5.2 99.00 99.00 99.00 999 9999.0   0.0 999.0 999.0 99.0 99.00
2008 11 17 20 50 321  4.0  5.6 99.00 99.00 99.00 999 9999.0   0.0 999.0 999.0 99.0 99.00
2008 11 17 21 00 330  4.2  5.2 99.00 99.00 99.00 999 9999.0   8.0  12.6 999.0 99.0 99.00
2008 11 17 21 10 323  3.7  4.6 99.00 99.00 99.00 999 9999.0   0.0 999.0 999.0 99.0 99.00
2008 11 17 21 20 324  4.6  5.9 99.00 99.00 99.00 999 9999.0   0.0 999.0 999.0 99.0 99.00
2008 11 17 21 30 328  4.4  6.2 99.00 99.00 99.00 999 9999.0   0.0 999.0 999.0 99.0 99.00
2008 11 17 21 40 316  4.5  6.6 99.00 99.00 99.00 999 9999.0   0.0 999.0 999.0 99.0 99.00
2008 11 17 21 50 310  5.0  6.5 99.00 99.00 99.00 999 9999.0   0.0 999.0 999.0 99.0 99.00
2008 11 17 22 00 309  5.5  7.9 99.00 99.00 99.00 999 9999.0   7.1  12.6 999.0 99.0 99.00
2008 11 17 22 10 313  4.5  6.1 99.00 99.00 99.00 999 9999.0   0.0 999.0 999.0 99.0 99.00
2008 11 17 22 20 308  4.0  5.8 99.00 99.00 99.00 999 9999.0   0.0 999.0 999.0 99.0 99.00
2008 11 17 22 30 305  4.4  6.0 99.00 99.00 99.00 999 9999.0   0.0 999.0 999.0 99.0 99.00
2008 11 17 22 40 296  3.6  5.1 99.00 99.00 99.00 999 9999.0   0.0 999.0 999.0 99.0 99.00
2008 11 17 22 50 279  3.1  4.1 99.00 99.00 99.00 999 9999.0   0.0 999.0 999.0 99.0 99.00
2008 11 17 23 00 293  2.5  4.1 99.00 99.00 99.00 999 9999.0   6.1  12.5 999.0 99.0 99.00
2008 11 17 23 10 284  1.9  2.9 99.00 99.00 99.00 999 9999.0   0.0 999.0 999.0 99.0 99.00
2008 11 17 23 20 284  2.1  3.4 99.00 99.00 99.00 999 9999.0   0.0 999.0 999.0 99.0 99.00
2008 11 17 23 30 296  2.1  2.9 99.00 99.00 99.00 999 9999.0   0.0 999.0 999.0 99.0 99.00
2008 11 17 23 40 288  2.2  3.0 99.00 99.00 99.00 999 9999.0   0.0 999.0 999.0 99.0 99.00
2008 11 17 23 50 280  1.9  2.8 99.00 99.00 99.00 999 9999.0   0.0 999.0 999.0 99.0 99.00
2008 11 18 00 00 279  1.7  2.5 99.00 99.00 99.00 999 9999.0   6.0  12.5 999.0 99.0 99.00
2008 11 18 00 10 276  2.5  4.2 99.00 99.00 99.00 999 9999.0   0.0 999.0 999.0 99.0 99.00
2008 11 18 00 20 267  3.2  4.1 99.00 99.00 99.00 999 9999.0   0.0 999.0 999.0 99.0 99.00
2008 11 18 00 30 274  3.2  4.0 99.00 99.00 99.00 999 9999.0   0.0 999.0 999.0 99.0 99.00
2008 11 18 00 40 295  3.8  5.2 99.00 99.00 99.00 999 9999.0   0.0 999.0 999.0 99.0 99.00
2008 11 18 00 50 330  5.9  7.5 99.00 99.00 99.00 999 9999.0   0.0 999.0 999.0 99.0 99.00
2008 11 18 01 00 324  5.8  7.0 99.00 99.00 99.00 999 9999.0   5.1  12.5 999.0 99.0 99.00
2008 11 18 01 10 327  5.7  7.5 99.00 99.00 99.00 999 9999.0   0.0 999.0 999.0 99.0 99.00
2008 11 18 01 20 331  5.7  7.5 99.00 99.00 99.00 999 9999.0   0.0 999.0 999.0 99.0 99.00
2008 11 18 01 30 329  5.3  7.0 99.00 99.00 99.00 999 9999.0   0.0 999.0 999.0 99.0 99.00
2008 11 18 01 40 330  5.5  7.5 99.00 99.00 99.00 999 9999.0   0.0 999.0 999.0 99.0 99.00
2008 11 18 01 50 336  5.7  7.1 99.00 99.00 99.00 999 9999.0   0.0 999.0 999.0 99.0 99.00
2008 11 18 02 00 327  4.5  6.2 99.00 99.00 99.00 999 9999.0   4.0  12.3 999.0 99.0 99.00
2008 11 18 02 10 327  4.1  5.8 99.00 99.00 99.00 999 9999.0   0.0 999.0 999.0 99.0 99.00
2008 11 18 02 20 328  4.2  5.3 99.00 99.00 99.00 999 9999.0   0.0 999.0 999.0 99.0 99.00
2008 11 18 02 30 325  4.0  5.3 99.00 99.00 99.00 999 9999.0   0.0 999.0 999.0 99.0 99.00
2008 11 18 02 40 336  3.6  5.0 99.00 99.00 99.00 999 9999.0   0.0 999.0 999.0 99.0 99.00
2008 11 18 02 50 353  2.8  4.5 99.00 99.00 99.00 999 9999.0   0.0 999.0 999.0 99.0 99.00
2008 11 18 03 00   6  2.0  2.9 99.00 99.00 99.00 999 9999.0   4.1  12.2 999.0 99.0 99.00
2008 11 18 03 10 316  2.6  3.7 99.00 99.00 99.00 999 9999.0   0.0 999.0 999.0 99.0 99.00
2008 11 18 03 20 313  2.7  3.4 99.00 99.00 99.00 999 9999.0   0.0 999.0 999.0 99.0 99.00
2008 11 18 03 30 321  2.3  3.5 99.00 99.00 99.00 999 9999.0   0.0 999.0 999.0 99.0 99.00
2008 11 18 03 40 318  2.6  4.1 99.00 99.00 99.00 999 9999.0   0.0 999.0 999.0 99.0 99.00
2008 11 18 03 50 323  2.9  4.1 99.00 99.00 99.00 999 9999.0   0.0 999.0 999.0 99.0 99.00
2008 11 18 04 00 341  3.1  6.4 99.00 99.00 99.00 999 9999.0   4.1  12.2 999.0 99.0 99.00
2008 11 18 04 10 357  5.5  9.4 99.00 99.00 99.00 999 9999.0   0.0 999.0 999.0 99.0 99.00
2008 11 18 04 20 357  5.6  8.0 99.00 99.00 99.00 999 9999.0   0.0 999.0 999.0 99.0 99.00
2008 11 18 04 30 355  6.0  8.6 99.00 99.00 99.00 999 9999.0   0.0 999.0 999.0 99.0 99.00
2008 11 18 04 40   2  5.5  7.4 99.00 99.00 99.00 999 9999.0   0.0 999.0 999.0 99.0 99.00
2008 11 18 04 50 331  4.1  6.1 99.00 99.00 99.00 999 9999.0   0.0 999.0 999.0 99.0 99.00
2008 11 18 05 00 343  3.7  5.3 99.00 99.00 99.00 999 9999.0   4.0  12.2 999.0 99.0 99.00
2008 11 18 05 10 342  3.9  6.7 99.00 99.00 99.00 999 9999.0   0.0 999.0 999.0 99.0 99.00
2008 11 18 05 20 320  3.5  4.4 99.00 99.00 99.00 999 9999.0   0.0 999.0 999.0 99.0 99.00
2008 11 18 05 30 321  3.5  4.7 99.00 99.00 99.00 999 9999.0   0.0 999.0 999.0 99.0 99.00
2008 11 18 05 40 336  3.4  5.1 99.00 99.00 99.00 999 9999.0   0.0 999.0 999.0 99.0 99.00
2008 11 18 05 50   2  3.1  4.9 99.00 99.00 99.00 999 9999.0   0.0 999.0 999.0 99.0 99.00
2008 11 18 06 00  18  3.2  4.6 99.00 99.00 99.00 999 9999.0   3.4  12.1 999.0 99.0 99.00
2008 11 18 06 10   9  3.6  5.1 99.00 99.00 99.00 999 9999.0   0.0 999.0 999.0 99.0 99.00
2008 11 18 06 20  14  4.1  5.7 99.00 99.00 99.00 999 9999.0   0.0 999.0 999.0 99.0 99.00
2008 11 18 06 30 349  4.0  6.4 99.00 99.00 99.00 999 9999.0   0.0 999.0 999.0 99.0 99.00
2008 11 18 06 40   9  4.5  5.9 99.00 99.00 99.00 999 9999.0   0.0 999.0 999.0 99.0 99.00
2008 11 18 06 50   8  5.2  7.5 99.00 99.00 99.00 999 9999.0   0.0 999.0 999.0 99.0 99.00
2008 11 18 07 00   7  5.6  7.9 99.00 99.00 99.00 999 9999.0   3.2  12.1 999.0 99.0 99.00
2008 11 18 07 10   1  6.1  8.1 99.00 99.00 99.00 999 9999.0   0.0 999.0 999.0 99.0 99.00
2008 11 18 07 20   3  6.7  9.1 99.00 99.00 99.00 999 9999.0   0.0 999.0 999.0 99.0 99.00
2008 11 18 07 30 359  6.7  8.7 99.00 99.00 99.00 999 9999.0   0.0 999.0 999.0 99.0 99.00
2008 11 18 07 40   3  7.1  9.9 99.00 99.00 99.00 999 9999.0   0.0 999.0 999.0 99.0 99.00
2008 11 18 07 50   4  7.0  9.2 99.00 99.00 99.00 999 9999.0   0.0 999.0 999.0 99.0 99.00
2008 11 18 08 00   2  7.3  9.0 99.00 99.00 99.00 999 9999.0   2.9  12.1 999.0 99.0 99.00
2008 11 18 08 10   2  7.4  9.2 99.00 99.00 99.00 999 9999.0   0.0 999.0 999.0 99.0 99.00
2008 11 18 08 20   3  7.3  9.3 99.00 99.00 99.00 999 9999.0   0.0 999.0 999.0 99.0 99.00
2008 11 18 08 30   5  7.3  9.7 99.00 99.00 99.00 999 9999.0   0.0 999.0 999.0 99.0 99.00
2008 11 18 08 40   4  8.2 10.1 99.00 99.00 99.00 999 9999.0   0.0 999.0 999.0 99.0 99.00
2008 11 18 08 50   0  7.8 10.8 99.00 99.00 99.00 999 9999.0   0.0 999.0 999.0 99.0 99.00
2008 11 18 09 00   3  7.6  9.9 99.00 99.00 99.00 999 9999.0   2.6  11.8 999.0 99.0 99.00
2008 11 18 09 10   5  7.6 10.4 99.00 99.00 99.00 999 9999.0   0.0 999.0 999.0 99.0 99.00
2008 11 18 09 20   8  6.7  9.0 99.00 99.00 99.00 999 9999.0   0.0 999.0 999.0 99.0 99.00
2008 11 18 09 30   9  6.1  8.2 99.00 99.00 99.00 999 9999.0   0.0 999.0 999.0 99.0 99.00
2008 11 18 09 40   5  6.9  9.2 99.00 99.00 99.00 999 9999.0   0.0 999.0 999.0 99.0 99.00
2008 11 18 09 50   3  7.1 10.9 99.00 99.00 99.00 999 9999.0   0.0 999.0 999.0 99.0 99.00
2008 11 18 10 00   0  7.8 10.6 99.00 99.00 99.00 999 9999.0   2.4  11.6 999.0 99.0 99.00
2008 11 18 10 10   3  8.3 10.8 99.00 99.00 99.00 999 9999.0   0.0 999.0 999.0 99.0 99.00
2008 11 18 10 20   0  8.0 10.6 99.00 99.00 99.00 999 9999.0   0.0 999.0 999.0 99.0 99.00
2008 11 18 10 30   6  7.6  9.8 99.00 99.00 99.00 999 9999.0   0.0 999.0 999.0 99.0 99.00
2008 11 18 10 40   4  7.6 10.0 99.00 99.00 99.00 999 9999.0   0.0 999.0 999.0 99.0 99.00
2008 11 18 10 50   5  7.6 10.1 99.00 99.00 99.00 999 9999.0   0.0 999.0 999.0 99.0 99.00
2008 11 18 11 00   4  7.4  9.8 99.00 99.00 99.00 999 9999.0   1.9  11.6 999.0 99.0 99.00
2008 11 18 11 10   4  7.4 10.4 99.00 99.00 99.00 999 9999.0   0.0 999.0 999.0 99.0 99.00
2008 11 18 11 20   3  6.5  8.5 99.00 99.00 99.00 999 9999.0   0.0 999.0 999.0 99.0 99.00
2008 11 18 11 30   1  7.0  9.3 99.00 99.00 99.00 999 9999.0   0.0 999.0 999.0 99.0 99.00
2008 11 18 11 40 359  7.1  9.5 99.00 99.00 99.00 999 9999.0   0.0 999.0 999.0 99.0 99.00
2008 11 18 11 50   2  7.0  9.8 99.00 99.00 99.00 999 9999.0   0.0 999.0 999.0 99.0 99.00
2008 11 18 12 00  10  6.0  9.6 99.00 99.00 99.00 999 9999.0   1.4  11.5 999.0 99.0 99.00
2008 11 18 12 10  11  5.5  8.3 99.00 99.00 99.00 999 9999.0 999.0 999.0 999.0 99.0 99.00
2008 11 18 12 20  11  5.2  7.6 99.00 99.00 99.00 999 9999.0 999.0 999.0 999.0 99.0 99.00
2008 11 18 12 30   8  5.1  7.7 99.00 99.00 99.00 999 9999.0 999.0 999.0 999.0 99.0 99.00
2008 11 18 12 40   5  5.6  8.7 99.00 99.00 99.00 999 9999.0 999.0 999.0 999.0 99.0 99.00
2008 11 18 12 50   5  6.1  8.3 99.00 99.00 99.00 999 9999.0 999.0 999.0 999.0 99.0 99.00
2008 11 18 13 00 359  6.1  8.5 99.00 99.00 99.00 999 9999.0   1.6  11.5 999.0 99.0 99.00
2008 11 18 13 10   3  6.2  9.2 99.00 99.00 99.00 999 9999.0 999.0 999.0 999.0 99.0 99.00
2008 11 18 13 20 360  6.7  9.4 99.00 99.00 99.00 999 9999.0 999.0 999.0 999.0 99.0 99.00
2008 11 18 13 30   1  6.6  9.3 99.00 99.00 99.00 999 9999.0 999.0 999.0 999.0 99.0 99.00
2008 11 18 13 40   2  6.8  9.4 99.00 99.00 99.00 999 9999.0 999.0 999.0 999.0 99.0 99.00
2008 11 18 13 50   3  7.2 10.1 99.00 99.00 99.00 999 9999.0 999.0 999.0 999.0 99.0 99.00
2008 11 18 14 00   6  7.5 10.3 99.00 99.00 99.00 999 9999.0   2.0  11.6 999.0 99.0 99.00
2008 11 18 14 10   3  8.4 11.4 99.00 99.00 99.00 999 9999.0 999.0 999.0 999.0 99.0 99.00
2008 11 18 14 20   9  8.1 11.0 99.00 99.00 99.00 999 9999.0 999.0 999.0 999.0 99.0 99.00
2008 11 18 14 30  10  7.5 10.6 99.00 99.00 99.00 999 9999.0 999.0 999.0 999.0 99.0 99.00
2008 11 18 14 40 356  8.4 11.2 99.00 99.00 99.00 999 9999.0 999.0 999.0 999.0 99.0 99.00
2008 11 18 14 50   5  8.3 11.0 99.00 99.00 99.00 999 9999.0 999.0 999.0 999.0 99.0 99.00
2008 11 18 15 00   8  8.0 10.6 99.00 99.00 99.00 999 9999.0   2.5  11.6 999.0 99.0 99.00
2008 11 18 15 10   5  8.8 11.2 99.00 99.00 99.00 999 9999.0 999.0 999.0 999.0 99.0 99.00
2008 11 18 15 20 357  7.8 10.7 99.00 99.00 99.00 999 9999.0 999.0 999.0 999.0 99.0 99.00
2008 11 18 15 30   3  8.4 11.1 99.00 99.00 99.00 999 9999.0 999.0 999.0 999.0 99.0 99.00
2008 11 18 15 40  22  6.5  9.7 99.00 99.00 99.00 999 9999.0 999.0 999.0 999.0 99.0 99.00
2008 11 18 15 50 354  8.0 10.9 99.00 99.00 99.00 999 9999.0 999.0 999.0 999.0 99.0 99.00
2008 11 18 16 00 352  8.5 11.5 99.00 99.00 99.00 999 9999.0   2.6  11.6 999.0 99.0 99.00
2008 11 18 16 10 352  7.9 12.0 99.00 99.00 99.00 999 9999.0 999.0 999.0 999.0 99.0 99.00
2008 11 18 16 20   2  7.8 10.4 99.00 99.00 99.00 999 9999.0 999.0 999.0 999.0 99.0 99.00
2008 11 18 16 30 352  7.5  9.9 99.00 99.00 99.00 999 9999.0 999.0 999.0 999.0 99.0 99.00
2008 11 18 16 40 358  7.9 10.7 99.00 99.00 99.00 999 9999.0 999.0 999.0 999.0 99.0 99.00
2008 11 18 16 50   1  7.9 10.8 99.00 99.00 99.00 999 9999.0 999.0 999.0 999.0 99.0 99.00
2008 11 18 17 00 348  7.1 10.0 99.00 99.00 99.00 999 9999.0   2.9  11.8 999.0 99.0 99.00
2008 11 18 17 10 345  8.7 11.6 99.00 99.00 99.00 999 9999.0 999.0 999.0 999.0 99.0 99.00
2008 11 18 17 20 358  8.1 11.2 99.00 99.00 99.00 999 9999.0 999.0 999.0 999.0 99.0 99.00
2008 11 18 17 30 359  7.2 11.3 99.00 99.00 99.00 999 9999.0 999.0 999.0 999.0 99.0 99.00
2008 11 18 17 40 352  8.4 11.9 99.00 99.00 99.00 999 9999.0 999.0 999.0 999.0 99.0 99.00
2008 11 18 17 50   3  8.8 11.2 99.00 99.00 99.00 999 9999.0 999.0 999.0 999.0 99.0 99.00
2008 11 18 18 00 345  8.3 12.1 99.00 99.00 99.00 999 9999.0   3.1  11.8 999.0 99.0 99.00
2008 11 18 18 10   2  8.6 11.7 99.00 99.00 99.00 999 9999.0 999.0 999.0 999.0 99.0 99.00
2008 11 18 18 20 349  9.2 11.9 99.00 99.00 99.00 999 9999.0 999.0 999.0 999.0 99.0 99.00
2008 11 18 18 30 351  8.5 11.6 99.00 99.00 99.00 999 9999.0 999.0 999.0 999.0 99.0 99.00
2008 11 18 18 40 341  8.3 11.2 99.00 99.00 99.00 999 9999.0 999.0 999.0 999.0 99.0 99.00
2008 11 18 18 50 341  7.7 10.0 99.00 99.00 99.00 999 9999.0 999.0 999.0 999.0 99.0 99.00
2008 11 18 19 00  16  7.7  9.6 99.00 99.00 99.00 999 9999.0   3.3  11.8 999.0 99.0 99.00
2008 11 18 19 10 358  8.3 12.3 99.00 99.00 99.00 999 9999.0 999.0 999.0 999.0 99.0 99.00
2008 11 18 19 20   1  7.7 10.2 99.00 99.00 99.00 999 9999.0 999.0 999.0 999.0 99.0 99.00
2008 11 18 19 30   6  7.1  9.4 99.00 99.00 99.00 999 9999.0 999.0 999.0 999.0 99.0 99.00
2008 11 18 19 40   6  7.6 10.0 99.00 99.00 99.00 999 9999.0 999.0 999.0 999.0 99.0 99.00
2008 11 18 19 50 353  9.1 12.8 99.00 99.00 99.00 999 9999.0 999.0 999.0 999.0 99.0 99.00
2008 11 18 20 00  10  7.7  9.9 99.00 99.00 99.00 999 9999.0   2.9  11.7 999.0 99.0 99.00
2008 11 18 20 10   7  7.2  9.9 99.00 99.00 99.00 999 9999.0 999.0 999.0 999.0 99.0 99.00
2008 11 18 20 20 359  8.0 11.3 99.00 99.00 99.00 999 9999.0 999.0 999.0 999.0 99.0 99.00
2008 11 18 20 30  18  7.5  9.7 99.00 99.00 99.00 999 9999.0 999.0 999.0 999.0 99.0 99.00
2008 11 18 20 40   4  9.6 12.8 99.00 99.00 99.00 999 9999.0 999.0 999.0 999.0 99.0 99.00
2008 11 18 20 50 337  9.1 12.6 99.00 99.00 99.00 999 9999.0 999.0 999.0 999.0 99.0 99.00
2008 11 18 21 00 336  8.7 12.5 99.00 99.00 99.00 999 9999.0   3.3  11.7 999.0 99.0 99.00
2008 11 18 21 10 335  7.7 10.9 99.00 99.00 99.00 999 9999.0 999.0 999.0 999.0 99.0 99.00
2008 11 18 21 20 337  7.0  9.9 99.00 99.00 99.00 999 9999.0 999.0 999.0 999.0 99.0 99.00
2008 11 18 21 30 333  7.9 11.8 99.00 99.00 99.00 999 9999.0 999.0 999.0 999.0 99.0 99.00
2008 11 18 21 40 343  7.4 10.0 99.00 99.00 99.00 999 9999.0 999.0 999.0 999.0 99.0 99.00
2008 11 18 21 50 356  8.6 13.1 99.00 99.00 99.00 999 9999.0 999.0 999.0 999.0 99.0 99.00
2008 11 18 22 00   1  7.8 10.4 99.00 99.00 99.00 999 9999.0   3.2  11.6 999.0 99.0 99.00
2008 11 18 22 10 355  9.3 13.8 99.00 99.00 99.00 999 9999.0 999.0 999.0 999.0 99.0 99.00
2008 11 18 22 20 360  9.2 12.3 99.00 99.00 99.00 999 9999.0 999.0 999.0 999.0 99.0 99.00
2008 11 18 22 30   0  9.6 12.3 99.00 99.00 99.00 999 9999.0 999.0 999.0 999.0 99.0 99.00
2008 11 18 22 40   5  8.7 11.9 99.00 99.00 99.00 999 9999.0 999.0 999.0 999.0 99.0 99.00
2008 11 18 22 50   9  7.5 10.3 99.00 99.00 99.00 999 9999.0 999.0 999.0 999.0 99.0 99.00
2008 11 18 23 00   8  7.0  9.6 99.00 99.00 99.00 999 9999.0   2.0  11.5 999.0 99.0 99.00
2008 11 18 23 10   5  7.1  9.8 99.00 99.00 99.00 999 9999.0 999.0 999.0 999.0 99.0 99.00
2008 11 18 23 20   3  7.5 10.1 99.00 99.00 99.00 999 9999.0 999.0 999.0 999.0 99.0 99.00
2008 11 18 23 30   8  7.6  9.5 99.00 99.00 99.00 999 9999.0 999.0 999.0 999.0 99.0 99.00
2008 11 18 23 40   4  7.5  9.3 99.00 99.00 99.00 999 9999.0 999.0 999.0 999.0 99.0 99.00
2008 11 18 23 50   2  7.7 10.4 99.00 99.00 99.00 999 9999.0 999.0 999.0 999.0 99.0 99.00
2008 11 19 00 00   4  7.6 11.4 99.00 99.00 99.00 999 9999.0   1.8  11.5 999.0 99.0 99.00
2008 11 19 00 10   1  8.1 10.9 99.00 99.00 99.00 999 9999.0 999.0 999.0 999.0 99.0 99.00
2008 11 19 00 20   1  7.9 11.2 99.00 99.00 99.00 999 9999.0 999.0 999.0 999.0 99.0 99.00
2008 11 19 00 30   4  7.5 10.5 99.00 99.00 99.00 999 9999.0 999.0 999.0 999.0 99.0 99.00
2008 11 19 00 40   3  7.4 11.0 99.00 99.00 99.00 999 9999.0 999.0 999.0 999.0 99.0 99.00
2008 11 19 00 50   3  7.7 11.7 99.00 99.00 99.00 999 9999.0 999.0 999.0 999.0 99.0 99.00
2008 11 19 01 00   3  8.0 11.9 99.00 99.00 99.00 999 9999.0   1.7  11.6 999.0 99.0 99.00
2008 11 19 01 10   1  7.9 10.2 99.00 99.00 99.00 999 9999.0 999.0 999.0 999.0 99.0 99.00
2008 11 19 01 20 359  7.8 12.2 99.00 99.00 99.00 999 9999.0 999.0 999.0 999.0 99.0 99.00
2008 11 19 01 30   2  7.6 11.4 99.00 99.00 99.00 999 9999.0 999.0 999.0 999.0 99.0 99.00
2008 11 19 01 40 357  9.2 14.4 99.00 99.00 99.00 999 9999.0 999.0 999.0 999.0 99.0 99.00
2008 11 19 01 50   2  8.5 11.9 99.00 99.00 99.00 999 9999.0 999.0 999.0 999.0 99.0 99.00
2008 11 19 02 00 359  8.0 10.9 99.00 99.00 99.00 999 9999.0   1.2  11.4 999.0 99.0 99.00
2008 11 19 02 10   3  7.9 10.5 99.00 99.00 99.00 999 9999.0 999.0 999.0 999.0 99.0 99.00
2008 11 19 02 20 359  8.3 11.3 99.00 99.00 99.00 999 9999.0 999.0 999.0 999.0 99.0 99.00
2008 11 19 02 30 360  8.2 11.7 99.00 99.00 99.00 999 9999.0 999.0 999.0 999.0 99.0 99.00
2008 11 19 02 40   0  8.0 10.8 99.00 99.00 99.00 999 9999.0 999.0 999.0 999.0 99.0 99.00
2008 11 19 02 50   2  8.7 11.2 99.00 99.00 99.00 999 9999.0 999.0 999.0 999.0 99.0 99.00
2008 11 19 03 00   3  8.1 11.8 99.00 99.00 99.00 999 9999.0   0.7  11.6 999.0 99.0 99.00
2008 11 19 03 10   5  7.3  9.8 99.00 99.00 99.00 999 9999.0 999.0 999.0 999.0 99.0 99.00
2008 11 19 03 20   3  7.2  9.8 99.00 99.00 99.00 999 9999.0 999.0 999.0 999.0 99.0 99.00
2008 11 19 03 30   5  6.6  8.8 99.00 99.00 99.00 999 9999.0 999.0 999.0 999.0 99.0 99.00
2008 11 19 03 40   5  6.8  9.0 99.00 99.00 99.00 999 9999.0 999.0 999.0 999.0 99.0 99.00
2008 11 19 03 50   0  7.4 11.0 99.00 99.00 99.00 999 9999.0 999.0 999.0 999.0 99.0 99.00
2008 11 19 04 00   3  8.5 11.0 99.00 99.00 99.00 999 9999.0   0.4  11.6 999.0 99.0 99.00
2008 11 19 04 10   5  8.5 11.0 99.00 99.00 99.00 999 9999.0 999.0 999.0 999.0 99.0 99.00
2008 11 19 04 20   5  7.5 10.1 99.00 99.00 99.00 999 9999.0 999.0 999.0 999.0 99.0 99.00
2008 11 19 04 30   1  8.1 10.9 99.00 99.00 99.00 999 9999.0 999.0 999.0 999.0 99.0 99.00
2008 11 19 04 40   2  8.8 10.7 99.00 99.00 99.00 999 9999.0 999.0 999.0 999.0 99.0 99.00
2008 11 19 04 50   4  8.4 11.3 99.00 99.00 99.00 999 9999.0 999.0 999.0 999.0 99.0 99.00
2008 11 19 05 00   1  8.1 10.9 99.00 99.00 99.00 999 9999.0   0.3  11.5 999.0 99.0 99.00
2008 11 19 05 10 353  8.5 12.5 99.00 99.00 99.00 999 9999.0 999.0 999.0 999.0 99.0 99.00
2008 11 19 05 20 346  9.9 14.1 99.00 99.00 99.00 999 9999.0 999.0 999.0 999.0 99.0 99.00
2008 11 19 05 30 352  9.7 12.8 99.00 99.00 99.00 999 9999.0 999.0 999.0 999.0 99.0 99.00
2008 11 19 05 40 357  9.7 13.3 99.00 99.00 99.00 999 9999.0 999.0 999.0 999.0 99.0 99.00
2008 11 19 05 50 356  8.8 12.5 99.00 99.00 99.00 999 9999.0 999.0 999.0 999.0 99.0 99.00
2008 11 19 06 00   3  8.9 12.2 99.00 99.00 99.00 999 9999.0   0.4  11.4 999.0 99.0 99.00
2008 11 19 06 10 357  9.3 11.8 99.00 99.00 99.00 999 9999.0 999.0 999.0 999.0 99.0 99.00
2008 11 19 06 20   2  8.2 11.2 99.00 99.00 99.00 999 9999.0 999.0 999.0 999.0 99.0 99.00
2008 11 19 06 30   4  8.2 12.3 99.00 99.00 99.00 999 9999.0 999.0 999.0 999.0 99.0 99.00
2008 11 19 06 40 360  9.4 13.9 99.00 99.00 99.00 999 9999.0 999.0 999.0 999.0 99.0 99.00
2008 11 19 06 50 359  9.5 12.6 99.00 99.00 99.00 999 9999.0 999.0 999.0 999.0 99.0 99.00
2008 11 19 07 00 355  9.2 13.8 99.00 99.00 99.00 999 9999.0   0.2  11.3 999.0 99.0 99.00
2008 11 19 07 10   2  9.0 11.8 99.00 99.00 99.00 999 9999.0 999.0 999.0 999.0 99.0 99.00
2008 11 19 07 20 360  8.5 10.7 99.00 99.00 99.00 999 9999.0 999.0 999.0 999.0 99.0 99.00
2008 11 19 07 30   1  8.7 14.0 99.00 99.00 99.00 999 9999.0 999.0 999.0 999.0 99.0 99.00
2008 11 19 07 40   2  8.0 10.7 99.00 99.00 99.00 999 9999.0 999.0 999.0 999.0 99.0 99.00
2008 11 19 07 50 355  9.6 13.2 99.00 99.00 99.00 999 9999.0 999.0 999.0 999.0 99.0 99.00
2008 11 19 08 00 353  9.6 13.2 99.00 99.00 99.00 999 9999.0   0.1  11.3 999.0 99.0 99.00
2008 11 19 08 10 355  9.5 12.4 99.00 99.00 99.00 999 9999.0 999.0 999.0 999.0 99.0 99.00
2008 11 19 08 20 356  9.3 12.5 99.00 99.00 99.00 999 9999.0 999.0 999.0 999.0 99.0 99.00
2008 11 19 08 30 358  8.5 12.8 99.00 99.00 99.00 999 9999.0 999.0 999.0 999.0 99.0 99.00
2008 11 19 08 40 350  8.8 12.3 99.00 99.00 99.00 999 9999.0 999.0 999.0 999.0 99.0 99.00
2008 11 19 08 50 356  9.0 11.4 99.00 99.00 99.00 999 9999.0 999.0 999.0 999.0 99.0 99.00
2008 11 19 09 00 358  8.3 12.0 99.00 99.00 99.00 999 9999.0  -0.4  11.2 999.0 99.0 99.00
2008 11 19 09 10 356  8.5 11.3 99.00 99.00 99.00 999 9999.0 999.0 999.0 999.0 99.0 99.00
2008 11 19 09 20 358  7.9 11.0 99.00 99.00 99.00 999 9999.0 999.0 999.0 999.0 99.0 99.00
2008 11 19 09 30 357  7.4 11.2 99.00 99.00 99.00 999 9999.0 999.0 999.0 999.0 99.0 99.00
2008 11 19 09 40 344  6.5  9.5 99.00 99.00 99.00 999 9999.0 999.0 999.0 999.0 99.0 99.00
2008 11 19 09 50 348  8.1 12.5 99.00 99.00 99.00 999 9999.0 999.0 999.0 999.0 99.0 99.00
2008 11 19 10 00 357  9.2 11.9 99.00 99.00 99.00 999 9999.0  -0.6  11.1 999.0 99.0 99.00
2008 11 19 10 10 359  8.7 12.5 99.00 99.00 99.00 999 9999.0 999.0 999.0 999.0 99.0 99.00
2008 11 19 10 20   3  8.0 12.4 99.00 99.00 99.00 999 9999.0 999.0 999.0 999.0 99.0 99.00
2008 11 19 10 30   4  7.7 11.9 99.00 99.00 99.00 999 9999.0 999.0 999.0 999.0 99.0 99.00
2008 11 19 10 40   3  7.9 11.4 99.00 99.00 99.00 999 9999.0 999.0 999.0 999.0 99.0 99.00
2008 11 19 10 50   3  7.7 12.0 99.00 99.00 99.00 999 9999.0 999.0 999.0 999.0 99.0 99.00
2008 11 19 11 00 358  7.8 11.4 99.00 99.00 99.00 999 9999.0  -1.0  10.8 999.0 99.0 99.00
2008 11 19 11 10   3  7.5 10.4 99.00 99.00 99.00 999 9999.0 999.0 999.0 999.0 99.0 99.00
2008 11 19 11 20 359  8.2 12.3 99.00 99.00 99.00 999 9999.0 999.0 999.0 999.0 99.0 99.00
2008 11 19 11 30 357  7.8 11.4 99.00 99.00 99.00 999 9999.0 999.0 999.0 999.0 99.0 99.00
2008 11 19 11 40 353  8.0 11.5 99.00 99.00 99.00 999 9999.0 999.0 999.0 999.0 99.0 99.00
2008 11 19 11 50 357  7.3 10.7 99.00 99.00 99.00 999 9999.0 999.0 999.0 999.0 99.0 99.00
2008 11 19 12 00 352  7.3 11.5 99.00 99.00 99.00 999 9999.0  -1.4  11.1 999.0 99.0 99.00
2008 11 19 12 10 359  7.5  9.9 99.00 99.00 99.00 999 9999.0 999.0 999.0 999.0 99.0 99.00
2008 11 19 12 20   4  7.4 10.1 99.00 99.00 99.00 999 9999.0 999.0 999.0 999.0 99.0 99.00
2008 11 19 12 30   7  6.6  8.8 99.00 99.00 99.00 999 9999.0 999.0 999.0 999.0 99.0 99.00
2008 11 19 12 40   2  6.8 10.0 99.00 99.00 99.00 999 9999.0 999.0 999.0 999.0 99.0 99.00
2008 11 19 12 50 353  6.5 10.2 99.00 99.00 99.00 999 9999.0 999.0 999.0 999.0 99.0 99.00
2008 11 19 13 00 315  4.4  6.9 99.00 99.00 99.00 999 9999.0  -0.9  11.1 999.0 99.0 99.00
2008 11 19 13 10 313  5.6  7.5 99.00 99.00 99.00 999 9999.0 999.0 999.0 999.0 99.0 99.00
2008 11 19 13 20 312  4.7  6.5 99.00 99.00 99.00 999 9999.0 999.0 999.0 999.0 99.0 99.00
2008 11 19 13 30 327  6.3  9.1 99.00 99.00 99.00 999 9999.0 999.0 999.0 999.0 99.0 99.00
2008 11 19 13 40 342  6.7  9.9 99.00 99.00 99.00 999 9999.0 999.0 999.0 999.0 99.0 99.00
2008 11 19 13 50 345  6.5  8.8 99.00 99.00 99.00 999 9999.0 999.0 999.0 999.0 99.0 99.00
2008 11 19 14 00 352  8.2 11.3 99.00 99.00 99.00 999 9999.0  -0.2  11.0 999.0 99.0 99.00
2008 11 19 14 10   3  8.6 11.2 99.00 99.00 99.00 999 9999.0 999.0 999.0 999.0 99.0 99.00
2008 11 19 14 20   5  9.0 12.0 99.00 99.00 99.00 999 9999.0 999.0 999.0 999.0 99.0 99.00
2008 11 19 14 30   0  8.1 10.6 99.00 99.00 99.00 999 9999.0 999.0 999.0 999.0 99.0 99.00
2008 11 19 14 40 352  9.0 12.3 99.00 99.00 99.00 999 9999.0 999.0 999.0 999.0 99.0 99.00
2008 11 19 14 50   0  9.1 12.3 99.00 99.00 99.00 999 9999.0 999.0 999.0 999.0 99.0 99.00
2008 11 19 15 00   9  7.5 10.4 99.00 99.00 99.00 999 9999.0   0.4  11.0 999.0 99.0 99.00
2008 11 19 15 10 355  7.6 11.9 99.00 99.00 99.00 999 9999.0 999.0 999.0 999.0 99.0 99.00
2008 11 19 15 20 359  7.5 10.1 99.00 99.00 99.00 999 9999.0 999.0 999.0 999.0 99.0 99.00
2008 11 19 15 30 358  6.1  9.7 99.00 99.00 99.00 999 9999.0 999.0 999.0 999.0 99.0 99.00
2008 11 19 15 40 348  7.8 12.3 99.00 99.00 99.00 999 9999.0 999.0 999.0 999.0 99.0 99.00
2008 11 19 15 50 348  7.5 10.5 99.00 99.00 99.00 999 9999.0 999.0 999.0 999.0 99.0 99.00
2008 11 19 16 00 344  7.6 11.9 99.00 99.00 99.00 999 9999.0   0.6  11.0 999.0 99.0 99.00
2008 11 19 16 10 345  7.4 12.2 99.00 99.00 99.00 999 9999.0 999.0 999.0 999.0 99.0 99.00
2008 11 19 16 20 348  6.7  9.7 99.00 99.00 99.00 999 9999.0 999.0 999.0 999.0 99.0 99.00
2008 11 19 16 30 335  6.5  9.2 99.00 99.00 99.00 999 9999.0 999.0 999.0 999.0 99.0 99.00
2008 11 19 16 40 337  6.9  9.7 99.00 99.00 99.00 999 9999.0 999.0 999.0 999.0 99.0 99.00
2008 11 19 16 50 341  7.2 10.4 99.00 99.00 99.00 999 9999.0 999.0 999.0 999.0 99.0 99.00
2008 11 19 17 00 345  6.6 10.1 99.00 99.00 99.00 999 9999.0   1.0  11.0 999.0 99.0 99.00
2008 11 19 17 10 343  7.5 10.6 99.00 99.00 99.00 999 9999.0 999.0 999.0 999.0 99.0 99.00
2008 11 19 17 20 357  7.8 10.4 99.00 99.00 99.00 999 9999.0 999.0 999.0 999.0 99.0 99.00
2008 11 19 17 30 341  6.9  9.6 99.00 99.00 99.00 999 9999.0 999.0 999.0 999.0 99.0 99.00
2008 11 19 17 40 343  7.3 10.1 99.00 99.00 99.00 999 9999.0 999.0 999.0 999.0 99.0 99.00
2008 11 19 17 50 349  8.0 10.2 99.00 99.00 99.00 999 9999.0 999.0 999.0 999.0 99.0 99.00
2008 11 19 18 00 358  6.6  9.4 99.00 99.00 99.00 999 9999.0   1.6  11.0 999.0 99.0 99.00
2008 11 19 18 10 342  6.3  8.0 99.00 99.00 99.00 999 9999.0 999.0 999.0 999.0 99.0 99.00
2008 11 19 18 20 354  7.3 10.4 99.00 99.00 99.00 999 9999.0 999.0 999.0 999.0 99.0 99.00
2008 11 19 18 30 345  7.5 10.3 99.00 99.00 99.00 999 9999.0 999.0 999.0 999.0 99.0 99.00
2008 11 19 18 40 337  7.2 10.5 99.00 99.00 99.00 999 9999.0 999.0 999.0 999.0 99.0 99.00
2008 11 19 18 50 347  6.5 10.2 99.00 99.00 99.00 999 9999.0 999.0 999.0 999.0 99.0 99.00
2008 11 19 19 00 338  5.2  7.9 99.00 99.00 99.00 999 9999.0   2.2  11.0 999.0 99.0 99.00
2008 11 19 19 10 330  6.4  8.6 99.00 99.00 99.00 999 9999.0 999.0 999.0 999.0 99.0 99.00
2008 11 19 19 20 332  5.6  7.8 99.00 99.00 99.00 999 9999.0 999.0 999.0 999.0 99.0 99.00
2008 11 19 19 30 337  5.4  8.8 99.00 99.00 99.00 999 9999.0 999.0 999.0 999.0 99.0 99.00
2008 11 19 19 40 321  5.1  8.5 99.00 99.00 99.00 999 9999.0 999.0 999.0 999.0 99.0 99.00
2008 11 19 19 50 341  5.6  7.9 99.00 99.00 99.00 999 9999.0 999.0 999.0 999.0 99.0 99.00
2008 11 19 20 00 348  5.9  8.2 99.00 99.00 99.00 999 9999.0   2.9  11.1 999.0 99.0 99.00
2008 11 19 20 10 340  4.7  7.6 99.00 99.00 99.00 999 9999.0 999.0 999.0 999.0 99.0 99.00
2008 11 19 20 20 334  5.2  7.5 99.00 99.00 99.00 999 9999.0 999.0 999.0 999.0 99.0 99.00
2008 11 19 20 30 324  5.3  7.3 99.00 99.00 99.00 999 9999.0 999.0 999.0 999.0 99.0 99.00
2008 11 19 20 40 326  4.8  7.3 99.00 99.00 99.00 999 9999.0 999.0 999.0 999.0 99.0 99.00
2008 11 19 20 50 319  4.3  6.6 99.00 99.00 99.00 999 9999.0 999.0 999.0 999.0 99.0 99.00
2008 11 19 21 00 323  4.6  6.5 99.00 99.00 99.00 999 9999.0   2.8  10.9 999.0 99.0 99.00
2008 11 19 21 10 315  3.7  6.0 99.00 99.00 99.00 999 9999.0 999.0 999.0 999.0 99.0 99.00
2008 11 19 21 20 311  4.0  5.6 99.00 99.00 99.00 999 9999.0 999.0 999.0 999.0 99.0 99.00
2008 11 19 21 30 310  4.1  6.4 99.00 99.00 99.00 999 9999.0 999.0 999.0 999.0 99.0 99.00
2008 11 19 21 40 311  4.2  5.6 99.00 99.00 99.00 999 9999.0 999.0 999.0 999.0 99.0 99.00
2008 11 19 21 50 316  4.0  5.0 99.00 99.00 99.00 999 9999.0 999.0 999.0 999.0 99.0 99.00
2008 11 19 22 00 305  3.9  5.1 99.00 99.00 99.00 999 9999.0   2.3  10.8 999.0 99.0 99.00
2008 11 19 22 10 303  3.3  4.1 99.00 99.00 99.00 999 9999.0 999.0 999.0 999.0 99.0 99.00
2008 11 19 22 20 296  3.2  4.8 99.00 99.00 99.00 999 9999.0 999.0 999.0 999.0 99.0 99.00
2008 11 19 22 30 299  3.2  4.6 99.00 99.00 99.00 999 9999.0 999.0 999.0 999.0 99.0 99.00
2008 11 19 22 40 298  2.7  3.8 99.00 99.00 99.00 999 9999.0 999.0 999.0 999.0 99.0 99.00
2008 11 19 22 50 294  2.5  3.4 99.00 99.00 99.00 999 9999.0 999.0 999.0 999.0 99.0 99.00
2008 11 19 23 00 300  2.4  3.3 99.00 99.00 99.00 999 9999.0   1.9  10.9 999.0 99.0 99.00
2008 11 19 23 10 286  2.3  2.9 99.00 99.00 99.00 999 9999.0 999.0 999.0 999.0 99.0 99.00
2008 11 19 23 20 290  2.1  3.4 99.00 99.00 99.00 999 9999.0 999.0 999.0 999.0 99.0 99.00
2008 11 19 23 30 295  2.4  3.3 99.00 99.00 99.00 999 9999.0 999.0 999.0 999.0 99.0 99.00
2008 11 19 23 40 296  2.8  3.7 99.00 99.00 99.00 999 9999.0 999.0 999.0 999.0 99.0 99.00
2008 11 19 23 50 305  3.0  4.5 99.00 99.00 99.00 999 9999.0 999.0 999.0 999.0 99.0 99.00
2008 11 20 00 00 309  3.1  4.2 99.00 99.00 99.00 999 9999.0   2.0  10.9 999.0 99.0 99.00
2008 11 20 00 10 312  3.7  5.2 99.00 99.00 99.00 999 9999.0 999.0 999.0 999.0 99.0 99.00
2008 11 20 00 20 310  3.2  4.6 99.00 99.00 99.00 999 9999.0 999.0 999.0 999.0 99.0 99.00
2008 11 20 00 30 306  3.1  3.9 99.00 99.00 99.00 999 9999.0 999.0 999.0 999.0 99.0 99.00
2008 11 20 00 40 308  2.9  3.8 99.00 99.00 99.00 999 9999.0 999.0 999.0 999.0 99.0 99.00
2008 11 20 00 50 290  2.7  3.6 99.00 99.00 99.00 999 9999.0 999.0 999.0 999.0 99.0 99.00
2008 11 20 02 00 291  2.5  3.1 99.00 99.00 99.00 999 9999.0   1.8  10.8 999.0 99.0 99.00
2008 11 20 02 10 288  2.4  3.1 99.00 99.00 99.00 999 9999.0 999.0 999.0 999.0 99.0 99.00
2008 11 20 02 20 290  2.6  3.4 99.00 99.00 99.00 999 9999.0 999.0 999.0 999.0 99.0 99.00
2008 11 20 02 30 290  2.7  3.4 99.00 99.00 99.00 999 9999.0 999.0 999.0 999.0 99.0 99.00
2008 11 20 02 40 289  2.4  2.9 99.00 99.00 99.00 999 9999.0 999.0 999.0 999.0 99.0 99.00
2008 11 20 02 50 272  2.7  3.3 99.00 99.00 99.00 999 9999.0 999.0 999.0 999.0 99.0 99.00
2008 11 20 03 00 269  2.9  4.0 99.00 99.00 99.00 999 9999.0   1.8  10.7 999.0 99.0 99.00
2008 11 20 03 10 264  3.0  3.8 99.00 99.00 99.00 999 9999.0 999.0 999.0 999.0 99.0 99.00
2008 11 20 03 20 266  3.4  4.1 99.00 99.00 99.00 999 9999.0 999.0 999.0 999.0 99.0 99.00
2008 11 20 03 30 284  3.3  4.0 99.00 99.00 99.00 999 9999.0 999.0 999.0 999.0 99.0 99.00
2008 11 20 03 40 281  3.3  4.2 99.00 99.00 99.00 999 9999.0 999.0 999.0 999.0 99.0 99.00
2008 11 20 03 50 273  2.9  3.8 99.00 99.00 99.00 999 9999.0 999.0 999.0 999.0 99.0 99.00
2008 11 20 04 00 275  2.9  3.6 99.00 99.00 99.00 999 9999.0   1.9  10.6 999.0 99.0 99.00
2008 11 20 04 10 280  2.5  3.0 99.00 99.00 99.00 999 9999.0 999.0 999.0 999.0 99.0 99.00
2008 11 20 04 20 276  2.0  3.0 99.00 99.00 99.00 999 9999.0 999.0 999.0 999.0 99.0 99.00
2008 11 20 04 30 279  1.9  2.5 99.00 99.00 99.00 999 9999.0 999.0 999.0 999.0 99.0 99.00
2008 11 20 04 40 273  1.4  2.4 99.00 99.00 99.00 999 9999.0 999.0 999.0 999.0 99.0 99.00
2008 11 20 04 50 275  1.6  2.6 99.00 99.00 99.00 999 9999.0 999.0 999.0 999.0 99.0 99.00
2008 11 20 05 00 282  2.0  2.8 99.00 99.00 99.00 999 9999.0   2.0  10.5 999.0 99.0 99.00
2008 11 20 05 10 274  1.8  2.6 99.00 99.00 99.00 999 9999.0 999.0 999.0 999.0 99.0 99.00
2008 11 20 05 20 272  1.7  2.6 99.00 99.00 99.00 999 9999.0 999.0 999.0 999.0 99.0 99.00
2008 11 20 05 30 257  1.9  2.6 99.00 99.00 99.00 999 9999.0 999.0 999.0 999.0 99.0 99.00
2008 11 20 05 40 261  2.3  3.5 99.00 99.00 99.00 999 9999.0 999.0 999.0 999.0 99.0 99.00
2008 11 20 05 50 264  2.4  3.3 99.00 99.00 99.00 999 9999.0 999.0 999.0 999.0 99.0 99.00
2008 11 20 06 00 273  2.3  3.3 99.00 99.00 99.00 999 9999.0   1.9  10.7 999.0 99.0 99.00
2008 11 20 06 10 270  2.3  3.1 99.00 99.00 99.00 999 9999.0 999.0 999.0 999.0 99.0 99.00
2008 11 20 06 20 269  2.4  3.5 99.00 99.00 99.00 999 9999.0 999.0 999.0 999.0 99.0 99.00
2008 11 20 06 30 276  2.1  3.6 99.00 99.00 99.00 999 9999.0 999.0 999.0 999.0 99.0 99.00
2008 11 20 06 40 273  2.5  3.2 99.00 99.00 99.00 999 9999.0 999.0 999.0 999.0 99.0 99.00
2008 11 20 06 50 268  2.7  3.6 99.00 99.00 99.00 999 9999.0 999.0 999.0 999.0 99.0 99.00
2008 11 20 07 00 261  2.8  3.6 99.00 99.00 99.00 999 9999.0   1.8  10.6 999.0 99.0 99.00
2008 11 20 07 10 252  2.8  3.9 99.00 99.00 99.00 999 9999.0 999.0 999.0 999.0 99.0 99.00
2008 11 20 07 20 265  2.3  3.5 99.00 99.00 99.00 999 9999.0 999.0 999.0 999.0 99.0 99.00
2008 11 20 07 30 273  2.2  2.8 99.00 99.00 99.00 999 9999.0 999.0 999.0 999.0 99.0 99.00
2008 11 20 07 40 260  2.6  3.7 99.00 99.00 99.00 999 9999.0 999.0 999.0 999.0 99.0 99.00
2008 11 20 07 50 256  3.6  4.6 99.00 99.00 99.00 999 9999.0 999.0 999.0 999.0 99.0 99.00
2008 11 20 08 00 261  3.8  4.8 99.00 99.00 99.00 999 9999.0   2.2  10.6 999.0 99.0 99.00
2008 11 20 08 10 259  3.7  4.6 99.00 99.00 99.00 999 9999.0 999.0 999.0 999.0 99.0 99.00
2008 11 20 08 20 263  3.3  4.4 99.00 99.00 99.00 999 9999.0 999.0 999.0 999.0 99.0 99.00
2008 11 20 08 30 269  3.1  4.1 99.00 99.00 99.00 999 9999.0 999.0 999.0 999.0 99.0 99.00
2008 11 20 08 40 276  3.0  4.2 99.00 99.00 99.00 999 9999.0 999.0 999.0 999.0 99.0 99.00
2008 11 20 08 50 283  2.9  4.0 99.00 99.00 99.00 999 9999.0 999.0 999.0 999.0 99.0 99.00
2008 11 20 09 00 291  2.7  3.3 99.00 99.00 99.00 999 9999.0   1.9  10.6 999.0 99.0 99.00
2008 11 20 09 10 295  2.7  3.5 99.00 99.00 99.00 999 9999.0 999.0 999.0 999.0 99.0 99.00
2008 11 20 09 20 291  2.6  3.3 99.00 99.00 99.00 999 9999.0 999.0 999.0 999.0 99.0 99.00
2008 11 20 09 30 291  2.6  3.4 99.00 99.00 99.00 999 9999.0 999.0 999.0 999.0 99.0 99.00
2008 11 20 09 40 281  3.1  3.9 99.00 99.00 99.00 999 9999.0 999.0 999.0 999.0 99.0 99.00
2008 11 20 09 50 280  3.1  4.3 99.00 99.00 99.00 999 9999.0 999.0 999.0 999.0 99.0 99.00
2008 11 20 10 00 279  3.4  4.4 99.00 99.00 99.00 999 9999.0   2.3  10.5 999.0 99.0 99.00
2008 11 20 10 10 269  3.7  5.0 99.00 99.00 99.00 999 9999.0 999.0 999.0 999.0 99.0 99.00
2008 11 20 10 20 271  3.8  4.8 99.00 99.00 99.00 999 9999.0 999.0 999.0 999.0 99.0 99.00
2008 11 20 10 30 262  3.4  4.4 99.00 99.00 99.00 999 9999.0 999.0 999.0 999.0 99.0 99.00
2008 11 20 10 40 266  4.0  5.0 99.00 99.00 99.00 999 9999.0 999.0 999.0 999.0 99.0 99.00
2008 11 20 10 50 275  3.7  5.1 99.00 99.00 99.00 999 9999.0 999.0 999.0 999.0 99.0 99.00
2008 11 20 11 00 266  3.9  4.6 99.00 99.00 99.00 999 9999.0   2.3  10.5 999.0 99.0 99.00
2008 11 20 11 10 265  3.9  5.0 99.00 99.00 99.00 999 9999.0 999.0 999.0 999.0 99.0 99.00
2008 11 20 11 20 276  3.6  4.9 99.00 99.00 99.00 999 9999.0 999.0 999.0 999.0 99.0 99.00
2008 11 20 11 30 294  3.1  4.8 99.00 99.00 99.00 999 9999.0 999.0 999.0 999.0 99.0 99.00
2008 11 20 11 40 280  3.2  4.4 99.00 99.00 99.00 999 9999.0 999.0 999.0 999.0 99.0 99.00
2008 11 20 11 50 282  3.1  4.3 99.00 99.00 99.00 999 9999.0 999.0 999.0 999.0 99.0 99.00
2008 11 20 12 00 301  2.5  4.0 99.00 99.00 99.00 999 9999.0   2.3  10.5 999.0 99.0 99.00
2008 11 20 12 10 299  2.1  3.3 99.00 99.00 99.00 999 9999.0 999.0 999.0 999.0 99.0 99.00
2008 11 20 12 20 297  1.7  2.8 99.00 99.00 99.00 999 9999.0 999.0 999.0 999.0 99.0 99.00
2008 11 20 12 30 290  1.6  2.4 99.00 99.00 99.00 999 9999.0 999.0 999.0 999.0 99.0 99.00
2008 11 20 12 40 304  2.0  2.9 99.00 99.00 99.00 999 9999.0 999.0 999.0 999.0 99.0 99.00
2008 11 20 12 50 302  2.1  3.0 99.00 99.00 99.00 999 9999.0 999.0 999.0 999.0 99.0 99.00
2008 11 20 13 00 299  2.2  3.5 99.00 99.00 99.00 999 9999.0   2.4  10.4 999.0 99.0 99.00
2008 11 20 13 10 304  2.0  3.1 99.00 99.00 99.00 999 9999.0 999.0 999.0 999.0 99.0 99.00
2008 11 20 13 20 302  2.0  3.3 99.00 99.00 99.00 999 9999.0 999.0 999.0 999.0 99.0 99.00
2008 11 20 13 30 315  1.7  2.9 99.00 99.00 99.00 999 9999.0 999.0 999.0 999.0 99.0 99.00
2008 11 20 13 40 338  1.8  2.7 99.00 99.00 99.00 999 9999.0 999.0 999.0 999.0 99.0 99.00
2008 11 20 13 50 330  1.7  2.8 99.00 99.00 99.00 999 9999.0 999.0 999.0 999.0 99.0 99.00
2008 11 20 15 00 287  1.7  2.6 99.00 99.00 99.00 999 9999.0   3.2  10.3 999.0 99.0 99.00
2008 11 20 15 10 293  1.5  2.4 99.00 99.00 99.00 999 9999.0 999.0 999.0 999.0 99.0 99.00
2008 11 20 15 20 305  0.6  1.7 99.00 99.00 99.00 999 9999.0 999.0 999.0 999.0 99.0 99.00
2008 11 20 15 30 282  2.1  3.7 99.00 99.00 99.00 999 9999.0 999.0 999.0 999.0 99.0 99.00
2008 11 20 15 40 265  2.6  5.8 99.00 99.00 99.00 999 9999.0 999.0 999.0 999.0 99.0 99.00
2008 11 20 15 50 273  4.0  5.9 99.00 99.00 99.00 999 9999.0 999.0 999.0 999.0 99.0 99.00
2008 11 20 16 00 281  4.2  6.9 99.00 99.00 99.00 999 9999.0   5.0  10.5 999.0 99.0 99.00
2008 11 20 16 10 297  6.1  8.4 99.00 99.00 99.00 999 9999.0 999.0 999.0 999.0 99.0 99.00
2008 11 20 16 20 318  5.7  8.0 99.00 99.00 99.00 999 9999.0 999.0 999.0 999.0 99.0 99.00
2008 11 20 16 30 285  4.6  7.0 99.00 99.00 99.00 999 9999.0 999.0 999.0 999.0 99.0 99.00
2008 11 20 16 40 309  6.4 10.2 99.00 99.00 99.00 999 9999.0 999.0 999.0 999.0 99.0 99.00
2008 11 20 16 50 315  6.5  9.2 99.00 99.00 99.00 999 9999.0 999.0 999.0 999.0 99.0 99.00
2008 11 20 17 00 319  6.0  8.0 99.00 99.00 99.00 999 9999.0   5.8  10.5 999.0 99.0 99.00
2008 11 20 17 10 321  7.2  9.2 99.00 99.00 99.00 999 9999.0 999.0 999.0 999.0 99.0 99.00
2008 11 20 17 20 317  7.3 11.1 99.00 99.00 99.00 999 9999.0 999.0 999.0 999.0 99.0 99.00
2008 11 20 17 30 320  7.0  9.4 99.00 99.00 99.00 999 9999.0 999.0 999.0 999.0 99.0 99.00
2008 11 20 17 40 324  5.6  7.8 99.00 99.00 99.00 999 9999.0 999.0 999.0 999.0 99.0 99.00
2008 11 20 17 50 320  6.3  8.3 99.00 99.00 99.00 999 9999.0 999.0 999.0 999.0 99.0 99.00
2008 11 20 18 00 318  5.7  7.6 99.00 99.00 99.00 999 9999.0   6.2  10.4 999.0 99.0 99.00
2008 11 20 18 10 322  4.8  7.3 99.00 99.00 99.00 999 9999.0 999.0 999.0 999.0 99.0 99.00
2008 11 20 18 20 329  4.8  7.6 99.00 99.00 99.00 999 9999.0 999.0 999.0 999.0 99.0 99.00
2008 11 20 18 30 340  4.7  6.6 99.00 99.00 99.00 999 9999.0 999.0 999.0 999.0 99.0 99.00
2008 11 20 18 40 328  4.1  6.3 99.00 99.00 99.00 999 9999.0 999.0 999.0 999.0 99.0 99.00
2008 11 20 18 50 332  5.6  8.0 99.00 99.00 99.00 999 9999.0 999.0 999.0 999.0 99.0 99.00
2008 11 20 19 00 319  5.7  8.1 99.00 99.00 99.00 999 9999.0   6.4  10.3 999.0 99.0 99.00
2008 11 20 19 10 302  5.9  8.5 99.00 99.00 99.00 999 9999.0 999.0 999.0 999.0 99.0 99.00
2008 11 20 19 20 311  5.1  7.6 99.00 99.00 99.00 999 9999.0 999.0 999.0 999.0 99.0 99.00
2008 11 20 19 30 309  4.6  6.4 99.00 99.00 99.00 999 9999.0 999.0 999.0 999.0 99.0 99.00
2008 11 20 19 40 302  4.8  7.2 99.00 99.00 99.00 999 9999.0 999.0 999.0 999.0 99.0 99.00
2008 11 20 19 50 308  3.8  5.4 99.00 99.00 99.00 999 9999.0 999.0 999.0 999.0 99.0 99.00
2008 11 20 20 00 288  3.5  6.1 99.00 99.00 99.00 999 9999.0   6.9  10.2 999.0 99.0 99.00
2008 11 20 20 10 283  4.7  7.6 99.00 99.00 99.00 999 9999.0 999.0 999.0 999.0 99.0 99.00
2008 11 20 20 20 276  5.0  6.3 99.00 99.00 99.00 999 9999.0 999.0 999.0 999.0 99.0 99.00
2008 11 20 20 30 276  4.4  6.0 99.00 99.00 99.00 999 9999.0 999.0 999.0 999.0 99.0 99.00
2008 11 20 20 40 294  3.9  5.8 99.00 99.00 99.00 999 9999.0 999.0 999.0 999.0 99.0 99.00
2008 11 20 20 50 314  5.7  8.9 99.00 99.00 99.00 999 9999.0 999.0 999.0 999.0 99.0 99.00
2008 11 20 21 00 308  5.2  8.0 99.00 99.00 99.00 999 9999.0   6.7  10.2 999.0 99.0 99.00
2008 11 20 21 10 318  4.3  6.2 99.00 99.00 99.00 999 9999.0 999.0 999.0 999.0 99.0 99.00
2008 11 20 21 20 324  4.5  6.4 99.00 99.00 99.00 999 9999.0 999.0 999.0 999.0 99.0 99.00
2008 11 20 21 30 332  6.0 10.6 99.00 99.00 99.00 999 9999.0 999.0 999.0 999.0 99.0 99.00
2008 11 20 21 40 325  6.7 10.5 99.00 99.00 99.00 999 9999.0 999.0 999.0 999.0 99.0 99.00
2008 11 20 21 50 311  6.4 10.2 99.00 99.00 99.00 999 9999.0 999.0 999.0 999.0 99.0 99.00
2008 11 20 22 00 309  4.6 10.4 99.00 99.00 99.00 999 9999.0   5.8  10.2 999.0 99.0 99.00
2008 11 20 22 10 285  4.3  6.1 99.00 99.00 99.00 999 9999.0 999.0 999.0 999.0 99.0 99.00
2008 11 20 22 20 294  6.0  8.3 99.00 99.00 99.00 999 9999.0 999.0 999.0 999.0 99.0 99.00
2008 11 20 22 30 296  4.4  6.1 99.00 99.00 99.00 999 9999.0 999.0 999.0 999.0 99.0 99.00
2008 11 20 22 40 289  4.3  5.8 99.00 99.00 99.00 999 9999.0 999.0 999.0 999.0 99.0 99.00
2008 11 20 22 50 285  3.4  5.0 99.00 99.00 99.00 999 9999.0 999.0 999.0 999.0 99.0 99.00
2008 11 20 23 00 282  4.4  7.3 99.00 99.00 99.00 999 9999.0   6.0  10.4 999.0 99.0 99.00
2008 11 20 23 10 297  4.1  6.7 99.00 99.00 99.00 999 9999.0 999.0 999.0 999.0 99.0 99.00
2008 11 20 23 20 299  4.6  6.5 99.00 99.00 99.00 999 9999.0 999.0 999.0 999.0 99.0 99.00
2008 11 20 23 30 297  5.1  6.8 99.00 99.00 99.00 999 9999.0 999.0 999.0 999.0 99.0 99.00
2008 11 20 23 40 296  5.0  6.4 99.00 99.00 99.00 999 9999.0 999.0 999.0 999.0 99.0 99.00
2008 11 20 23 50 297  4.4  6.0 99.00 99.00 99.00 999 9999.0 999.0 999.0 999.0 99.0 99.00
2008 11 21 00 00 294  4.9  7.0 99.00 99.00 99.00 999 9999.0   5.8  10.5 999.0 99.0 99.00
2008 11 21 00 10 290  4.7  6.4 99.00 99.00 99.00 999 9999.0 999.0 999.0 999.0 99.0 99.00
2008 11 21 00 20 296  5.0  7.0 99.00 99.00 99.00 999 9999.0 999.0 999.0 999.0 99.0 99.00
2008 11 21 00 30 303  6.2  8.6 99.00 99.00 99.00 999 9999.0 999.0 999.0 999.0 99.0 99.00
2008 11 21 00 40 308  5.6  7.6 99.00 99.00 99.00 999 9999.0 999.0 999.0 999.0 99.0 99.00
2008 11 21 00 50 308  5.5  8.3 99.00 99.00 99.00 999 9999.0 999.0 999.0 999.0 99.0 99.00
2008 11 21 01 00 308  5.2  6.9 99.00 99.00 99.00 999 9999.0   5.5  10.6 999.0 99.0 99.00
2008 11 21 01 10 306  4.6  6.4 99.00 99.00 99.00 999 9999.0 999.0 999.0 999.0 99.0 99.00
2008 11 21 01 20 303  3.9  5.9 99.00 99.00 99.00 999 9999.0 999.0 999.0 999.0 99.0 99.00
2008 11 21 01 30 301  4.2  5.7 99.00 99.00 99.00 999 9999.0 999.0 999.0 999.0 99.0 99.00
2008 11 21 01 40 299  4.4  5.9 99.00 99.00 99.00 999 9999.0 999.0 999.0 999.0 99.0 99.00
2008 11 21 01 50 295  4.5  6.0 99.00 99.00 99.00 999 9999.0 999.0 999.0 999.0 99.0 99.00
2008 11 21 02 00 297  5.3  7.2 99.00 99.00 99.00 999 9999.0   4.9  10.6 999.0 99.0 99.00
2008 11 21 02 10 300  5.2  7.0 99.00 99.00 99.00 999 9999.0 999.0 999.0 999.0 99.0 99.00
2008 11 21 02 20 300  4.8  6.3 99.00 99.00 99.00 999 9999.0 999.0 999.0 999.0 99.0 99.00
2008 11 21 02 30 296  4.6  5.7 99.00 99.00 99.00 999 9999.0 999.0 999.0 999.0 99.0 99.00
2008 11 21 02 40 293  4.0  5.0 99.00 99.00 99.00 999 9999.0 999.0 999.0 999.0 99.0 99.00
2008 11 21 02 50 290  4.3  6.1 99.00 99.00 99.00 999 9999.0 999.0 999.0 999.0 99.0 99.00
2008 11 21 03 00 290  5.2  6.4 99.00 99.00 99.00 999 9999.0   4.3  10.5 999.0 99.0 99.00
2008 11 21 03 10 288  5.3  7.8 99.00 99.00 99.00 999 9999.0 999.0 999.0 999.0 99.0 99.00
2008 11 21 03 20 292  5.3  7.5 99.00 99.00 99.00 999 9999.0 999.0 999.0 999.0 99.0 99.00
2008 11 21 03 30 291  5.1  7.2 99.00 99.00 99.00 999 9999.0 999.0 999.0 999.0 99.0 99.00
2008 11 21 03 40 289  5.3  6.7 99.00 99.00 99.00 999 9999.0 999.0 999.0 999.0 99.0 99.00
2008 11 21 03 50 291  5.0  6.8 99.00 99.00 99.00 999 9999.0 999.0 999.0 999.0 99.0 99.00
2008 11 21 04 00 291  4.4  5.4 99.00 99.00 99.00 999 9999.0   4.1  10.4 999.0 99.0 99.00
2008 11 21 04 10 292  4.1  5.8 99.00 99.00 99.00 999 9999.0 999.0 999.0 999.0 99.0 99.00
2008 11 21 04 20 290  3.8  5.0 99.00 99.00 99.00 999 9999.0 999.0 999.0 999.0 99.0 99.00
2008 11 21 04 30 296  3.9  5.2 99.00 99.00 99.00 999 9999.0 999.0 999.0 999.0 99.0 99.00
2008 11 21 04 40 289  3.2  4.4 99.00 99.00 99.00 999 9999.0 999.0 999.0 999.0 99.0 99.00
2008 11 21 04 50 282  3.2  3.9 99.00 99.00 99.00 999 9999.0 999.0 999.0 999.0 99.0 99.00
2008 11 21 05 00 265  3.5  4.6 99.00 99.00 99.00 999 9999.0   3.6  10.3 999.0 99.0 99.00
2008 11 21 05 10 268  3.7  4.8 99.00 99.00 99.00 999 9999.0 999.0 999.0 999.0 99.0 99.00
2008 11 21 05 20 272  3.3  4.5 99.00 99.00 99.00 999 9999.0 999.0 999.0 999.0 99.0 99.00
2008 11 21 05 30 269  3.5  4.4 99.00 99.00 99.00 999 9999.0 999.0 999.0 999.0 99.0 99.00
2008 11 21 05 40 270  4.2  5.2 99.00 99.00 99.00 999 9999.0 999.0 999.0 999.0 99.0 99.00
2008 11 21 05 50 282  4.6  5.7 99.00 99.00 99.00 999 9999.0 999.0 999.0 999.0 99.0 99.00
2008 11 21 06 00 283  4.6  5.8 99.00 99.00 99.00 999 9999.0   3.3  10.3 999.0 99.0 99.00
2008 11 21 06 10 287  4.2  5.4 99.00 99.00 99.00 999 9999.0 999.0 999.0 999.0 99.0 99.00
2008 11 21 06 20 291  3.5  4.9 99.00 99.00 99.00 999 9999.0 999.0 999.0 999.0 99.0 99.00
2008 11 21 06 30 283  4.0  5.1 99.00 99.00 99.00 999 9999.0 999.0 999.0 999.0 99.0 99.00
2008 11 21 06 40 290  3.8  4.7 99.00 99.00 99.00 999 9999.0 999.0 999.0 999.0 99.0 99.00
2008 11 21 06 50 283  3.7  4.6 99.00 99.00 99.00 999 9999.0 999.0 999.0 999.0 99.0 99.00
2008 11 21 07 00 270  3.7  4.9 99.00 99.00 99.00 999 9999.0   3.2  10.2 999.0 99.0 99.00
2008 11 21 07 10 264  4.0  5.0 99.00 99.00 99.00 999 9999.0 999.0 999.0 999.0 99.0 99.00
2008 11 21 07 20 267  4.2  5.2 99.00 99.00 99.00 999 9999.0 999.0 999.0 999.0 99.0 99.00
2008 11 21 07 30 272  4.1  5.1 99.00 99.00 99.00 999 9999.0 999.0 999.0 999.0 99.0 99.00
2008 11 21 07 40 271  4.0  5.3 99.00 99.00 99.00 999 9999.0 999.0 999.0 999.0 99.0 99.00
2008 11 21 07 50 279  3.6  4.8 99.00 99.00 99.00 999 9999.0 999.0 999.0 999.0 99.0 99.00
2008 11 21 08 00 286  3.5  4.9 99.00 99.00 99.00 999 9999.0   2.7  10.2 999.0 99.0 99.00
2008 11 21 08 10 287  3.9  5.4 99.00 99.00 99.00 999 9999.0 999.0 999.0 999.0 99.0 99.00
2008 11 21 08 20 285  3.3  4.4 99.00 99.00 99.00 999 9999.0 999.0 999.0 999.0 99.0 99.00
2008 11 21 08 30 288  3.2  4.4 99.00 99.00 99.00 999 9999.0 999.0 999.0 999.0 99.0 99.00
2008 11 21 08 40 284  3.9  5.5 99.00 99.00 99.00 999 9999.0 999.0 999.0 999.0 99.0 99.00
2008 11 21 08 50 286  3.9  5.4 99.00 99.00 99.00 999 9999.0 999.0 999.0 999.0 99.0 99.00
2008 11 21 09 00 283  3.7  5.0 99.00 99.00 99.00 999 9999.0   2.8  10.1 999.0 99.0 99.00
2008 11 21 09 10 284  3.6  5.0 99.00 99.00 99.00 999 9999.0 999.0 999.0 999.0 99.0 99.00
2008 11 21 09 20 281  3.7  4.9 99.00 99.00 99.00 999 9999.0 999.0 999.0 999.0 99.0 99.00
2008 11 21 09 30 282  3.8  4.7 99.00 99.00 99.00 999 9999.0 999.0 999.0 999.0 99.0 99.00
2008 11 21 09 40 288  3.6  4.7 99.00 99.00 99.00 999 9999.0 999.0 999.0 999.0 99.0 99.00
2008 11 21 09 50 292  3.9  5.7 99.00 99.00 99.00 999 9999.0 999.0 999.0 999.0 99.0 99.00
2008 11 21 10 00 298  4.6  6.5 99.00 99.00 99.00 999 9999.0   2.7  10.1 999.0 99.0 99.00
2008 11 21 10 10 306  5.0  7.5 99.00 99.00 99.00 999 9999.0 999.0 999.0 999.0 99.0 99.00
2008 11 21 10 20 316  4.2  8.2 99.00 99.00 99.00 999 9999.0 999.0 999.0 999.0 99.0 99.00
2008 11 21 10 30 302  4.9  7.7 99.00 99.00 99.00 999 9999.0 999.0 999.0 999.0 99.0 99.00
2008 11 21 10 40 313  4.2  6.7 99.00 99.00 99.00 999 9999.0 999.0 999.0 999.0 99.0 99.00
2008 11 21 10 50 317  3.1  4.3 99.00 99.00 99.00 999 9999.0 999.0 999.0 999.0 99.0 99.00
2008 11 21 11 00 307  3.1  4.3 99.00 99.00 99.00 999 9999.0   2.7  10.1 999.0 99.0 99.00
2008 11 21 11 10 306  2.9  4.0 99.00 99.00 99.00 999 9999.0 999.0 999.0 999.0 99.0 99.00
2008 11 21 11 20 299  2.3  3.6 99.00 99.00 99.00 999 9999.0 999.0 999.0 999.0 99.0 99.00
2008 11 21 11 30 291  3.0  4.2 99.00 99.00 99.00 999 9999.0 999.0 999.0 999.0 99.0 99.00
2008 11 21 11 40 292  2.9  3.9 99.00 99.00 99.00 999 9999.0 999.0 999.0 999.0 99.0 99.00
2008 11 21 11 50 295  2.5  3.4 99.00 99.00 99.00 999 9999.0 999.0 999.0 999.0 99.0 99.00
2008 11 21 12 00 297  2.9  4.1 99.00 99.00 99.00 999 9999.0   2.3  10.1 999.0 99.0 99.00
2008 11 21 12 10 300  3.0  4.0 99.00 99.00 99.00 999 9999.0 999.0 999.0 999.0 99.0 99.00
2008 11 21 12 20 296  3.2  4.2 99.00 99.00 99.00 999 9999.0 999.0 999.0 999.0 99.0 99.00
2008 11 21 12 30 298  3.0  4.2 99.00 99.00 99.00 999 9999.0 999.0 999.0 999.0 99.0 99.00
2008 11 21 12 40 318  2.9  4.6 99.00 99.00 99.00 999 9999.0 999.0 999.0 999.0 99.0 99.00
2008 11 21 12 50 325  2.8  5.0 99.00 99.00 99.00 999 9999.0 999.0 999.0 999.0 99.0 99.00
2008 11 21 13 00 340  3.3  4.8 99.00 99.00 99.00 999 9999.0   1.9  10.1 999.0 99.0 99.00
2008 11 21 13 10 346  4.3  5.9 99.00 99.00 99.00 999 9999.0 999.0 999.0 999.0 99.0 99.00
2008 11 21 13 20 326  4.5  6.2 99.00 99.00 99.00 999 9999.0 999.0 999.0 999.0 99.0 99.00
2008 11 21 13 30 319  3.9  6.0 99.00 99.00 99.00 999 9999.0 999.0 999.0 999.0 99.0 99.00
2008 11 21 13 40 352  3.6  5.6 99.00 99.00 99.00 999 9999.0 999.0 999.0 999.0 99.0 99.00
2008 11 21 13 50   4  3.2  4.5 99.00 99.00 99.00 999 9999.0 999.0 999.0 999.0 99.0 99.00
2008 11 21 14 00  31  3.2  4.7 99.00 99.00 99.00 999 9999.0   1.2   9.9 999.0 99.0 99.00
2008 11 21 14 10  34  2.6  3.7 99.00 99.00 99.00 999 9999.0 999.0 999.0 999.0 99.0 99.00
2008 11 21 14 20  67  1.3  2.7 99.00 99.00 99.00 999 9999.0 999.0 999.0 999.0 99.0 99.00
2008 11 21 14 30  54  1.6  2.5 99.00 99.00 99.00 999 9999.0 999.0 999.0 999.0 99.0 99.00
2008 11 21 14 40  60  2.9  5.8 99.00 99.00 99.00 999 9999.0 999.0 999.0 999.0 99.0 99.00
2008 11 21 14 50  65  4.7  6.2 99.00 99.00 99.00 999 9999.0 999.0 999.0 999.0 99.0 99.00
2008 11 21 15 00  65  4.3  6.0 99.00 99.00 99.00 999 9999.0   0.2   9.8 999.0 99.0 99.00
2008 11 21 15 10  57  4.0  5.3 99.00 99.00 99.00 999 9999.0 999.0 999.0 999.0 99.0 99.00
2008 11 21 15 20  52  4.0  5.3 99.00 99.00 99.00 999 9999.0 999.0 999.0 999.0 99.0 99.00
2008 11 21 15 30  60  4.1  5.7 99.00 99.00 99.00 999 9999.0 999.0 999.0 999.0 99.0 99.00
2008 11 21 15 40  53  3.8  5.5 99.00 99.00 99.00 999 9999.0 999.0 999.0 999.0 99.0 99.00
2008 11 21 15 50  50  4.0  5.0 99.00 99.00 99.00 999 9999.0 999.0 999.0 999.0 99.0 99.00
2008 11 21 16 00  35  4.3  6.0 99.00 99.00 99.00 999 9999.0  -0.1   9.7 999.0 99.0 99.00
2008 11 21 16 10  42  4.1  5.9 99.00 99.00 99.00 999 9999.0 999.0 999.0 999.0 99.0 99.00
2008 11 21 16 20  35  3.8  6.6 99.00 99.00 99.00 999 9999.0 999.0 999.0 999.0 99.0 99.00
2008 11 21 16 30  32  4.0  5.6 99.00 99.00 99.00 999 9999.0 999.0 999.0 999.0 99.0 99.00
2008 11 21 16 40  22  4.5  6.2 99.00 99.00 99.00 999 9999.0 999.0 999.0 999.0 99.0 99.00
2008 11 21 16 50  29  4.6  6.6 99.00 99.00 99.00 999 9999.0 999.0 999.0 999.0 99.0 99.00
2008 11 21 17 00  27  3.6  5.1 99.00 99.00 99.00 999 9999.0  -0.4   9.7 999.0 99.0 99.00
2008 11 21 17 10  30  3.7  6.2 99.00 99.00 99.00 999 9999.0 999.0 999.0 999.0 99.0 99.00
2008 11 21 17 20  25  5.0  7.8 99.00 99.00 99.00 999 9999.0 999.0 999.0 999.0 99.0 99.00
2008 11 21 17 30  38  4.0  5.6 99.00 99.00 99.00 999 9999.0 999.0 999.0 999.0 99.0 99.00
2008 11 21 17 40  18  4.3  5.6 99.00 99.00 99.00 999 9999.0 999.0 999.0 999.0 99.0 99.00
2008 11 21 17 50   4  4.4  7.1 99.00 99.00 99.00 999 9999.0 999.0 999.0 999.0 99.0 99.00
2008 11 21 20 00 331  5.4  7.3 99.00 99.00 99.00 999 9999.0   1.6   9.7 999.0 99.0 99.00
2008 11 21 20 10 331  5.3  7.5 99.00 99.00 99.00 999 9999.0 999.0 999.0 999.0 99.0 99.00
2008 11 21 20 20 328  7.0 13.8 99.00 99.00 99.00 999 9999.0 999.0 999.0 999.0 99.0 99.00
2008 11 21 21 00 341  6.9  8.9 99.00 99.00 99.00 999 9999.0   1.2   9.6 999.0 99.0 99.00
2008 11 21 21 10 336  5.8  7.7 99.00 99.00 99.00 999 9999.0 999.0 999.0 999.0 99.0 99.00
2008 11 21 21 20 330  6.2  8.3 99.00 99.00 99.00 999 9999.0 999.0 999.0 999.0 99.0 99.00
2008 11 21 22 00 333  5.4  7.7 99.00 99.00 99.00 999 9999.0   1.2   9.6 999.0 99.0 99.00
2008 11 21 22 10 337  5.5  7.7 99.00 99.00 99.00 999 9999.0 999.0 999.0 999.0 99.0 99.00
2008 11 21 22 20 331  5.6  7.6 99.00 99.00 99.00 999 9999.0 999.0 999.0 999.0 99.0 99.00
2008 11 21 23 00 347  6.9  9.3 99.00 99.00 99.00 999 9999.0  -0.3   9.6 999.0 99.0 99.00
2008 11 21 23 10 349  5.8  9.3 99.00 99.00 99.00 999 9999.0 999.0 999.0 999.0 99.0 99.00
2008 11 21 23 20 334  7.0  9.2 99.00 99.00 99.00 999 9999.0 999.0 999.0 999.0 99.0 99.00
2008 11 22 00 00 331  8.4 11.9 99.00 99.00 99.00 999 9999.0   0.5   9.6 999.0 99.0 99.00
2008 11 22 00 10 332  8.7 11.7 99.00 99.00 99.00 999 9999.0 999.0 999.0 999.0 99.0 99.00
2008 11 22 00 20 342  8.6 10.7 99.00 99.00 99.00 999 9999.0 999.0 999.0 999.0 99.0 99.00
2008 11 22 01 00 333  9.6 12.5 99.00 99.00 99.00 999 9999.0   0.3   9.5 999.0 99.0 99.00
2008 11 22 01 10 332  8.3 11.5 99.00 99.00 99.00 999 9999.0 999.0 999.0 999.0 99.0 99.00
2008 11 22 01 20 334  9.7 13.8 99.00 99.00 99.00 999 9999.0 999.0 999.0 999.0 99.0 99.00
2008 11 22 02 00 332  8.5 12.1 99.00 99.00 99.00 999 9999.0   0.0   9.5 999.0 99.0 99.00
2008 11 22 02 10 330  9.2 12.2 99.00 99.00 99.00 999 9999.0 999.0 999.0 999.0 99.0 99.00
2008 11 22 02 20 327  7.9 11.1 99.00 99.00 99.00 999 9999.0 999.0 999.0 999.0 99.0 99.00
2008 11 22 03 00 327  6.6  8.1 99.00 99.00 99.00 999 9999.0  -0.9   9.4 999.0 99.0 99.00
2008 11 22 03 10 324  6.7  8.5 99.00 99.00 99.00 999 9999.0 999.0 999.0 999.0 99.0 99.00
2008 11 22 03 20 323  7.3  9.5 99.00 99.00 99.00 999 9999.0 999.0 999.0 999.0 99.0 99.00
2008 11 22 04 00 318  4.6  6.2 99.00 99.00 99.00 999 9999.0  -1.3   9.4 999.0 99.0 99.00
2008 11 22 04 10 314  4.1  5.6 99.00 99.00 99.00 999 9999.0 999.0 999.0 999.0 99.0 99.00
2008 11 22 04 20 309  4.3  5.4 99.00 99.00 99.00 999 9999.0 999.0 999.0 999.0 99.0 99.00
2008 11 22 05 00 305  3.9  5.4 99.00 99.00 99.00 999 9999.0  -2.0   9.4 999.0 99.0 99.00
2008 11 22 05 10 305  4.6  6.8 99.00 99.00 99.00 999 9999.0 999.0 999.0 999.0 99.0 99.00
2008 11 22 05 20 301  4.9  6.9 99.00 99.00 99.00 999 9999.0 999.0 999.0 999.0 99.0 99.00
2008 11 22 06 00 284  4.9  6.6 99.00 99.00 99.00 999 9999.0  -1.9   9.4 999.0 99.0 99.00
2008 11 22 06 10 282  4.6  6.0 99.00 99.00 99.00 999 9999.0 999.0 999.0 999.0 99.0 99.00
2008 11 22 06 20 286  4.6  6.3 99.00 99.00 99.00 999 9999.0 999.0 999.0 999.0 99.0 99.00
2008 11 22 07 00 298  4.2  7.2 99.00 99.00 99.00 999 9999.0  -2.3   9.4 999.0 99.0 99.00
2008 11 22 07 10 303  5.5  8.6 99.00 99.00 99.00 999 9999.0 999.0 999.0 999.0 99.0 99.00
2008 11 22 07 20 302  6.6  9.2 99.00 99.00 99.00 999 9999.0 999.0 999.0 999.0 99.0 99.00
2008 11 22 08 00 298  6.0  8.3 99.00 99.00 99.00 999 9999.0  -1.8   9.3 999.0 99.0 99.00
2008 11 22 08 10 303  6.2  7.8 99.00 99.00 99.00 999 9999.0 999.0 999.0 999.0 99.0 99.00
2008 11 22 08 20 302  6.6  8.5 99.00 99.00 99.00 999 9999.0 999.0 999.0 999.0 99.0 99.00
2008 11 22 09 00 300  6.5  8.5 99.00 99.00 99.00 999 9999.0  -1.8   9.2 999.0 99.0 99.00
2008 11 22 09 10 299  6.1  8.4 99.00 99.00 99.00 999 9999.0 999.0 999.0 999.0 99.0 99.00
2008 11 22 09 20 295  4.9  7.0 99.00 99.00 99.00 999 9999.0 999.0 999.0 999.0 99.0 99.00
2008 11 22 11 00 279  4.8  6.4 99.00 99.00 99.00 999 9999.0  -2.5   9.0 999.0 99.0 99.00
2008 11 22 11 10 282  4.5  6.0 99.00 99.00 99.00 999 9999.0 999.0 999.0 999.0 99.0 99.00
2008 11 22 11 20 282  4.6  5.7 99.00 99.00 99.00 999 9999.0 999.0 999.0 999.0 99.0 99.00
2008 11 22 13 00 290  4.9  7.2 99.00 99.00 99.00 999 9999.0  -1.9   9.0 999.0 99.0 99.00
2008 11 22 13 10 292  5.4  7.3 99.00 99.00 99.00 999 9999.0 999.0 999.0 999.0 99.0 99.00
2008 11 22 13 20 292  5.6  7.3 99.00 99.00 99.00 999 9999.0 999.0 999.0 999.0 99.0 99.00
2008 11 22 14 00 289  6.2  8.1 99.00 99.00 99.00 999 9999.0  -1.1   8.9 999.0 99.0 99.00
2008 11 22 15 00 999 99.0 99.0 99.00 99.00 99.00 999 9999.0 999.0   9.0 999.0 99.0 99.00
2008 11 22 15 10 313  6.5  9.2 99.00 99.00 99.00 999 9999.0 999.0 999.0 999.0 99.0 99.00
2008 11 22 16 00 328  6.9  9.9 99.00 99.00 99.00 999 9999.0   0.0   8.9 999.0 99.0 99.00
2008 11 22 16 10 328  7.1 10.2 99.00 99.00 99.00 999 9999.0 999.0 999.0 999.0 99.0 99.00
2008 11 22 16 20 313  7.4 10.9 99.00 99.00 99.00 999 9999.0 999.0 999.0 999.0 99.0 99.00
2008 11 22 17 00 310  8.7 11.3 99.00 99.00 99.00 999 9999.0   0.5   8.8 999.0 99.0 99.00
2008 11 22 17 10 321  7.1 11.6 99.00 99.00 99.00 999 9999.0 999.0 999.0 999.0 99.0 99.00
2008 11 22 17 20 324  7.3 10.1 99.00 99.00 99.00 999 9999.0 999.0 999.0 999.0 99.0 99.00
2008 11 22 18 00 331  7.3 10.0 99.00 99.00 99.00 999 9999.0   0.2   8.8 999.0 99.0 99.00
2008 11 22 18 10 332  6.2  8.9 99.00 99.00 99.00 999 9999.0 999.0 999.0 999.0 99.0 99.00
2008 11 22 18 20 330  7.3 10.4 99.00 99.00 99.00 999 9999.0 999.0 999.0 999.0 99.0 99.00
2008 11 22 19 00 336  5.6  7.9 99.00 99.00 99.00 999 9999.0   0.8   8.8 999.0 99.0 99.00
2008 11 22 19 10 320  7.2 10.4 99.00 99.00 99.00 999 9999.0 999.0 999.0 999.0 99.0 99.00
2008 11 22 19 20 325  7.4 10.2 99.00 99.00 99.00 999 9999.0 999.0 999.0 999.0 99.0 99.00
2008 11 22 20 00 311  6.1  8.9 99.00 99.00 99.00 999 9999.0   1.2   8.8 999.0 99.0 99.00
2008 11 22 20 10 309  6.3  9.0 99.00 99.00 99.00 999 9999.0 999.0 999.0 999.0 99.0 99.00
2008 11 22 20 20 319  6.7  9.3 99.00 99.00 99.00 999 9999.0 999.0 999.0 999.0 99.0 99.00
2008 11 22 21 00 321  7.8 11.0 99.00 99.00 99.00 999 9999.0   1.4   8.8 999.0 99.0 99.00
2008 11 22 21 10 326  6.9  9.3 99.00 99.00 99.00 999 9999.0 999.0 999.0 999.0 99.0 99.00
2008 11 22 21 20 332  7.5 10.3 99.00 99.00 99.00 999 9999.0 999.0 999.0 999.0 99.0 99.00
2008 11 22 22 00 298  6.7  9.6 99.00 99.00 99.00 999 9999.0   0.9   8.6 999.0 99.0 99.00
2008 11 22 22 10 309  6.1  8.3 99.00 99.00 99.00 999 9999.0 999.0 999.0 999.0 99.0 99.00
2008 11 22 22 20 313  5.9  8.0 99.00 99.00 99.00 999 9999.0 999.0 999.0 999.0 99.0 99.00
2008 11 22 23 00 315  3.3  4.5 99.00 99.00 99.00 999 9999.0   0.4   8.5 999.0 99.0 99.00
2008 11 22 23 10 311  3.2  4.0 99.00 99.00 99.00 999 9999.0 999.0 999.0 999.0 99.0 99.00
2008 11 22 23 20 312  2.9  3.7 99.00 99.00 99.00 999 9999.0 999.0 999.0 999.0 99.0 99.00
2008 11 23 00 00 290  2.9  3.7 99.00 99.00 99.00 999 9999.0   0.1   8.5 999.0 99.0 99.00
2008 11 23 00 10 299  3.0  3.9 99.00 99.00 99.00 999 9999.0 999.0 999.0 999.0 99.0 99.00
2008 11 23 00 20 304  3.1  4.2 99.00 99.00 99.00 999 9999.0 999.0 999.0 999.0 99.0 99.00
2008 11 23 01 00 287  3.0  3.6 99.00 99.00 99.00 999 9999.0  -0.2   8.6 999.0 99.0 99.00
2008 11 23 01 10 291  2.8  3.3 99.00 99.00 99.00 999 9999.0 999.0 999.0 999.0 99.0 99.00
2008 11 23 01 20 286  2.6  3.3 99.00 99.00 99.00 999 9999.0 999.0 999.0 999.0 99.0 99.00
2008 11 23 02 00 277  4.2  4.9 99.00 99.00 99.00 999 9999.0  -0.5   8.6 999.0 99.0 99.00
2008 11 23 02 10 283  4.2  5.0 99.00 99.00 99.00 999 9999.0 999.0 999.0 999.0 99.0 99.00
2008 11 23 02 20 280  4.0  5.0 99.00 99.00 99.00 999 9999.0 999.0 999.0 999.0 99.0 99.00
2008 11 23 03 00 284  4.5  5.3 99.00 99.00 99.00 999 9999.0  -0.8   8.4 999.0 99.0 99.00
2008 11 23 03 10 281  4.4  5.7 99.00 99.00 99.00 999 9999.0 999.0 999.0 999.0 99.0 99.00
2008 11 23 03 20 282  4.6  5.9 99.00 99.00 99.00 999 9999.0 999.0 999.0 999.0 99.0 99.00
2008 11 23 04 00 287  3.8  4.7 99.00 99.00 99.00 999 9999.0  -1.1   8.2 999.0 99.0 99.00
2008 11 23 04 10 287  3.8  4.8 99.00 99.00 99.00 999 9999.0 999.0 999.0 999.0 99.0 99.00
2008 11 23 04 20 288  4.1  5.2 99.00 99.00 99.00 999 9999.0 999.0 999.0 999.0 99.0 99.00
2008 11 23 05 00 286  3.7  4.6 99.00 99.00 99.00 999 9999.0  -1.4   8.2 999.0 99.0 99.00
2008 11 23 05 10 286  3.8  5.2 99.00 99.00 99.00 999 9999.0 999.0 999.0 999.0 99.0 99.00
2008 11 23 05 20 285  3.6  4.4 99.00 99.00 99.00 999 9999.0 999.0 999.0 999.0 99.0 99.00
2008 11 23 06 00 310  2.9  4.6 99.00 99.00 99.00 999 9999.0  -1.5   8.2 999.0 99.0 99.00
2008 11 23 06 10 307  2.7  3.8 99.00 99.00 99.00 999 9999.0 999.0 999.0 999.0 99.0 99.00
2008 11 23 08 00 333  2.3  4.1 99.00 99.00 99.00 999 9999.0  -2.0   8.1 999.0 99.0 99.00
2008 11 23 08 10 329  2.4  3.9 99.00 99.00 99.00 999 9999.0 999.0 999.0 999.0 99.0 99.00
2008 11 23 08 20 329  2.4  3.5 99.00 99.00 99.00 999 9999.0 999.0 999.0 999.0 99.0 99.00
2008 11 23 12 00 312  3.3  4.8 99.00 99.00 99.00 999 9999.0  -1.4   7.8 999.0 99.0 99.00
2008 11 23 12 10 317  3.6  5.4 99.00 99.00 99.00 999 9999.0 999.0 999.0 999.0 99.0 99.00
2008 11 23 12 20 326  3.2  4.5 99.00 99.00 99.00 999 9999.0 999.0 999.0 999.0 99.0 99.00
2008 11 23 13 00 322  3.0  4.6 99.00 99.00 99.00 999 9999.0  -1.0   7.8 999.0 99.0 99.00
2008 11 23 13 10 323  2.5  3.8 99.00 99.00 99.00 999 9999.0 999.0 999.0 999.0 99.0 99.00
2008 11 23 13 20 313  2.3  3.5 99.00 99.00 99.00 999 9999.0 999.0 999.0 999.0 99.0 99.00
2008 11 23 14 00 329  2.2  3.8 99.00 99.00 99.00 999 9999.0   0.4   7.9 999.0 99.0 99.00
2008 11 23 14 10 324  1.5  2.3 99.00 99.00 99.00 999 9999.0 999.0 999.0 999.0 99.0 99.00
2008 11 23 14 20 349  1.5  2.4 99.00 99.00 99.00 999 9999.0 999.0 999.0 999.0 99.0 99.00
2008 11 23 15 00 345  2.7  4.0 99.00 99.00 99.00 999 9999.0   1.6   8.0 999.0 99.0 99.00
2008 11 23 15 10 349  2.9  4.4 99.00 99.00 99.00 999 9999.0 999.0 999.0 999.0 99.0 99.00
2008 11 23 15 20 341  3.4  5.5 99.00 99.00 99.00 999 9999.0 999.0 999.0 999.0 99.0 99.00
2008 11 23 16 00 353  3.7  5.3 99.00 99.00 99.00 999 9999.0   2.1   8.0 999.0 99.0 99.00
2008 11 23 16 10 350  3.4  5.4 99.00 99.00 99.00 999 9999.0 999.0 999.0 999.0 99.0 99.00
2008 11 23 16 20 313  3.2  5.1 99.00 99.00 99.00 999 9999.0 999.0 999.0 999.0 99.0 99.00
2008 11 23 17 00 357  2.1  4.9 99.00 99.00 99.00 999 9999.0   2.7   8.1 999.0 99.0 99.00
2008 11 23 17 10  12  2.9  4.7 99.00 99.00 99.00 999 9999.0 999.0 999.0 999.0 99.0 99.00
2008 11 23 17 20 336  2.1  4.1 99.00 99.00 99.00 999 9999.0 999.0 999.0 999.0 99.0 99.00
2008 11 23 18 00 305  3.7  5.4 99.00 99.00 99.00 999 9999.0   3.2   8.2 999.0 99.0 99.00
2008 11 23 18 10 319  4.3  6.6 99.00 99.00 99.00 999 9999.0 999.0 999.0 999.0 99.0 99.00
2008 11 23 18 20 293  3.0  5.3 99.00 99.00 99.00 999 9999.0 999.0 999.0 999.0 99.0 99.00
2008 11 23 19 00 279  2.2  3.8 99.00 99.00 99.00 999 9999.0   4.5   8.2 999.0 99.0 99.00
2008 11 23 19 10 277  2.5  4.0 99.00 99.00 99.00 999 9999.0 999.0 999.0 999.0 99.0 99.00
2008 11 23 19 20 263  2.6  4.7 99.00 99.00 99.00 999 9999.0 999.0 999.0 999.0 99.0 99.00
2008 11 23 20 00 214  5.0  7.1 99.00 99.00 99.00 999 9999.0   4.7   8.1 999.0 99.0 99.00
2008 11 23 20 10 205  5.1  6.3 99.00 99.00 99.00 999 9999.0 999.0 999.0 999.0 99.0 99.00
2008 11 23 20 20 206  4.7  6.3 99.00 99.00 99.00 999 9999.0 999.0 999.0 999.0 99.0 99.00
2008 11 23 21 00 209  5.8  6.5 99.00 99.00 99.00 999 9999.0   4.4   8.2 999.0 99.0 99.00
2008 11 23 21 10 205  5.1  6.3 99.00 99.00 99.00 999 9999.0 999.0 999.0 999.0 99.0 99.00
2008 11 23 21 20 206  5.0  6.1 99.00 99.00 99.00 999 9999.0 999.0 999.0 999.0 99.0 99.00
2008 11 23 22 00 222  4.9  6.1 99.00 99.00 99.00 999 9999.0   4.1   8.2 999.0 99.0 99.00
2008 11 23 22 10 226  4.7  5.3 99.00 99.00 99.00 999 9999.0 999.0 999.0 999.0 99.0 99.00
2008 11 23 22 20 238  4.1  5.2 99.00 99.00 99.00 999 9999.0 999.0 999.0 999.0 99.0 99.00
2008 11 23 23 00 270  1.5  2.0 99.00 99.00 99.00 999 9999.0   3.2   8.1 999.0 99.0 99.00
2008 11 23 23 10 259  1.3  2.0 99.00 99.00 99.00 999 9999.0 999.0 999.0 999.0 99.0 99.00
2008 11 23 23 20 235  1.6  2.6 99.00 99.00 99.00 999 9999.0 999.0 999.0 999.0 99.0 99.00
2008 11 24 00 00 256  1.7  2.4 99.00 99.00 99.00 999 9999.0   3.1   8.0 999.0 99.0 99.00
2008 11 24 00 10 262  1.4  2.4 99.00 99.00 99.00 999 9999.0 999.0 999.0 999.0 99.0 99.00
2008 11 24 00 20 245  1.7  2.7 99.00 99.00 99.00 999 9999.0 999.0 999.0 999.0 99.0 99.00
2008 11 24 01 00 242  1.7  2.7 99.00 99.00 99.00 999 9999.0   2.9   8.2 999.0 99.0 99.00
2008 11 24 01 10 251  1.5  2.5 99.00 99.00 99.00 999 9999.0 999.0 999.0 999.0 99.0 99.00
2008 11 24 01 20 269  1.0  1.7 99.00 99.00 99.00 999 9999.0 999.0 999.0 999.0 99.0 99.00
2008 11 24 02 00 290  1.2  1.8 99.00 99.00 99.00 999 9999.0   2.1   8.2 999.0 99.0 99.00
2008 11 24 02 10 292  0.8  1.4 99.00 99.00 99.00 999 9999.0 999.0 999.0 999.0 99.0 99.00
2008 11 24 02 20 285  0.9  1.4 99.00 99.00 99.00 999 9999.0 999.0 999.0 999.0 99.0 99.00
2008 11 24 03 00 355  0.7  1.3 99.00 99.00 99.00 999 9999.0   1.9   8.1 999.0 99.0 99.00
2008 11 24 03 10  34  0.4  1.1 99.00 99.00 99.00 999 9999.0 999.0 999.0 999.0 99.0 99.00
2008 11 24 03 20  29  1.0  1.7 99.00 99.00 99.00 999 9999.0 999.0 999.0 999.0 99.0 99.00
2008 11 24 04 00 216  1.7  3.3 99.00 99.00 99.00 999 9999.0   1.8   8.0 999.0 99.0 99.00
2008 11 24 04 10 293  1.3  2.5 99.00 99.00 99.00 999 9999.0 999.0 999.0 999.0 99.0 99.00
2008 11 24 04 20 346  1.1  2.0 99.00 99.00 99.00 999 9999.0 999.0 999.0 999.0 99.0 99.00
2008 11 24 05 00 204  3.0  4.0 99.00 99.00 99.00 999 9999.0   2.1   8.0 999.0 99.0 99.00
2008 11 24 05 10 209  2.7  3.8 99.00 99.00 99.00 999 9999.0 999.0 999.0 999.0 99.0 99.00
2008 11 24 05 20 198  2.8  3.8 99.00 99.00 99.00 999 9999.0 999.0 999.0 999.0 99.0 99.00
2008 11 24 07 00  95  2.2  2.9 99.00 99.00 99.00 999 9999.0   0.1   7.9 999.0 99.0 99.00
2008 11 24 07 10  90  2.3  3.0 99.00 99.00 99.00 999 9999.0 999.0 999.0 999.0 99.0 99.00
2008 11 24 07 20  93  2.3  2.9 99.00 99.00 99.00 999 9999.0 999.0 999.0 999.0 99.0 99.00
2008 11 24 08 00  88  1.8  2.4 99.00 99.00 99.00 999 9999.0  -0.6   7.8 999.0 99.0 99.00
2008 11 24 08 10  84  1.3  1.9 99.00 99.00 99.00 999 9999.0 999.0 999.0 999.0 99.0 99.00
2008 11 24 08 20 107  1.3  1.8 99.00 99.00 99.00 999 9999.0 999.0 999.0 999.0 99.0 99.00
2008 11 24 09 00  55  1.3  1.9 99.00 99.00 99.00 999 9999.0  -1.1   7.8 999.0 99.0 99.00
2008 11 24 09 10  92  1.0  1.8 99.00 99.00 99.00 999 9999.0 999.0 999.0 999.0 99.0 99.00
2008 11 24 09 20  74  1.3  1.9 99.00 99.00 99.00 999 9999.0 999.0 999.0 999.0 99.0 99.00
2008 11 24 10 00  84  1.5  2.3 99.00 99.00 99.00 999 9999.0  -0.9   7.8 999.0 99.0 99.00
2008 11 24 10 10  90  1.9  2.6 99.00 99.00 99.00 999 9999.0 999.0 999.0 999.0 99.0 99.00
2008 11 24 10 20  83  1.9  2.5 99.00 99.00 99.00 999 9999.0 999.0 999.0 999.0 99.0 99.00
2008 11 24 11 00  71  1.5  2.1 99.00 99.00 99.00 999 9999.0  -1.1   7.7 999.0 99.0 99.00
2008 11 24 11 10  83  1.5  2.1 99.00 99.00 99.00 999 9999.0 999.0 999.0 999.0 99.0 99.00
2008 11 24 11 20  82  1.5  2.2 99.00 99.00 99.00 999 9999.0 999.0 999.0 999.0 99.0 99.00
2008 11 24 12 00  78  1.8  2.3 99.00 99.00 99.00 999 9999.0  -0.8   7.6 999.0 99.0 99.00
2008 11 24 12 10  80  1.7  2.9 99.00 99.00 99.00 999 9999.0 999.0 999.0 999.0 99.0 99.00
2008 11 24 12 20  86  1.7  2.3 99.00 99.00 99.00 999 9999.0 999.0 999.0 999.0 99.0 99.00
2008 11 24 13 00  63  1.0  1.6 99.00 99.00 99.00 999 9999.0  -0.1   7.6 999.0 99.0 99.00
2008 11 24 13 10  84  0.8  1.5 99.00 99.00 99.00 999 9999.0 999.0 999.0 999.0 99.0 99.00
2008 11 24 13 20 106  0.9  1.5 99.00 99.00 99.00 999 9999.0 999.0 999.0 999.0 99.0 99.00
2008 11 24 14 00 132  2.0  2.9 99.00 99.00 99.00 999 9999.0   1.3   7.7 999.0 99.0 99.00
2008 11 24 14 10 135  2.1  2.9 99.00 99.00 99.00 999 9999.0 999.0 999.0 999.0 99.0 99.00
2008 11 24 14 20 136  2.1  2.8 99.00 99.00 99.00 999 9999.0 999.0 999.0 999.0 99.0 99.00
2008 11 24 15 00 195  2.3  3.2 99.00 99.00 99.00 999 9999.0   2.5   7.8 999.0 99.0 99.00
2008 11 24 15 10 203  2.0  2.7 99.00 99.00 99.00 999 9999.0 999.0 999.0 999.0 99.0 99.00
2008 11 24 15 20 191  1.8  2.8 99.00 99.00 99.00 999 9999.0 999.0 999.0 999.0 99.0 99.00
2008 11 24 16 00 163  2.2  3.0 99.00 99.00 99.00 999 9999.0   3.5   7.8 999.0 99.0 99.00
2008 11 24 16 10 155  2.3  3.2 99.00 99.00 99.00 999 9999.0 999.0 999.0 999.0 99.0 99.00
2008 11 24 16 20 145  2.2  2.8 99.00 99.00 99.00 999 9999.0 999.0 999.0 999.0 99.0 99.00
2008 11 24 17 00 139  2.6  3.2 99.00 99.00 99.00 999 9999.0   4.3   7.9 999.0 99.0 99.00
2008 11 24 17 10 129  2.6  3.3 99.00 99.00 99.00 999 9999.0 999.0 999.0 999.0 99.0 99.00
2008 11 24 17 20 115  2.6  3.3 99.00 99.00 99.00 999 9999.0 999.0 999.0 999.0 99.0 99.00
2008 11 24 18 00 106  1.7  2.4 99.00 99.00 99.00 999 9999.0   5.7   7.9 999.0 99.0 99.00
2008 11 24 18 10 130  1.5  2.1 99.00 99.00 99.00 999 9999.0 999.0 999.0 999.0 99.0 99.00
2008 11 24 18 20 138  1.6  2.4 99.00 99.00 99.00 999 9999.0 999.0 999.0 999.0 99.0 99.00
2008 11 24 19 00 170  1.9  3.0 99.00 99.00 99.00 999 9999.0   7.5   7.9 999.0 99.0 99.00
2008 11 24 19 10 182  3.7  5.1 99.00 99.00 99.00 999 9999.0 999.0 999.0 999.0 99.0 99.00
2008 11 24 19 20 174  5.7  7.2 99.00 99.00 99.00 999 9999.0 999.0 999.0 999.0 99.0 99.00
2008 11 24 20 00 176  5.5  6.7 99.00 99.00 99.00 999 9999.0   8.3   7.8 999.0 99.0 99.00
2008 11 24 20 10 173  4.9  5.7 99.00 99.00 99.00 999 9999.0 999.0 999.0 999.0 99.0 99.00
2008 11 24 20 20 175  5.3  6.9 99.00 99.00 99.00 999 9999.0 999.0 999.0 999.0 99.0 99.00
2008 11 24 21 00 182  6.7  8.7 99.00 99.00 99.00 999 9999.0   8.4   7.8 999.0 99.0 99.00
2008 11 24 21 10 176  4.8  5.9 99.00 99.00 99.00 999 9999.0 999.0 999.0 999.0 99.0 99.00
2008 11 24 21 20 173  5.2  6.3 99.00 99.00 99.00 999 9999.0 999.0 999.0 999.0 99.0 99.00
2008 11 24 22 00 188  6.7  7.8 99.00 99.00 99.00 999 9999.0   8.6   7.9 999.0 99.0 99.00
2008 11 24 22 10 190  6.0  7.1 99.00 99.00 99.00 999 9999.0 999.0 999.0 999.0 99.0 99.00
2008 11 24 22 20 186  6.6  8.0 99.00 99.00 99.00 999 9999.0 999.0 999.0 999.0 99.0 99.00
2008 11 24 23 00 173  5.7  7.7 99.00 99.00 99.00 999 9999.0   8.2   7.9 999.0 99.0 99.00
2008 11 24 23 10 179  7.5  9.2 99.00 99.00 99.00 999 9999.0 999.0 999.0 999.0 99.0 99.00
2008 11 24 23 20 175  7.2  9.0 99.00 99.00 99.00 999 9999.0 999.0 999.0 999.0 99.0 99.00
2008 11 25 00 00 174  7.2  8.8 99.00 99.00 99.00 999 9999.0   8.2   7.9 999.0 99.0 99.00
2008 11 25 00 10 171  6.6  7.8 99.00 99.00 99.00 999 9999.0 999.0 999.0 999.0 99.0 99.00
2008 11 25 00 20 173  6.5  7.9 99.00 99.00 99.00 999 9999.0 999.0 999.0 999.0 99.0 99.00
2008 11 25 01 00 167  6.3  7.4 99.00 99.00 99.00 999 9999.0   6.8   7.7 999.0 99.0 99.00
2008 11 25 01 10 165  6.5  7.5 99.00 99.00 99.00 999 9999.0 999.0 999.0 999.0 99.0 99.00
2008 11 25 01 20 168  7.4  9.4 99.00 99.00 99.00 999 9999.0 999.0 999.0 999.0 99.0 99.00
2008 11 25 02 00 175  7.5  8.5 99.00 99.00 99.00 999 9999.0   6.2   7.7 999.0 99.0 99.00
2008 11 25 02 10 177  7.6  9.2 99.00 99.00 99.00 999 9999.0 999.0 999.0 999.0 99.0 99.00
2008 11 25 02 20 176  7.0  8.8 99.00 99.00 99.00 999 9999.0 999.0 999.0 999.0 99.0 99.00
2008 11 25 03 00 178  6.6  8.2 99.00 99.00 99.00 999 9999.0   6.1   7.7 999.0 99.0 99.00
2008 11 25 03 10 181  6.7  8.1 99.00 99.00 99.00 999 9999.0 999.0 999.0 999.0 99.0 99.00
2008 11 25 03 20 186  7.2  9.1 99.00 99.00 99.00 999 9999.0 999.0 999.0 999.0 99.0 99.00
2008 11 25 04 00 198  6.3  8.2 99.00 99.00 99.00 999 9999.0   5.9   7.8 999.0 99.0 99.00
2008 11 25 04 10 194  6.2  7.5 99.00 99.00 99.00 999 9999.0 999.0 999.0 999.0 99.0 99.00
2008 11 25 04 20 189  5.3  6.4 99.00 99.00 99.00 999 9999.0 999.0 999.0 999.0 99.0 99.00
2008 11 25 05 10 195  6.0  7.1 99.00 99.00 99.00 999 9999.0 999.0 999.0 999.0 99.0 99.00
2008 11 25 05 20 197  6.0  7.3 99.00 99.00 99.00 999 9999.0 999.0 999.0 999.0 99.0 99.00
2008 11 25 06 00 208  6.2  7.8 99.00 99.00 99.00 999 9999.0   6.3   7.9 999.0 99.0 99.00
2008 11 25 06 10 204  5.7  7.4 99.00 99.00 99.00 999 9999.0 999.0 999.0 999.0 99.0 99.00
2008 11 25 06 20 213  5.5  7.0 99.00 99.00 99.00 999 9999.0 999.0 999.0 999.0 99.0 99.00
2008 11 25 07 00 230  5.9  7.2 99.00 99.00 99.00 999 9999.0   6.8   7.7 999.0 99.0 99.00
2008 11 25 07 10 237  5.9  7.4 99.00 99.00 99.00 999 9999.0 999.0 999.0 999.0 99.0 99.00
2008 11 25 07 20 240  5.8  7.8 99.00 99.00 99.00 999 9999.0 999.0 999.0 999.0 99.0 99.00
2008 11 25 08 00 234  5.4  6.6 99.00 99.00 99.00 999 9999.0   6.7   7.7 999.0 99.0 99.00
2008 11 25 08 10 233  5.1  6.5 99.00 99.00 99.00 999 9999.0 999.0 999.0 999.0 99.0 99.00
2008 11 25 08 20 237  4.2  5.1 99.00 99.00 99.00 999 9999.0 999.0 999.0 999.0 99.0 99.00
2008 11 25 09 00 254  3.2  3.9 99.00 99.00 99.00 999 9999.0   6.5   7.6 999.0 99.0 99.00
2008 11 25 09 10 241  3.4  4.1 99.00 99.00 99.00 999 9999.0 999.0 999.0 999.0 99.0 99.00
2008 11 25 09 20 238  3.3  4.0 99.00 99.00 99.00 999 9999.0 999.0 999.0 999.0 99.0 99.00
2008 11 25 10 00 266  3.3  4.3 99.00 99.00 99.00 999 9999.0   6.5   7.6 999.0 99.0 99.00
2008 11 25 10 10 271  2.8  4.0 99.00 99.00 99.00 999 9999.0 999.0 999.0 999.0 99.0 99.00
2008 11 25 10 20 268  3.0  3.6 99.00 99.00 99.00 999 9999.0 999.0 999.0 999.0 99.0 99.00
2008 11 25 11 00 262  3.7  4.5 99.00 99.00 99.00 999 9999.0   6.4   7.7 999.0 99.0 99.00
2008 11 25 11 10 291  5.5  8.3 99.00 99.00 99.00 999 9999.0 999.0 999.0 999.0 99.0 99.00
2008 11 25 11 20 318  5.5  8.9 99.00 99.00 99.00 999 9999.0 999.0 999.0 999.0 99.0 99.00
2008 11 25 12 00 285  1.4  2.1 99.00 99.00 99.00 999 9999.0   6.1   7.7 999.0 99.0 99.00
2008 11 25 12 10 271  1.9  2.7 99.00 99.00 99.00 999 9999.0 999.0 999.0 999.0 99.0 99.00
2008 11 25 12 20 269  2.4  3.2 99.00 99.00 99.00 999 9999.0 999.0 999.0 999.0 99.0 99.00
2008 11 25 13 00 274  2.8  3.4 99.00 99.00 99.00 999 9999.0   6.2   7.8 999.0 99.0 99.00
2008 11 25 13 20 283  3.0  3.6 99.00 99.00 99.00 999 9999.0 999.0 999.0 999.0 99.0 99.00
2008 11 25 14 00 285  5.6  9.8 99.00 99.00 99.00 999 9999.0   6.4   7.6 999.0 99.0 99.00
2008 11 25 14 10 294  6.9 10.0 99.00 99.00 99.00 999 9999.0 999.0 999.0 999.0 99.0 99.00
2008 11 25 14 20 298  6.7  9.8 99.00 99.00 99.00 999 9999.0 999.0 999.0 999.0 99.0 99.00
2008 11 25 15 00 286  6.9 10.8 99.00 99.00 99.00 999 9999.0   6.0   7.8 999.0 99.0 99.00
2008 11 25 15 10 295  6.4 10.1 99.00 99.00 99.00 999 9999.0 999.0 999.0 999.0 99.0 99.00
2008 11 25 15 20 301  6.8  9.9 99.00 99.00 99.00 999 9999.0 999.0 999.0 999.0 99.0 99.00
2008 11 25 16 00 304  6.3  8.9 99.00 99.00 99.00 999 9999.0   6.7   7.9 999.0 99.0 99.00
2008 11 25 16 10 294  6.3  8.3 99.00 99.00 99.00 999 9999.0 999.0 999.0 999.0 99.0 99.00
2008 11 25 16 20 313  6.5  9.4 99.00 99.00 99.00 999 9999.0 999.0 999.0 999.0 99.0 99.00
2008 11 25 18 00 295  6.6  9.2 99.00 99.00 99.00 999 9999.0   7.5   8.2 999.0 99.0 99.00
2008 11 25 18 10 311  7.0  9.4 99.00 99.00 99.00 999 9999.0 999.0 999.0 999.0 99.0 99.00
2008 11 25 18 20 316  7.0  9.8 99.00 99.00 99.00 999 9999.0 999.0 999.0 999.0 99.0 99.00
2008 11 25 19 00 286  8.4 11.9 99.00 99.00 99.00 999 9999.0   7.8   8.2 999.0 99.0 99.00
2008 11 25 19 10 281  6.9  9.6 99.00 99.00 99.00 999 9999.0 999.0 999.0 999.0 99.0 99.00
2008 11 25 19 20 304  6.9  9.2 99.00 99.00 99.00 999 9999.0 999.0 999.0 999.0 99.0 99.00
2008 11 25 20 00 293  5.0  7.0 99.00 99.00 99.00 999 9999.0   7.2   8.1 999.0 99.0 99.00
2008 11 25 20 10 309  6.4 10.1 99.00 99.00 99.00 999 9999.0 999.0 999.0 999.0 99.0 99.00
2008 11 25 20 20 301  6.2  8.5 99.00 99.00 99.00 999 9999.0 999.0 999.0 999.0 99.0 99.00
2008 11 25 21 00 290  4.5  7.7 99.00 99.00 99.00 999 9999.0   6.8   8.1 999.0 99.0 99.00
2008 11 25 21 10 297  4.9  7.6 99.00 99.00 99.00 999 9999.0 999.0 999.0 999.0 99.0 99.00
2008 11 25 21 20 298  6.4  9.5 99.00 99.00 99.00 999 9999.0 999.0 999.0 999.0 99.0 99.00
2008 11 25 22 00 295  2.6  3.5 99.00 99.00 99.00 999 9999.0   5.5   8.1 999.0 99.0 99.00
2008 11 25 22 10 289  2.4  3.3 99.00 99.00 99.00 999 9999.0 999.0 999.0 999.0 99.0 99.00
2008 11 25 22 20 290  2.1  2.7 99.00 99.00 99.00 999 9999.0 999.0 999.0 999.0 99.0 99.00
2008 11 25 23 00 267  1.4  1.9 99.00 99.00 99.00 999 9999.0   5.3   8.0 999.0 99.0 99.00
2008 11 25 23 10 269  1.8  2.9 99.00 99.00 99.00 999 9999.0 999.0 999.0 999.0 99.0 99.00
2008 11 25 23 20 260  2.6  3.7 99.00 99.00 99.00 999 9999.0 999.0 999.0 999.0 99.0 99.00
2008 11 26 00 00 287  3.2  4.0 99.00 99.00 99.00 999 9999.0   5.0   8.0 999.0 99.0 99.00
2008 11 26 00 10 287  3.2  4.0 99.00 99.00 99.00 999 9999.0 999.0 999.0 999.0 99.0 99.00
2008 11 26 00 20 288  3.2  4.0 99.00 99.00 99.00 999 9999.0 999.0 999.0 999.0 99.0 99.00
2008 11 26 01 00 262  3.9  4.9 99.00 99.00 99.00 999 9999.0   4.7   7.9 999.0 99.0 99.00
2008 11 26 01 10 264  3.8  4.7 99.00 99.00 99.00 999 9999.0 999.0 999.0 999.0 99.0 99.00
2008 11 26 01 20 260  3.8  4.5 99.00 99.00 99.00 999 9999.0 999.0 999.0 999.0 99.0 99.00
2008 11 26 02 00 264  3.3  4.7 99.00 99.00 99.00 999 9999.0   4.7   7.9 999.0 99.0 99.00
2008 11 26 02 10 258  3.7  4.6 99.00 99.00 99.00 999 9999.0 999.0 999.0 999.0 99.0 99.00
2008 11 26 02 20 264  4.1  5.2 99.00 99.00 99.00 999 9999.0 999.0 999.0 999.0 99.0 99.00
2008 11 26 03 00 275  4.1  5.0 99.00 99.00 99.00 999 9999.0   4.3   7.9 999.0 99.0 99.00
2008 11 26 03 10 274  4.3  5.2 99.00 99.00 99.00 999 9999.0 999.0 999.0 999.0 99.0 99.00
2008 11 26 03 20 275  4.2  4.9 99.00 99.00 99.00 999 9999.0 999.0 999.0 999.0 99.0 99.00
2008 11 26 04 00 276  3.8  4.9 99.00 99.00 99.00 999 9999.0   4.0   7.9 999.0 99.0 99.00
2008 11 26 04 10 276  4.0  5.0 99.00 99.00 99.00 999 9999.0 999.0 999.0 999.0 99.0 99.00
2008 11 26 04 20 274  4.0  4.9 99.00 99.00 99.00 999 9999.0 999.0 999.0 999.0 99.0 99.00
2008 11 26 05 00 268  4.9  6.0 99.00 99.00 99.00 999 9999.0   4.2   8.0 999.0 99.0 99.00
2008 11 26 05 10 266  4.9  6.0 99.00 99.00 99.00 999 9999.0 999.0 999.0 999.0 99.0 99.00
2008 11 26 05 20 265  4.9  6.4 99.00 99.00 99.00 999 9999.0 999.0 999.0 999.0 99.0 99.00
2008 11 26 06 00 267  4.4  5.6 99.00 99.00 99.00 999 9999.0   4.1   8.0 999.0 99.0 99.00
2008 11 26 06 10 261  4.4  5.6 99.00 99.00 99.00 999 9999.0 999.0 999.0 999.0 99.0 99.00
2008 11 26 06 20 258  4.7  5.6 99.00 99.00 99.00 999 9999.0 999.0 999.0 999.0 99.0 99.00
2008 11 26 07 00 256  4.3  5.3 99.00 99.00 99.00 999 9999.0   4.2   8.0 999.0 99.0 99.00
2008 11 26 07 10 246  4.6  6.0 99.00 99.00 99.00 999 9999.0 999.0 999.0 999.0 99.0 99.00
2008 11 26 07 20 251  4.2  5.6 99.00 99.00 99.00 999 9999.0 999.0 999.0 999.0 99.0 99.00
2008 11 26 08 00 253  3.4  4.5 99.00 99.00 99.00 999 9999.0   3.9   8.0 999.0 99.0 99.00
2008 11 26 08 10 255  3.6  4.5 99.00 99.00 99.00 999 9999.0 999.0 999.0 999.0 99.0 99.00
2008 11 26 08 20 258  3.5  4.5 99.00 99.00 99.00 999 9999.0 999.0 999.0 999.0 99.0 99.00
2008 11 26 09 00 269  2.3  3.0 99.00 99.00 99.00 999 9999.0   3.0   8.0 999.0 99.0 99.00
2008 11 26 09 10 273  2.7  3.3 99.00 99.00 99.00 999 9999.0 999.0 999.0 999.0 99.0 99.00
2008 11 26 09 20 275  3.1  4.1 99.00 99.00 99.00 999 9999.0 999.0 999.0 999.0 99.0 99.00
2008 11 26 10 00 289  5.0  6.4 99.00 99.00 99.00 999 9999.0   3.8   8.0 999.0 99.0 99.00
2008 11 26 10 10 287  4.4  5.8 99.00 99.00 99.00 999 9999.0 999.0 999.0 999.0 99.0 99.00
2008 11 26 10 20 283  4.1  5.5 99.00 99.00 99.00 999 9999.0 999.0 999.0 999.0 99.0 99.00
2008 11 26 11 00 275  3.1  4.4 99.00 99.00 99.00 999 9999.0   3.7   8.0 999.0 99.0 99.00
2008 11 26 11 10 282  3.9  5.6 99.00 99.00 99.00 999 9999.0 999.0 999.0 999.0 99.0 99.00
2008 11 26 11 20 286  3.9  5.3 99.00 99.00 99.00 999 9999.0 999.0 999.0 999.0 99.0 99.00
2008 11 26 12 00 297  5.4  7.5 99.00 99.00 99.00 999 9999.0   4.2   7.9 999.0 99.0 99.00
2008 11 26 12 10 295  4.9  7.2 99.00 99.00 99.00 999 9999.0 999.0 999.0 999.0 99.0 99.00
2008 11 26 12 20 295  4.6  6.2 99.00 99.00 99.00 999 9999.0 999.0 999.0 999.0 99.0 99.00
2008 11 26 13 00 256  3.3  4.3 99.00 99.00 99.00 999 9999.0   5.0   7.8 999.0 99.0 99.00
2008 11 26 13 10 233  3.1  4.0 99.00 99.00 99.00 999 9999.0 999.0 999.0 999.0 99.0 99.00
2008 11 26 13 20 255  3.2  4.4 99.00 99.00 99.00 999 9999.0 999.0 999.0 999.0 99.0 99.00
2008 11 26 14 00 217  3.3  4.2 99.00 99.00 99.00 999 9999.0   5.2   8.0 999.0 99.0 99.00
2008 11 26 14 10 218  3.3  4.8 99.00 99.00 99.00 999 9999.0 999.0 999.0 999.0 99.0 99.00
2008 11 26 14 20 215  4.1  4.9 99.00 99.00 99.00 999 9999.0 999.0 999.0 999.0 99.0 99.00
2008 11 26 15 00 296  7.0  9.2 99.00 99.00 99.00 999 9999.0   6.6   8.1 999.0 99.0 99.00
2008 11 26 15 10 301  6.6  9.1 99.00 99.00 99.00 999 9999.0 999.0 999.0 999.0 99.0 99.00
2008 11 26 15 20 296  6.2  9.3 99.00 99.00 99.00 999 9999.0 999.0 999.0 999.0 99.0 99.00
2008 11 26 16 00 307  6.9 10.0 99.00 99.00 99.00 999 9999.0   7.0   8.1 999.0 99.0 99.00
2008 11 26 16 10 298  5.2 10.0 99.00 99.00 99.00 999 9999.0 999.0 999.0 999.0 99.0 99.00
2008 11 26 16 20 296  5.6  9.3 99.00 99.00 99.00 999 9999.0 999.0 999.0 999.0 99.0 99.00
2008 11 26 17 00 310  6.5  9.6 99.00 99.00 99.00 999 9999.0   6.6   8.2 999.0 99.0 99.00
2008 11 26 17 10 297  7.4 11.9 99.00 99.00 99.00 999 9999.0 999.0 999.0 999.0 99.0 99.00
2008 11 26 17 20 301  7.1  9.8 99.00 99.00 99.00 999 9999.0 999.0 999.0 999.0 99.0 99.00
2008 11 26 18 00 290  7.4 10.3 99.00 99.00 99.00 999 9999.0   6.1   8.3 999.0 99.0 99.00
2008 11 26 18 10 291  7.6 10.0 99.00 99.00 99.00 999 9999.0 999.0 999.0 999.0 99.0 99.00
2008 11 26 18 20 284  7.2  9.7 99.00 99.00 99.00 999 9999.0 999.0 999.0 999.0 99.0 99.00
2008 11 26 19 00 291  7.6  9.9 99.00 99.00 99.00 999 9999.0   5.6   8.3 999.0 99.0 99.00
2008 11 26 19 10 287  7.4  9.6 99.00 99.00 99.00 999 9999.0 999.0 999.0 999.0 99.0 99.00
2008 11 26 19 20 289  7.0 10.5 99.00 99.00 99.00 999 9999.0 999.0 999.0 999.0 99.0 99.00
2008 11 26 20 00 303  5.8  8.2 99.00 99.00 99.00 999 9999.0   5.4   8.2 999.0 99.0 99.00
2008 11 26 20 10 300  5.7  8.2 99.00 99.00 99.00 999 9999.0 999.0 999.0 999.0 99.0 99.00
2008 11 26 20 20 303  5.3  7.3 99.00 99.00 99.00 999 9999.0 999.0 999.0 999.0 99.0 99.00
2008 11 26 21 00 286  5.2  7.2 99.00 99.00 99.00 999 9999.0   5.2   8.2 999.0 99.0 99.00
2008 11 26 21 10 293  4.7  6.1 99.00 99.00 99.00 999 9999.0 999.0 999.0 999.0 99.0 99.00
2008 11 26 21 20 287  5.3  6.8 99.00 99.00 99.00 999 9999.0 999.0 999.0 999.0 99.0 99.00
2008 11 26 22 00 295  4.6  6.4 99.00 99.00 99.00 999 9999.0   4.9   8.2 999.0 99.0 99.00
2008 11 26 22 10 294  4.0  5.3 99.00 99.00 99.00 999 9999.0 999.0 999.0 999.0 99.0 99.00
2008 11 26 22 20 294  3.6  4.3 99.00 99.00 99.00 999 9999.0 999.0 999.0 999.0 99.0 99.00
2008 11 26 23 00 280  3.2  4.5 99.00 99.00 99.00 999 9999.0   4.8   8.2 999.0 99.0 99.00
2008 11 26 23 10 277  3.2  4.2 99.00 99.00 99.00 999 9999.0 999.0 999.0 999.0 99.0 99.00
2008 11 26 23 20 277  3.3  4.2 99.00 99.00 99.00 999 9999.0 999.0 999.0 999.0 99.0 99.00
2008 11 27 00 00 261  3.2  4.1 99.00 99.00 99.00 999 9999.0   4.5   8.2 999.0 99.0 99.00
2008 11 27 00 10 263  3.9  4.5 99.00 99.00 99.00 999 9999.0 999.0 999.0 999.0 99.0 99.00
2008 11 27 00 20 268  3.7  5.2 99.00 99.00 99.00 999 9999.0 999.0 999.0 999.0 99.0 99.00
2008 11 27 01 00 275  3.6  4.4 99.00 99.00 99.00 999 9999.0   3.9   8.2 999.0 99.0 99.00
2008 11 27 01 10 273  3.2  3.9 99.00 99.00 99.00 999 9999.0 999.0 999.0 999.0 99.0 99.00
2008 11 27 01 20 266  3.5  4.3 99.00 99.00 99.00 999 9999.0 999.0 999.0 999.0 99.0 99.00
2008 11 27 02 00 292  3.3  4.1 99.00 99.00 99.00 999 9999.0   3.4   8.2 999.0 99.0 99.00
2008 11 27 02 10 311  3.7  4.9 99.00 99.00 99.00 999 9999.0 999.0 999.0 999.0 99.0 99.00
2008 11 27 02 20 315  4.4  6.2 99.00 99.00 99.00 999 9999.0 999.0 999.0 999.0 99.0 99.00
2008 11 27 03 00 280  4.2  4.9 99.00 99.00 99.00 999 9999.0   3.5   8.1 999.0 99.0 99.00
2008 11 27 03 10 281  3.6  4.5 99.00 99.00 99.00 999 9999.0 999.0 999.0 999.0 99.0 99.00
2008 11 27 03 20 271  3.5  4.3 99.00 99.00 99.00 999 9999.0 999.0 999.0 999.0 99.0 99.00
2008 11 27 04 00 249  4.5  5.2 99.00 99.00 99.00 999 9999.0   2.6   7.8 999.0 99.0 99.00
2008 11 27 04 10 264  4.4  5.1 99.00 99.00 99.00 999 9999.0 999.0 999.0 999.0 99.0 99.00
2008 11 27 04 20 267  4.2  4.8 99.00 99.00 99.00 999 9999.0 999.0 999.0 999.0 99.0 99.00
2008 11 27 05 00 301  3.6  4.6 99.00 99.00 99.00 999 9999.0   2.5   7.7 999.0 99.0 99.00
2008 11 27 05 10 299  4.5  6.0 99.00 99.00 99.00 999 9999.0 999.0 999.0 999.0 99.0 99.00
2008 11 27 05 20 263  4.1  5.3 99.00 99.00 99.00 999 9999.0 999.0 999.0 999.0 99.0 99.00
2008 11 27 06 00 263  4.4  5.2 99.00 99.00 99.00 999 9999.0   2.0   7.7 999.0 99.0 99.00
2008 11 27 06 10 268  4.9  5.7 99.00 99.00 99.00 999 9999.0 999.0 999.0 999.0 99.0 99.00
2008 11 27 06 20 273  4.8  5.6 99.00 99.00 99.00 999 9999.0 999.0 999.0 999.0 99.0 99.00
2008 11 27 07 00 277  3.7  4.4 99.00 99.00 99.00 999 9999.0   2.9   7.7 999.0 99.0 99.00
2008 11 27 07 10 275  4.3  5.4 99.00 99.00 99.00 999 9999.0 999.0 999.0 999.0 99.0 99.00
2008 11 27 07 20 271  4.2  5.6 99.00 99.00 99.00 999 9999.0 999.0 999.0 999.0 99.0 99.00
2008 11 27 08 00 271  4.4  5.1 99.00 99.00 99.00 999 9999.0   2.9   7.7 999.0 99.0 99.00
2008 11 27 08 10 273  4.5  5.4 99.00 99.00 99.00 999 9999.0 999.0 999.0 999.0 99.0 99.00
2008 11 27 08 20 271  4.4  5.8 99.00 99.00 99.00 999 9999.0 999.0 999.0 999.0 99.0 99.00
2008 11 27 09 00 264  4.5  5.7 99.00 99.00 99.00 999 9999.0   3.0   7.7 999.0 99.0 99.00
2008 11 27 09 10 262  4.4  5.2 99.00 99.00 99.00 999 9999.0 999.0 999.0 999.0 99.0 99.00
2008 11 27 09 20 265  4.2  5.0 99.00 99.00 99.00 999 9999.0 999.0 999.0 999.0 99.0 99.00
2008 11 27 10 00 268  3.9  4.7 99.00 99.00 99.00 999 9999.0   2.7   7.7 999.0 99.0 99.00
2008 11 27 10 10 270  4.1  4.8 99.00 99.00 99.00 999 9999.0 999.0 999.0 999.0 99.0 99.00
2008 11 27 10 20 268  4.3  5.3 99.00 99.00 99.00 999 9999.0 999.0 999.0 999.0 99.0 99.00
2008 11 27 11 00 268  4.0  4.7 99.00 99.00 99.00 999 9999.0   2.2   7.6 999.0 99.0 99.00
2008 11 27 11 10 268  3.8  4.4 99.00 99.00 99.00 999 9999.0 999.0 999.0 999.0 99.0 99.00
2008 11 27 11 20 270  3.9  4.5 99.00 99.00 99.00 999 9999.0 999.0 999.0 999.0 99.0 99.00
2008 11 27 12 00 262  2.9  3.7 99.00 99.00 99.00 999 9999.0   1.9   7.5 999.0 99.0 99.00
2008 11 27 12 10 255  2.9  3.5 99.00 99.00 99.00 999 9999.0 999.0 999.0 999.0 99.0 99.00
2008 11 27 12 20 250  3.3  3.8 99.00 99.00 99.00 999 9999.0 999.0 999.0 999.0 99.0 99.00
2008 11 27 13 00 303  1.1  2.6 99.00 99.00 99.00 999 9999.0   1.3   7.4 999.0 99.0 99.00
2008 11 27 13 10 347  0.9  1.5 99.00 99.00 99.00 999 9999.0 999.0 999.0 999.0 99.0 99.00
2008 11 27 13 20 274  0.5  0.9 99.00 99.00 99.00 999 9999.0 999.0 999.0 999.0 99.0 99.00
2008 11 27 14 00 221  2.1  2.7 99.00 99.00 99.00 999 9999.0   2.0   7.4 999.0 99.0 99.00
2008 11 27 14 10 222  1.8  2.5 99.00 99.00 99.00 999 9999.0 999.0 999.0 999.0 99.0 99.00
2008 11 27 14 20 225  1.7  2.3 99.00 99.00 99.00 999 9999.0 999.0 999.0 999.0 99.0 99.00
2008 11 27 15 00 254  3.9  4.9 99.00 99.00 99.00 999 9999.0   4.7   7.5 999.0 99.0 99.00
2008 11 27 15 10 251  5.0  6.7 99.00 99.00 99.00 999 9999.0 999.0 999.0 999.0 99.0 99.00
2008 11 27 15 20 251  5.3  6.7 99.00 99.00 99.00 999 9999.0 999.0 999.0 999.0 99.0 99.00
2008 11 27 16 00 230  5.5  7.0 99.00 99.00 99.00 999 9999.0   5.7   7.5 999.0 99.0 99.00
2008 11 27 16 10 227  5.5  6.8 99.00 99.00 99.00 999 9999.0 999.0 999.0 999.0 99.0 99.00
2008 11 27 16 20 231  5.5  6.5 99.00 99.00 99.00 999 9999.0 999.0 999.0 999.0 99.0 99.00
2008 11 27 17 00 226  5.2  6.4 99.00 99.00 99.00 999 9999.0   6.6   7.6 999.0 99.0 99.00
2008 11 27 17 10 232  5.0  6.3 99.00 99.00 99.00 999 9999.0 999.0 999.0 999.0 99.0 99.00
2008 11 27 17 20 231  4.7  6.0 99.00 99.00 99.00 999 9999.0 999.0 999.0 999.0 99.0 99.00
2008 11 27 18 00 210  5.0  6.0 99.00 99.00 99.00 999 9999.0   7.2   7.6 999.0 99.0 99.00
2008 11 27 18 10 192  4.8  6.3 99.00 99.00 99.00 999 9999.0 999.0 999.0 999.0 99.0 99.00
2008 11 27 18 20 191  4.3  5.3 99.00 99.00 99.00 999 9999.0 999.0 999.0 999.0 99.0 99.00
2008 11 27 19 00 196  5.5  6.4 99.00 99.00 99.00 999 9999.0   7.1   7.7 999.0 99.0 99.00
2008 11 27 19 10 198  5.5  6.6 99.00 99.00 99.00 999 9999.0 999.0 999.0 999.0 99.0 99.00
2008 11 27 19 20 202  5.8  6.6 99.00 99.00 99.00 999 9999.0 999.0 999.0 999.0 99.0 99.00
2008 11 27 20 00 199  4.9  5.8 99.00 99.00 99.00 999 9999.0   7.5   7.7 999.0 99.0 99.00
2008 11 27 20 10 202  4.9  5.6 99.00 99.00 99.00 999 9999.0 999.0 999.0 999.0 99.0 99.00
2008 11 27 20 20 209  4.7  5.5 99.00 99.00 99.00 999 9999.0 999.0 999.0 999.0 99.0 99.00
2008 11 27 21 00 221  3.8  4.3 99.00 99.00 99.00 999 9999.0   7.7   7.7 999.0 99.0 99.00
2008 11 27 21 10 211  3.6  4.3 99.00 99.00 99.00 999 9999.0 999.0 999.0 999.0 99.0 99.00
2008 11 27 21 20 208  3.7  4.4 99.00 99.00 99.00 999 9999.0 999.0 999.0 999.0 99.0 99.00
2008 11 27 22 00 225  2.4  2.9 99.00 99.00 99.00 999 9999.0   7.1   7.7 999.0 99.0 99.00
2008 11 27 22 10 231  2.1  2.9 99.00 99.00 99.00 999 9999.0 999.0 999.0 999.0 99.0 99.00
2008 11 27 22 20 230  2.0  2.4 99.00 99.00 99.00 999 9999.0 999.0 999.0 999.0 99.0 99.00
2008 11 27 23 00 212  2.3  3.0 99.00 99.00 99.00 999 9999.0   6.4   7.6 999.0 99.0 99.00
2008 11 27 23 10 229  2.2  2.7 99.00 99.00 99.00 999 9999.0 999.0 999.0 999.0 99.0 99.00
2008 11 27 23 20 249  1.5  2.4 99.00 99.00 99.00 999 9999.0 999.0 999.0 999.0 99.0 99.00
2008 11 28 00 00 273  0.6  1.0 99.00 99.00 99.00 999 9999.0   5.9   7.6 999.0 99.0 99.00
2008 11 28 00 10 344  0.9  1.3 99.00 99.00 99.00 999 9999.0 999.0 999.0 999.0 99.0 99.00
2008 11 28 00 20  13  0.4  1.0 99.00 99.00 99.00 999 9999.0 999.0 999.0 999.0 99.0 99.00
2008 11 28 01 00 173  1.6  2.3 99.00 99.00 99.00 999 9999.0   5.7   7.7 999.0 99.0 99.00
2008 11 28 01 10  97  1.1  1.9 99.00 99.00 99.00 999 9999.0 999.0 999.0 999.0 99.0 99.00
2008 11 28 01 20  28  1.2  1.6 99.00 99.00 99.00 999 9999.0 999.0 999.0 999.0 99.0 99.00
2008 11 28 02 00  74  1.2  1.5 99.00 99.00 99.00 999 9999.0   4.0   7.7 999.0 99.0 99.00
2008 11 28 02 10  59  1.0  1.5 99.00 99.00 99.00 999 9999.0 999.0 999.0 999.0 99.0 99.00
2008 11 28 02 20  30  0.7  1.0 99.00 99.00 99.00 999 9999.0 999.0 999.0 999.0 99.0 99.00
2008 11 28 03 00 204  1.8  3.1 99.00 99.00 99.00 999 9999.0   4.3   7.6 999.0 99.0 99.00
2008 11 28 03 10 201  2.9  3.8 99.00 99.00 99.00 999 9999.0 999.0 999.0 999.0 99.0 99.00
2008 11 28 03 20 217  2.0  3.7 99.00 99.00 99.00 999 9999.0 999.0 999.0 999.0 99.0 99.00
2008 11 28 04 00 249  0.4  1.0 99.00 99.00 99.00 999 9999.0   4.2   7.5 999.0 99.0 99.00
2008 11 28 04 10 183  1.3  2.3 99.00 99.00 99.00 999 9999.0 999.0 999.0 999.0 99.0 99.00
2008 11 28 04 20 200  1.5  2.2 99.00 99.00 99.00 999 9999.0 999.0 999.0 999.0 99.0 99.00
2008 11 28 05 00 201  2.2  3.1 99.00 99.00 99.00 999 9999.0   5.0   7.6 999.0 99.0 99.00
2008 11 28 05 10 189  2.8  3.4 99.00 99.00 99.00 999 9999.0 999.0 999.0 999.0 99.0 99.00
2008 11 28 05 20 192  2.7  3.6 99.00 99.00 99.00 999 9999.0 999.0 999.0 999.0 99.0 99.00
2008 11 28 06 00 208  1.9  2.7 99.00 99.00 99.00 999 9999.0   4.8   7.6 999.0 99.0 99.00
2008 11 28 06 10 197  2.7  3.9 99.00 99.00 99.00 999 9999.0 999.0 999.0 999.0 99.0 99.00
2008 11 28 06 20 187  3.3  3.7 99.00 99.00 99.00 999 9999.0 999.0 999.0 999.0 99.0 99.00
2008 11 28 08 00 103  1.7  2.2 99.00 99.00 99.00 999 9999.0   3.2   7.5 999.0 99.0 99.00
2008 11 28 08 10 119  1.6  2.1 99.00 99.00 99.00 999 9999.0 999.0 999.0 999.0 99.0 99.00
2008 11 28 08 20 118  1.5  2.0 99.00 99.00 99.00 999 9999.0 999.0 999.0 999.0 99.0 99.00
2008 11 28 09 00 137  1.4  2.5 99.00 99.00 99.00 999 9999.0   3.7   7.4 999.0 99.0 99.00
2008 11 28 09 10 210  2.0  2.4 99.00 99.00 99.00 999 9999.0 999.0 999.0 999.0 99.0 99.00
2008 11 28 09 20 209  2.1  2.6 99.00 99.00 99.00 999 9999.0 999.0 999.0 999.0 99.0 99.00
2008 11 28 10 00 222  1.5  2.2 99.00 99.00 99.00 999 9999.0   4.6   7.4 999.0 99.0 99.00
2008 11 28 10 10 235  1.5  2.1 99.00 99.00 99.00 999 9999.0 999.0 999.0 999.0 99.0 99.00
2008 11 28 10 20 228  1.2  1.7 99.00 99.00 99.00 999 9999.0 999.0 999.0 999.0 99.0 99.00
2008 11 28 11 00 314  0.7  1.1 99.00 99.00 99.00 999 9999.0   4.3   7.4 999.0 99.0 99.00
2008 11 28 11 10 304  1.1  1.6 99.00 99.00 99.00 999 9999.0 999.0 999.0 999.0 99.0 99.00
2008 11 28 11 20 294  1.0  1.5 99.00 99.00 99.00 999 9999.0 999.0 999.0 999.0 99.0 99.00
2008 11 28 12 00 266  0.5  1.1 99.00 99.00 99.00 999 9999.0   4.2   7.4 999.0 99.0 99.00
2008 11 28 12 10 240  1.1  1.7 99.00 99.00 99.00 999 9999.0 999.0 999.0 999.0 99.0 99.00
2008 11 28 12 20 273  1.3  1.8 99.00 99.00 99.00 999 9999.0 999.0 999.0 999.0 99.0 99.00
2008 11 28 13 00 264  1.2  1.9 99.00 99.00 99.00 999 9999.0   3.7   7.4 999.0 99.0 99.00
2008 11 28 13 10 249  1.4  1.9 99.00 99.00 99.00 999 9999.0 999.0 999.0 999.0 99.0 99.00
2008 11 28 13 20 246  2.0  2.7 99.00 99.00 99.00 999 9999.0 999.0 999.0 999.0 99.0 99.00
2008 11 28 14 00 260  1.3  2.0 99.00 99.00 99.00 999 9999.0   3.3   7.4 999.0 99.0 99.00
2008 11 28 14 10 280  0.9  1.4 99.00 99.00 99.00 999 9999.0 999.0 999.0 999.0 99.0 99.00
2008 11 28 14 20   9  0.8  1.2 99.00 99.00 99.00 999 9999.0 999.0 999.0 999.0 99.0 99.00
2008 11 28 15 00 322  5.3  7.7 99.00 99.00 99.00 999 9999.0   6.9   7.4 999.0 99.0 99.00
2008 11 28 15 10 324  6.6  9.0 99.00 99.00 99.00 999 9999.0 999.0 999.0 999.0 99.0 99.00
2008 11 28 15 20 328  6.7  9.3 99.00 99.00 99.00 999 9999.0 999.0 999.0 999.0 99.0 99.00
2008 11 28 16 00 318  9.0 11.6 99.00 99.00 99.00 999 9999.0   9.8   7.4 999.0 99.0 99.00
2008 11 28 16 10 326  9.0 12.8 99.00 99.00 99.00 999 9999.0 999.0 999.0 999.0 99.0 99.00
2008 11 28 16 20 319  6.3 10.1 99.00 99.00 99.00 999 9999.0 999.0 999.0 999.0 99.0 99.00
2008 11 28 17 00 323  7.0  8.8 99.00 99.00 99.00 999 9999.0   9.7   7.5 999.0 99.0 99.00
2008 11 28 17 10 323  7.3 10.0 99.00 99.00 99.00 999 9999.0 999.0 999.0 999.0 99.0 99.00
2008 11 28 17 20 321  7.5 10.7 99.00 99.00 99.00 999 9999.0 999.0 999.0 999.0 99.0 99.00
2008 11 28 18 00 318  6.5  9.5 99.00 99.00 99.00 999 9999.0   9.2   7.5 999.0 99.0 99.00
2008 11 28 18 10 306  5.7  7.8 99.00 99.00 99.00 999 9999.0 999.0 999.0 999.0 99.0 99.00
2008 11 28 18 20 310  5.6  7.0 99.00 99.00 99.00 999 9999.0 999.0 999.0 999.0 99.0 99.00
2008 11 28 19 00 314  3.0  5.2 99.00 99.00 99.00 999 9999.0   9.2   7.5 999.0 99.0 99.00
2008 11 28 19 10 317  4.1  6.3 99.00 99.00 99.00 999 9999.0 999.0 999.0 999.0 99.0 99.00
2008 11 28 19 20 315  3.9  6.2 99.00 99.00 99.00 999 9999.0 999.0 999.0 999.0 99.0 99.00
2008 11 28 20 00 330  4.0  5.5 99.00 99.00 99.00 999 9999.0   8.8   7.5 999.0 99.0 99.00
2008 11 28 20 10 318  3.4  5.5 99.00 99.00 99.00 999 9999.0 999.0 999.0 999.0 99.0 99.00
2008 11 28 20 20 310  3.2  4.2 99.00 99.00 99.00 999 9999.0 999.0 999.0 999.0 99.0 99.00
2008 11 28 21 00 340  2.6  3.3 99.00 99.00 99.00 999 9999.0   8.5   7.5 999.0 99.0 99.00
2008 11 28 21 10 343  2.8  3.6 99.00 99.00 99.00 999 9999.0 999.0 999.0 999.0 99.0 99.00
2008 11 28 21 20 332  3.0  3.9 99.00 99.00 99.00 999 9999.0 999.0 999.0 999.0 99.0 99.00
2008 11 28 22 00 238  1.1  1.9 99.00 99.00 99.00 999 9999.0   8.2   7.5 999.0 99.0 99.00
2008 11 28 22 10 251  1.7  2.6 99.00 99.00 99.00 999 9999.0 999.0 999.0 999.0 99.0 99.00
2008 11 28 22 20 246  2.2  2.8 99.00 99.00 99.00 999 9999.0 999.0 999.0 999.0 99.0 99.00
2008 11 28 23 00 251  2.1  2.6 99.00 99.00 99.00 999 9999.0   7.2   7.5 999.0 99.0 99.00
2008 11 28 23 10 277  2.0  2.3 99.00 99.00 99.00 999 9999.0 999.0 999.0 999.0 99.0 99.00
2008 11 28 23 20 288  1.8  2.1 99.00 99.00 99.00 999 9999.0 999.0 999.0 999.0 99.0 99.00
2008 11 29 00 00 296  1.9  2.2 99.00 99.00 99.00 999 9999.0   6.9   7.4 999.0 99.0 99.00
2008 11 29 00 10 308  2.0  2.4 99.00 99.00 99.00 999 9999.0 999.0 999.0 999.0 99.0 99.00
2008 11 29 00 20 347  1.8  2.6 99.00 99.00 99.00 999 9999.0 999.0 999.0 999.0 99.0 99.00
2008 11 29 01 00 357  1.4  1.9 99.00 99.00 99.00 999 9999.0   4.8   7.4 999.0 99.0 99.00
2008 11 29 01 10 357  2.2  3.0 99.00 99.00 99.00 999 9999.0 999.0 999.0 999.0 99.0 99.00
2008 11 29 01 20   9  2.4  2.8 99.00 99.00 99.00 999 9999.0 999.0 999.0 999.0 99.0 99.00
2008 11 29 02 00 357  2.9  3.3 99.00 99.00 99.00 999 9999.0   4.6   7.4 999.0 99.0 99.00
2008 11 29 02 10 355  3.0  3.8 99.00 99.00 99.00 999 9999.0 999.0 999.0 999.0 99.0 99.00
2008 11 29 02 20 355  2.9  3.6 99.00 99.00 99.00 999 9999.0 999.0 999.0 999.0 99.0 99.00
2008 11 29 03 00 354  1.8  2.3 99.00 99.00 99.00 999 9999.0   3.8   7.4 999.0 99.0 99.00
2008 11 29 03 10 359  1.6  2.2 99.00 99.00 99.00 999 9999.0 999.0 999.0 999.0 99.0 99.00
2008 11 29 03 20 342  1.9  2.7 99.00 99.00 99.00 999 9999.0 999.0 999.0 999.0 99.0 99.00
2008 11 29 04 00 344  3.5  4.8 99.00 99.00 99.00 999 9999.0   4.5   7.3 999.0 99.0 99.00
2008 11 29 04 10 349  3.6  4.5 99.00 99.00 99.00 999 9999.0 999.0 999.0 999.0 99.0 99.00
2008 11 29 04 20 350  3.3  4.1 99.00 99.00 99.00 999 9999.0 999.0 999.0 999.0 99.0 99.00
2008 11 29 05 00   6  2.3  3.5 99.00 99.00 99.00 999 9999.0   4.3   7.3 999.0 99.0 99.00
2008 11 29 05 10   2  2.0  2.8 99.00 99.00 99.00 999 9999.0 999.0 999.0 999.0 99.0 99.00
2008 11 29 05 20 359  1.9  2.4 99.00 99.00 99.00 999 9999.0 999.0 999.0 999.0 99.0 99.00
2008 11 29 06 00   2  2.2  3.1 99.00 99.00 99.00 999 9999.0   3.6   7.3 999.0 99.0 99.00
2008 11 29 06 10 353  2.8  3.5 99.00 99.00 99.00 999 9999.0 999.0 999.0 999.0 99.0 99.00
2008 11 29 06 20 353  1.9  2.9 99.00 99.00 99.00 999 9999.0 999.0 999.0 999.0 99.0 99.00
2008 11 29 07 00 335  2.1  2.9 99.00 99.00 99.00 999 9999.0   2.8   7.2 999.0 99.0 99.00
2008 11 29 07 10 324  1.7  2.1 99.00 99.00 99.00 999 9999.0 999.0 999.0 999.0 99.0 99.00
2008 11 29 07 20 338  2.1  2.7 99.00 99.00 99.00 999 9999.0 999.0 999.0 999.0 99.0 99.00
2008 11 29 08 00 313  0.9  1.5 99.00 99.00 99.00 999 9999.0   2.2   7.2 999.0 99.0 99.00
2008 11 29 08 10 283  0.4  1.0 99.00 99.00 99.00 999 9999.0 999.0 999.0 999.0 99.0 99.00
2008 11 29 08 20 324  0.7  1.1 99.00 99.00 99.00 999 9999.0 999.0 999.0 999.0 99.0 99.00
2008 11 29 09 00 341  1.3  1.7 99.00 99.00 99.00 999 9999.0   2.0   7.2 999.0 99.0 99.00
2008 11 29 09 10 349  1.5  2.2 99.00 99.00 99.00 999 9999.0 999.0 999.0 999.0 99.0 99.00
2008 11 29 09 20 327  1.3  1.9 99.00 99.00 99.00 999 9999.0 999.0 999.0 999.0 99.0 99.00
2008 11 29 10 00  28  1.2  2.1 99.00 99.00 99.00 999 9999.0   1.9   7.2 999.0 99.0 99.00
2008 11 29 10 10  14  1.4  2.0 99.00 99.00 99.00 999 9999.0 999.0 999.0 999.0 99.0 99.00
2008 11 29 10 20 358  1.7  2.2 99.00 99.00 99.00 999 9999.0 999.0 999.0 999.0 99.0 99.00
2008 11 29 11 00 268  1.7  2.3 99.00 99.00 99.00 999 9999.0   1.9   7.1 999.0 99.0 99.00
2008 11 29 11 10 252  1.6  2.9 99.00 99.00 99.00 999 9999.0 999.0 999.0 999.0 99.0 99.00
2008 11 29 11 20 248  1.8  3.5 99.00 99.00 99.00 999 9999.0 999.0 999.0 999.0 99.0 99.00
2008 11 29 12 00 353  1.5  1.9 99.00 99.00 99.00 999 9999.0   0.7   7.1 999.0 99.0 99.00
2008 11 29 12 10 349  0.9  1.4 99.00 99.00 99.00 999 9999.0 999.0 999.0 999.0 99.0 99.00
2008 11 29 12 20  11  0.5  1.0 99.00 99.00 99.00 999 9999.0 999.0 999.0 999.0 99.0 99.00
2008 11 29 13 00 303  1.3  1.7 99.00 99.00 99.00 999 9999.0   2.2   7.1 999.0 99.0 99.00
2008 11 29 13 10 307  1.1  1.5 99.00 99.00 99.00 999 9999.0 999.0 999.0 999.0 99.0 99.00
2008 11 29 13 20 311  0.7  1.3 99.00 99.00 99.00 999 9999.0 999.0 999.0 999.0 99.0 99.00
2008 11 29 14 00 210  1.3  2.6 99.00 99.00 99.00 999 9999.0   2.9   7.1 999.0 99.0 99.00
2008 11 29 15 00 172  0.9  1.4 99.00 99.00 99.00 999 9999.0   4.0   7.1 999.0 99.0 99.00
2008 11 29 15 10 156  0.8  1.4 99.00 99.00 99.00 999 9999.0 999.0 999.0 999.0 99.0 99.00
2008 11 29 15 20 124  1.1  1.8 99.00 99.00 99.00 999 9999.0 999.0 999.0 999.0 99.0 99.00
2008 11 29 16 00 165  1.5  1.9 99.00 99.00 99.00 999 9999.0   4.5   7.2 999.0 99.0 99.00
2008 11 29 16 10 174  2.2  2.9 99.00 99.00 99.00 999 9999.0 999.0 999.0 999.0 99.0 99.00
2008 11 29 16 20 183  2.5  3.1 99.00 99.00 99.00 999 9999.0 999.0 999.0 999.0 99.0 99.00
2008 11 29 17 00 176  2.8  3.5 99.00 99.00 99.00 999 9999.0   5.4   7.3 999.0 99.0 99.00
2008 11 29 17 10 181  2.7  3.3 99.00 99.00 99.00 999 9999.0 999.0 999.0 999.0 99.0 99.00
2008 11 29 17 20 186  4.0  4.8 99.00 99.00 99.00 999 9999.0 999.0 999.0 999.0 99.0 99.00
2008 11 29 18 00 177  3.8  4.4 99.00 99.00 99.00 999 9999.0   5.6   7.3 999.0 99.0 99.00
2008 11 29 18 10 175  3.8  4.4 99.00 99.00 99.00 999 9999.0 999.0 999.0 999.0 99.0 99.00
2008 11 29 18 20 180  3.5  4.1 99.00 99.00 99.00 999 9999.0 999.0 999.0 999.0 99.0 99.00
2008 11 29 19 00 180  3.8  4.6 99.00 99.00 99.00 999 9999.0   6.9   7.3 999.0 99.0 99.00
2008 11 29 19 10 173  3.6  4.3 99.00 99.00 99.00 999 9999.0 999.0 999.0 999.0 99.0 99.00
2008 11 29 19 20 163  3.4  4.0 99.00 99.00 99.00 999 9999.0 999.0 999.0 999.0 99.0 99.00
2008 11 29 20 00 163  3.1  3.5 99.00 99.00 99.00 999 9999.0   7.0   7.3 999.0 99.0 99.00
2008 11 29 20 10 184  3.0  3.9 99.00 99.00 99.00 999 9999.0 999.0 999.0 999.0 99.0 99.00
2008 11 29 20 20 192  3.5  4.2 99.00 99.00 99.00 999 9999.0 999.0 999.0 999.0 99.0 99.00
2008 11 29 21 00 165  2.2  2.7 99.00 99.00 99.00 999 9999.0   7.5   7.2 999.0 99.0 99.00
2008 11 29 21 10 176  2.2  2.7 99.00 99.00 99.00 999 9999.0 999.0 999.0 999.0 99.0 99.00
2008 11 29 21 20 170  2.0  2.4 99.00 99.00 99.00 999 9999.0 999.0 999.0 999.0 99.0 99.00
2008 11 29 22 00 193  2.0  2.5 99.00 99.00 99.00 999 9999.0   6.6   7.1 999.0 99.0 99.00
2008 11 29 22 10 192  1.7  2.1 99.00 99.00 99.00 999 9999.0 999.0 999.0 999.0 99.0 99.00
2008 11 29 22 20 210  1.5  1.9 99.00 99.00 99.00 999 9999.0 999.0 999.0 999.0 99.0 99.00
2008 11 29 23 00 237  1.9  2.9 99.00 99.00 99.00 999 9999.0   6.3   7.1 999.0 99.0 99.00
2008 11 29 23 10 271  1.6  2.6 99.00 99.00 99.00 999 9999.0 999.0 999.0 999.0 99.0 99.00
2008 11 29 23 20 294  1.2  1.4 99.00 99.00 99.00 999 9999.0 999.0 999.0 999.0 99.0 99.00
2008 11 30 00 00  57  1.2  1.7 99.00 99.00 99.00 999 9999.0   4.6   7.1 999.0 99.0 99.00
2008 11 30 00 10  50  1.3  1.8 99.00 99.00 99.00 999 9999.0 999.0 999.0 999.0 99.0 99.00
2008 11 30 00 20  29  1.4  1.7 99.00 99.00 99.00 999 9999.0 999.0 999.0 999.0 99.0 99.00
2008 11 30 01 00  17  1.6  2.0 99.00 99.00 99.00 999 9999.0   3.5   7.1 999.0 99.0 99.00
2008 11 30 01 10  41  1.3  1.7 99.00 99.00 99.00 999 9999.0 999.0 999.0 999.0 99.0 99.00
2008 11 30 01 20  47  1.2  1.8 99.00 99.00 99.00 999 9999.0 999.0 999.0 999.0 99.0 99.00
2008 11 30 02 00  20  1.7  2.1 99.00 99.00 99.00 999 9999.0   2.6   7.0 999.0 99.0 99.00
2008 11 30 02 10  12  1.6  2.2 99.00 99.00 99.00 999 9999.0 999.0 999.0 999.0 99.0 99.00
2008 11 30 02 20   7  2.0  3.0 99.00 99.00 99.00 999 9999.0 999.0 999.0 999.0 99.0 99.00
2008 11 30 03 00  14  1.8  2.2 99.00 99.00 99.00 999 9999.0   2.8   6.9 999.0 99.0 99.00
2008 11 30 03 10   5  2.1  2.6 99.00 99.00 99.00 999 9999.0 999.0 999.0 999.0 99.0 99.00
2008 11 30 03 20  13  2.0  2.6 99.00 99.00 99.00 999 9999.0 999.0 999.0 999.0 99.0 99.00
2008 11 30 04 00  14  1.9  2.2 99.00 99.00 99.00 999 9999.0   2.8   6.9 999.0 99.0 99.00
2008 11 30 04 10  15  1.2  1.7 99.00 99.00 99.00 999 9999.0 999.0 999.0 999.0 99.0 99.00
2008 11 30 04 20   0  1.5  2.0 99.00 99.00 99.00 999 9999.0 999.0 999.0 999.0 99.0 99.00
2008 11 30 05 00 357  2.2  2.7 99.00 99.00 99.00 999 9999.0   3.1   6.8 999.0 99.0 99.00
2008 11 30 05 10  23  1.7  2.3 99.00 99.00 99.00 999 9999.0 999.0 999.0 999.0 99.0 99.00
2008 11 30 05 20  63  0.7  1.4 99.00 99.00 99.00 999 9999.0 999.0 999.0 999.0 99.0 99.00
2008 11 30 06 00  55  1.6  2.3 99.00 99.00 99.00 999 9999.0   3.6   6.8 999.0 99.0 99.00
2008 11 30 06 10  99  2.3  2.9 99.00 99.00 99.00 999 9999.0 999.0 999.0 999.0 99.0 99.00
2008 11 30 06 20  83  2.9  3.5 99.00 99.00 99.00 999 9999.0 999.0 999.0 999.0 99.0 99.00
2008 11 30 07 00  90  3.4  4.2 99.00 99.00 99.00 999 9999.0   3.8   6.7 999.0 99.0 99.00
2008 11 30 07 10  79  3.2  3.9 99.00 99.00 99.00 999 9999.0 999.0 999.0 999.0 99.0 99.00
2008 11 30 07 20  78  3.6  4.6 99.00 99.00 99.00 999 9999.0 999.0 999.0 999.0 99.0 99.00
2008 11 30 08 00  68  3.3  4.2 99.00 99.00 99.00 999 9999.0   3.3   6.7 999.0 99.0 99.00
2008 11 30 08 10  71  2.9  4.3 99.00 99.00 99.00 999 9999.0 999.0 999.0 999.0 99.0 99.00
2008 11 30 08 20  86  3.0  3.9 99.00 99.00 99.00 999 9999.0 999.0 999.0 999.0 99.0 99.00
2008 11 30 09 00  93  3.7  4.7 99.00 99.00 99.00 999 9999.0   3.3   6.6 999.0 99.0 99.00
2008 11 30 09 10  84  3.6  4.9 99.00 99.00 99.00 999 9999.0 999.0 999.0 999.0 99.0 99.00
2008 11 30 09 20  75  2.7  3.8 99.00 99.00 99.00 999 9999.0 999.0 999.0 999.0 99.0 99.00
2008 11 30 10 00  77  4.2  5.4 99.00 99.00 99.00 999 9999.0   2.4   6.6 999.0 99.0 99.00
2008 11 30 10 10  71  3.8  5.1 99.00 99.00 99.00 999 9999.0 999.0 999.0 999.0 99.0 99.00
2008 11 30 10 20  66  3.2  4.7 99.00 99.00 99.00 999 9999.0 999.0 999.0 999.0 99.0 99.00
2008 11 30 11 00  73  3.9  5.8 99.00 99.00 99.00 999 9999.0   2.4   6.6 999.0 99.0 99.00
2008 11 30 11 10  65  3.4  4.4 99.00 99.00 99.00 999 9999.0 999.0 999.0 999.0 99.0 99.00
2008 11 30 11 20  63  2.6  3.7 99.00 99.00 99.00 999 9999.0 999.0 999.0 999.0 99.0 99.00
2008 11 30 12 00  67  4.0  5.3 99.00 99.00 99.00 999 9999.0   2.5   6.6 999.0 99.0 99.00
2008 11 30 12 10  62  4.0  5.5 99.00 99.00 99.00 999 9999.0 999.0 999.0 999.0 99.0 99.00
2008 11 30 12 20  66  4.0  5.4 99.00 99.00 99.00 999 9999.0 999.0 999.0 999.0 99.0 99.00
2008 11 30 13 00  71  4.0  5.5 99.00 99.00 99.00 999 9999.0   2.8   6.6 999.0 99.0 99.00
2008 11 30 13 10  72  4.1  5.6 99.00 99.00 99.00 999 9999.0 999.0 999.0 999.0 99.0 99.00
2008 11 30 13 20  73  4.2  6.5 99.00 99.00 99.00 999 9999.0 999.0 999.0 999.0 99.0 99.00
2008 11 30 14 00  68  5.2  7.6 99.00 99.00 99.00 999 9999.0   3.6   6.6 999.0 99.0 99.00
2008 11 30 14 10  73  5.5  7.3 99.00 99.00 99.00 999 9999.0 999.0 999.0 999.0 99.0 99.00
2008 11 30 14 20  76  5.3  7.0 99.00 99.00 99.00 999 9999.0 999.0 999.0 999.0 99.0 99.00
2008 11 30 15 00  77  5.9  9.0 99.00 99.00 99.00 999 9999.0   4.3   6.6 999.0 99.0 99.00
2008 11 30 15 10  76  6.0  9.1 99.00 99.00 99.00 999 9999.0 999.0 999.0 999.0 99.0 99.00
2008 11 30 15 20  74  5.3  7.3 99.00 99.00 99.00 999 9999.0 999.0 999.0 999.0 99.0 99.00
2008 11 30 16 00  79  6.3  9.1 99.00 99.00 99.00 999 9999.0   4.6   6.6 999.0 99.0 99.00
2008 11 30 16 10  73  5.6  8.0 99.00 99.00 99.00 999 9999.0 999.0 999.0 999.0 99.0 99.00
2008 11 30 16 20  72  5.4  7.7 99.00 99.00 99.00 999 9999.0 999.0 999.0 999.0 99.0 99.00
2008 11 30 17 00  75  4.7  6.9 99.00 99.00 99.00 999 9999.0   4.5   6.6 999.0 99.0 99.00
2008 11 30 17 10  75  4.8  7.2 99.00 99.00 99.00 999 9999.0 999.0 999.0 999.0 99.0 99.00
2008 11 30 17 20  73  5.1  7.1 99.00 99.00 99.00 999 9999.0 999.0 999.0 999.0 99.0 99.00
2008 11 30 18 00  63  3.6  5.4 99.00 99.00 99.00 999 9999.0   4.7   6.5 999.0 99.0 99.00
2008 11 30 18 10  69  4.3  5.8 99.00 99.00 99.00 999 9999.0 999.0 999.0 999.0 99.0 99.00
2008 11 30 18 20  63  4.8  7.1 99.00 99.00 99.00 999 9999.0 999.0 999.0 999.0 99.0 99.00
2008 11 30 19 00  72  3.1  4.8 99.00 99.00 99.00 999 9999.0   5.3   6.5 999.0 99.0 99.00
2008 11 30 19 10  75  4.0  5.4 99.00 99.00 99.00 999 9999.0 999.0 999.0 999.0 99.0 99.00
2008 11 30 19 20  76  3.9  5.6 99.00 99.00 99.00 999 9999.0 999.0 999.0 999.0 99.0 99.00
2008 11 30 20 00  78  4.8  6.7 99.00 99.00 99.00 999 9999.0   5.7   6.5 999.0 99.0 99.00
2008 11 30 20 10  79  4.6  6.2 99.00 99.00 99.00 999 9999.0 999.0 999.0 999.0 99.0 99.00
2008 11 30 20 20  81  4.5  6.7 99.00 99.00 99.00 999 9999.0 999.0 999.0 999.0 99.0 99.00
2008 11 30 21 00  81  5.4  7.5 99.00 99.00 99.00 999 9999.0   6.3   6.6 999.0 99.0 99.00
2008 11 30 21 10  79  5.2  6.8 99.00 99.00 99.00 999 9999.0 999.0 999.0 999.0 99.0 99.00
2008 11 30 21 20  84  5.3  7.7 99.00 99.00 99.00 999 9999.0 999.0 999.0 999.0 99.0 99.00
2008 11 30 22 00 121  3.6  5.5 99.00 99.00 99.00 999 9999.0   6.9   6.7 999.0 99.0 99.00
2008 11 30 22 10  85  4.3  6.4 99.00 99.00 99.00 999 9999.0 999.0 999.0 999.0 99.0 99.00
2008 11 30 22 20  91  1.6  4.0 99.00 99.00 99.00 999 9999.0 999.0 999.0 999.0 99.0 99.00
2008 11 30 23 00  96  4.4  6.3 99.00 99.00 99.00 999 9999.0   7.4   6.6 999.0 99.0 99.00
2008 11 30 23 10  93  4.8  5.9 99.00 99.00 99.00 999 9999.0 999.0 999.0 999.0 99.0 99.00
2008 11 30 23 20  85  3.9  5.0 99.00 99.00 99.00 999 9999.0 999.0 999.0 999.0 99.0 99.00
2008 12 01 00 00  88  3.8  5.4 99.00 99.00 99.00 999 9999.0   7.7   6.6 999.0 99.0 99.00
2008 12 01 00 10  84  4.7  5.8 99.00 99.00 99.00 999 9999.0 999.0 999.0 999.0 99.0 99.00
2008 12 01 00 20  82  3.0  4.9 99.00 99.00 99.00 999 9999.0 999.0 999.0 999.0 99.0 99.00
2008 12 01 01 00  82  5.5  7.5 99.00 99.00 99.00 999 9999.0   8.1   6.6 999.0 99.0 99.00
2008 12 01 01 10  82  5.5  7.5 99.00 99.00 99.00 999 9999.0 999.0 999.0 999.0 99.0 99.00
2008 12 01 01 20  88  5.9  7.1 99.00 99.00 99.00 999 9999.0 999.0 999.0 999.0 99.0 99.00
2008 12 01 02 00  95  6.4  7.9 99.00 99.00 99.00 999 9999.0   8.6   6.6 999.0 99.0 99.00
2008 12 01 02 10  97  6.6  8.1 99.00 99.00 99.00 999 9999.0 999.0 999.0 999.0 99.0 99.00
2008 12 01 02 20  94  6.3  8.0 99.00 99.00 99.00 999 9999.0 999.0 999.0 999.0 99.0 99.00
2008 12 01 03 00 108  3.8  5.1 99.00 99.00 99.00 999 9999.0   9.8   6.6 999.0 99.0 99.00
2008 12 01 03 10 115  4.2  5.4 99.00 99.00 99.00 999 9999.0 999.0 999.0 999.0 99.0 99.00
2008 12 01 03 20 115  3.8  4.4 99.00 99.00 99.00 999 9999.0 999.0 999.0 999.0 99.0 99.00
2008 12 01 04 00 139  2.4  3.1 99.00 99.00 99.00 999 9999.0   9.3   6.5 999.0 99.0 99.00
2008 12 01 04 10 148  1.9  2.4 99.00 99.00 99.00 999 9999.0 999.0 999.0 999.0 99.0 99.00
2008 12 01 04 20 130  2.0  2.5 99.00 99.00 99.00 999 9999.0 999.0 999.0 999.0 99.0 99.00
2008 12 01 05 00 183  4.9  5.8 99.00 99.00 99.00 999 9999.0  10.3   6.5 999.0 99.0 99.00
2008 12 01 05 10 186  5.5  7.5 99.00 99.00 99.00 999 9999.0 999.0 999.0 999.0 99.0 99.00
2008 12 01 05 20 192  5.8  7.8 99.00 99.00 99.00 999 9999.0 999.0 999.0 999.0 99.0 99.00
2008 12 01 06 00 231  7.9 11.4 99.00 99.00 99.00 999 9999.0  12.1   6.5 999.0 99.0 99.00
2008 12 01 06 10 241  9.0 12.7 99.00 99.00 99.00 999 9999.0 999.0 999.0 999.0 99.0 99.00
2008 12 01 06 20 248  8.5 11.0 99.00 99.00 99.00 999 9999.0 999.0 999.0 999.0 99.0 99.00
2008 12 01 07 00 248  8.5 10.2 99.00 99.00 99.00 999 9999.0  10.9   6.4 999.0 99.0 99.00
2008 12 01 07 10 247  9.0 11.3 99.00 99.00 99.00 999 9999.0 999.0 999.0 999.0 99.0 99.00
2008 12 01 07 20 247  8.7 10.7 99.00 99.00 99.00 999 9999.0 999.0 999.0 999.0 99.0 99.00
2008 12 01 08 00 241  7.8  9.7 99.00 99.00 99.00 999 9999.0   9.2   6.4 999.0 99.0 99.00
2008 12 01 08 10 242  7.5  9.3 99.00 99.00 99.00 999 9999.0 999.0 999.0 999.0 99.0 99.00
2008 12 01 08 20 244  6.7  9.5 99.00 99.00 99.00 999 9999.0 999.0 999.0 999.0 99.0 99.00
2008 12 01 09 00 252  6.7  8.3 99.00 99.00 99.00 999 9999.0   8.3   6.4 999.0 99.0 99.00
2008 12 01 09 10 250  6.1  7.8 99.00 99.00 99.00 999 9999.0 999.0 999.0 999.0 99.0 99.00
2008 12 01 09 20 248  5.0  6.4 99.00 99.00 99.00 999 9999.0 999.0 999.0 999.0 99.0 99.00
2008 12 01 10 00 246  5.7  6.8 99.00 99.00 99.00 999 9999.0   7.3   6.4 999.0 99.0 99.00
2008 12 01 10 10 244  5.1  6.4 99.00 99.00 99.00 999 9999.0 999.0 999.0 999.0 99.0 99.00
2008 12 01 10 20 244  5.1  6.8 99.00 99.00 99.00 999 9999.0 999.0 999.0 999.0 99.0 99.00
2008 12 01 11 00 240  5.7  7.3 99.00 99.00 99.00 999 9999.0   7.2   6.4 999.0 99.0 99.00
2008 12 01 11 10 243  5.7  6.8 99.00 99.00 99.00 999 9999.0 999.0 999.0 999.0 99.0 99.00
2008 12 01 11 20 243  4.9  6.3 99.00 99.00 99.00 999 9999.0 999.0 999.0 999.0 99.0 99.00
2008 12 01 13 00 226  5.0  6.4 99.00 99.00 99.00 999 9999.0   6.8   6.4 999.0 99.0 99.00
2008 12 01 13 10 216  5.4  7.3 99.00 99.00 99.00 999 9999.0 999.0 999.0 999.0 99.0 99.00
2008 12 01 13 20 210  6.2  7.7 99.00 99.00 99.00 999 9999.0 999.0 999.0 999.0 99.0 99.00
2008 12 01 14 00 207  5.1  7.1 99.00 99.00 99.00 999 9999.0   6.8   6.4 999.0 99.0 99.00
2008 12 01 14 10 211  5.8  7.3 99.00 99.00 99.00 999 9999.0 999.0 999.0 999.0 99.0 99.00
2008 12 01 14 20 215  6.0  7.7 99.00 99.00 99.00 999 9999.0 999.0 999.0 999.0 99.0 99.00
2008 12 01 15 00 225  5.7  7.1 99.00 99.00 99.00 999 9999.0   7.0   6.4 999.0 99.0 99.00
2008 12 01 15 10 221  5.9  7.5 99.00 99.00 99.00 999 9999.0 999.0 999.0 999.0 99.0 99.00
2008 12 01 15 20 216  7.7 11.0 99.00 99.00 99.00 999 9999.0 999.0 999.0 999.0 99.0 99.00
2008 12 01 16 00 218  6.9  8.5 99.00 99.00 99.00 999 9999.0   7.0   6.3 999.0 99.0 99.00
2008 12 01 16 10 222  6.9  9.0 99.00 99.00 99.00 999 9999.0 999.0 999.0 999.0 99.0 99.00
2008 12 01 16 20 218  6.7  8.2 99.00 99.00 99.00 999 9999.0 999.0 999.0 999.0 99.0 99.00
2008 12 01 17 00 219  6.6  9.0 99.00 99.00 99.00 999 9999.0   7.6   6.3 999.0 99.0 99.00
2008 12 01 17 10 216  6.3  7.8 99.00 99.00 99.00 999 9999.0 999.0 999.0 999.0 99.0 99.00
2008 12 01 17 20 217  6.8  9.2 99.00 99.00 99.00 999 9999.0 999.0 999.0 999.0 99.0 99.00
2008 12 01 17 30 226  6.1  9.8 99.00 99.00 99.00 999 9999.0 999.0 999.0 999.0 99.0 99.00
2008 12 01 18 00 227  7.0  8.8 99.00 99.00 99.00 999 9999.0   8.6   6.4 999.0 99.0 99.00
2008 12 01 18 10 221  7.2  8.9 99.00 99.00 99.00 999 9999.0 999.0 999.0 999.0 99.0 99.00
2008 12 01 18 20 226  8.8 11.4 99.00 99.00 99.00 999 9999.0 999.0 999.0 999.0 99.0 99.00
2008 12 01 22 00 262  7.4 10.2 99.00 99.00 99.00 999 9999.0   5.6   6.3 999.0 99.0 99.00
2008 12 01 22 10 273  3.9  6.0 99.00 99.00 99.00 999 9999.0 999.0 999.0 999.0 99.0 99.00
2008 12 01 22 20 293  3.4  4.6 99.00 99.00 99.00 999 9999.0 999.0 999.0 999.0 99.0 99.00
2008 12 01 23 00 289  2.2  2.8 99.00 99.00 99.00 999 9999.0   5.3   6.3 999.0 99.0 99.00
2008 12 01 23 10 297  2.2  2.6 99.00 99.00 99.00 999 9999.0 999.0 999.0 999.0 99.0 99.00
2008 12 01 23 20 284  2.2  2.9 99.00 99.00 99.00 999 9999.0 999.0 999.0 999.0 99.0 99.00
2008 12 02 00 00 229  3.6  4.4 99.00 99.00 99.00 999 9999.0   5.6   6.3 999.0 99.0 99.00
2008 12 02 00 10 245  3.2  3.8 99.00 99.00 99.00 999 9999.0 999.0 999.0 999.0 99.0 99.00
2008 12 02 00 20 265  2.7  3.6 99.00 99.00 99.00 999 9999.0 999.0 999.0 999.0 99.0 99.00
2008 12 02 01 00 293  1.1  1.5 99.00 99.00 99.00 999 9999.0   4.8   6.3 999.0 99.0 99.00
2008 12 02 01 10 280  0.6  1.0 99.00 99.00 99.00 999 9999.0 999.0 999.0 999.0 99.0 99.00
2008 12 02 01 20 274  0.1  0.5 99.00 99.00 99.00 999 9999.0 999.0 999.0 999.0 99.0 99.00
2008 12 02 02 00 249  1.3  2.5 99.00 99.00 99.00 999 9999.0   5.0   6.4 999.0 99.0 99.00
2008 12 02 02 10 256  1.9  2.4 99.00 99.00 99.00 999 9999.0 999.0 999.0 999.0 99.0 99.00
2008 12 02 02 20 271  2.2  3.2 99.00 99.00 99.00 999 9999.0 999.0 999.0 999.0 99.0 99.00
2008 12 02 03 00 302  1.6  2.2 99.00 99.00 99.00 999 9999.0   4.8   6.4 999.0 99.0 99.00
2008 12 02 03 10 291  1.6  2.3 99.00 99.00 99.00 999 9999.0 999.0 999.0 999.0 99.0 99.00
2008 12 02 03 20 272  1.0  1.6 99.00 99.00 99.00 999 9999.0 999.0 999.0 999.0 99.0 99.00
2008 12 02 04 00 235  1.4  1.7 99.00 99.00 99.00 999 9999.0   4.7   6.6 999.0 99.0 99.00
2008 12 02 04 10 244  1.6  2.1 99.00 99.00 99.00 999 9999.0 999.0 999.0 999.0 99.0 99.00
2008 12 02 04 20 272  1.6  2.2 99.00 99.00 99.00 999 9999.0 999.0 999.0 999.0 99.0 99.00
2008 12 02 05 00 257  2.8  4.0 99.00 99.00 99.00 999 9999.0   4.9   6.6 999.0 99.0 99.00
2008 12 02 05 10 250  3.4  4.3 99.00 99.00 99.00 999 9999.0 999.0 999.0 999.0 99.0 99.00
2008 12 02 05 20 257  3.4  4.2 99.00 99.00 99.00 999 9999.0 999.0 999.0 999.0 99.0 99.00
2008 12 02 06 00 276  2.7  3.3 99.00 99.00 99.00 999 9999.0   4.6   6.6 999.0 99.0 99.00
2008 12 02 06 10 277  2.6  3.4 99.00 99.00 99.00 999 9999.0 999.0 999.0 999.0 99.0 99.00
2008 12 02 06 20 278  2.7  3.4 99.00 99.00 99.00 999 9999.0 999.0 999.0 999.0 99.0 99.00
2008 12 02 07 00 286  2.4  3.2 99.00 99.00 99.00 999 9999.0   4.0   6.6 999.0 99.0 99.00
2008 12 02 07 10 274  2.7  3.2 99.00 99.00 99.00 999 9999.0 999.0 999.0 999.0 99.0 99.00
2008 12 02 07 20 277  2.5  3.4 99.00 99.00 99.00 999 9999.0 999.0 999.0 999.0 99.0 99.00
2008 12 02 08 00 272  4.3  5.4 99.00 99.00 99.00 999 9999.0   4.3   6.7 999.0 99.0 99.00
2008 12 02 08 10 270  4.2  5.2 99.00 99.00 99.00 999 9999.0 999.0 999.0 999.0 99.0 99.00
2008 12 02 08 20 275  3.9  5.4 99.00 99.00 99.00 999 9999.0 999.0 999.0 999.0 99.0 99.00
2008 12 02 09 00 274  3.3  4.4 99.00 99.00 99.00 999 9999.0   3.6   6.7 999.0 99.0 99.00
2008 12 02 09 10 273  3.4  4.2 99.00 99.00 99.00 999 9999.0 999.0 999.0 999.0 99.0 99.00
2008 12 02 09 20 264  3.7  4.4 99.00 99.00 99.00 999 9999.0 999.0 999.0 999.0 99.0 99.00
2008 12 02 10 00 266  3.4  4.1 99.00 99.00 99.00 999 9999.0   3.2   6.7 999.0 99.0 99.00
2008 12 02 10 10 267  3.7  4.4 99.00 99.00 99.00 999 9999.0 999.0 999.0 999.0 99.0 99.00
2008 12 02 10 20 264  4.0  5.0 99.00 99.00 99.00 999 9999.0 999.0 999.0 999.0 99.0 99.00
2008 12 02 11 00 267  4.0  4.9 99.00 99.00 99.00 999 9999.0   2.9   6.7 999.0 99.0 99.00
2008 12 02 11 10 275  3.5  4.2 99.00 99.00 99.00 999 9999.0 999.0 999.0 999.0 99.0 99.00
2008 12 02 11 20 268  3.3  4.0 99.00 99.00 99.00 999 9999.0 999.0 999.0 999.0 99.0 99.00
2008 12 02 12 00 272  3.8  5.7 99.00 99.00 99.00 999 9999.0   3.4   6.7 999.0 99.0 99.00
2008 12 02 12 10 263  3.3  4.6 99.00 99.00 99.00 999 9999.0 999.0 999.0 999.0 99.0 99.00
2008 12 02 12 20 285  2.8  3.7 99.00 99.00 99.00 999 9999.0 999.0 999.0 999.0 99.0 99.00
2008 12 02 13 00 258  3.7  4.4 99.00 99.00 99.00 999 9999.0   4.7   6.8 999.0 99.0 99.00
2008 12 02 13 10 243  3.9  4.9 99.00 99.00 99.00 999 9999.0 999.0 999.0 999.0 99.0 99.00
2008 12 02 13 20 240  4.0  5.2 99.00 99.00 99.00 999 9999.0 999.0 999.0 999.0 99.0 99.00
2008 12 02 14 00 252  3.4  4.2 99.00 99.00 99.00 999 9999.0   4.4   7.0 999.0 99.0 99.00
2008 12 02 14 10 267  2.9  3.9 99.00 99.00 99.00 999 9999.0 999.0 999.0 999.0 99.0 99.00
2008 12 02 14 20 271  3.5  4.6 99.00 99.00 99.00 999 9999.0 999.0 999.0 999.0 99.0 99.00
2008 12 02 15 00 244  4.3  5.2 99.00 99.00 99.00 999 9999.0   5.0   7.1 999.0 99.0 99.00
2008 12 02 15 10 248  3.5  4.5 99.00 99.00 99.00 999 9999.0 999.0 999.0 999.0 99.0 99.00
2008 12 02 15 20 250  3.2  4.2 99.00 99.00 99.00 999 9999.0 999.0 999.0 999.0 99.0 99.00
2008 12 02 16 00 314  4.0  6.5 99.00 99.00 99.00 999 9999.0   5.9   7.2 999.0 99.0 99.00
2008 12 02 16 10 307  4.0  7.1 99.00 99.00 99.00 999 9999.0 999.0 999.0 999.0 99.0 99.00
2008 12 02 16 20 297  3.4  5.2 99.00 99.00 99.00 999 9999.0 999.0 999.0 999.0 99.0 99.00
2008 12 02 17 00 306  5.6  8.5 99.00 99.00 99.00 999 9999.0   5.7   7.2 999.0 99.0 99.00
2008 12 02 17 10 296  5.5  7.9 99.00 99.00 99.00 999 9999.0 999.0 999.0 999.0 99.0 99.00
2008 12 02 17 20 292  5.8  8.1 99.00 99.00 99.00 999 9999.0 999.0 999.0 999.0 99.0 99.00
2008 12 02 18 00 276  4.7  6.7 99.00 99.00 99.00 999 9999.0   5.6   7.3 999.0 99.0 99.00
2008 12 02 18 10 293  4.3  8.1 99.00 99.00 99.00 999 9999.0 999.0 999.0 999.0 99.0 99.00
2008 12 02 18 20 290  6.0  7.4 99.00 99.00 99.00 999 9999.0 999.0 999.0 999.0 99.0 99.00
2008 12 02 19 00 318  5.3  7.3 99.00 99.00 99.00 999 9999.0   5.5   7.4 999.0 99.0 99.00
2008 12 02 19 10 328  5.9  7.9 99.00 99.00 99.00 999 9999.0 999.0 999.0 999.0 99.0 99.00
2008 12 02 19 20 333  4.9  7.9 99.00 99.00 99.00 999 9999.0 999.0 999.0 999.0 99.0 99.00
2008 12 02 20 00 297  5.0  7.4 99.00 99.00 99.00 999 9999.0   5.5   7.4 999.0 99.0 99.00
2008 12 02 20 10 299  4.5  6.4 99.00 99.00 99.00 999 9999.0 999.0 999.0 999.0 99.0 99.00
2008 12 02 20 20 311  4.8  6.4 99.00 99.00 99.00 999 9999.0 999.0 999.0 999.0 99.0 99.00
2008 12 02 21 00 318  3.8  5.9 99.00 99.00 99.00 999 9999.0   5.5   7.4 999.0 99.0 99.00
2008 12 02 21 10 307  4.0  6.1 99.00 99.00 99.00 999 9999.0 999.0 999.0 999.0 99.0 99.00
2008 12 02 21 20 332  4.0  5.2 99.00 99.00 99.00 999 9999.0 999.0 999.0 999.0 99.0 99.00
2008 12 02 22 00 334  3.2  4.1 99.00 99.00 99.00 999 9999.0   5.1   7.3 999.0 99.0 99.00
2008 12 02 22 10 335  2.9  3.6 99.00 99.00 99.00 999 9999.0 999.0 999.0 999.0 99.0 99.00
2008 12 02 22 20 327  2.6  3.4 99.00 99.00 99.00 999 9999.0 999.0 999.0 999.0 99.0 99.00
2008 12 02 23 00 319  1.9  2.6 99.00 99.00 99.00 999 9999.0   4.7   7.3 999.0 99.0 99.00
2008 12 02 23 10 332  1.7  2.2 99.00 99.00 99.00 999 9999.0 999.0 999.0 999.0 99.0 99.00
2008 12 02 23 20 337  1.9  2.4 99.00 99.00 99.00 999 9999.0 999.0 999.0 999.0 99.0 99.00
2008 12 03 00 00 343  2.0  2.7 99.00 99.00 99.00 999 9999.0   4.4   7.3 999.0 99.0 99.00
2008 12 03 00 10 349  2.0  2.7 99.00 99.00 99.00 999 9999.0 999.0 999.0 999.0 99.0 99.00
2008 12 03 00 20 346  1.9  3.1 99.00 99.00 99.00 999 9999.0 999.0 999.0 999.0 99.0 99.00
2008 12 03 01 00 280  1.2  2.2 99.00 99.00 99.00 999 9999.0   3.9   7.3 999.0 99.0 99.00
2008 12 03 01 10 294  1.5  1.9 99.00 99.00 99.00 999 9999.0 999.0 999.0 999.0 99.0 99.00
2008 12 03 01 20 277  1.5  2.0 99.00 99.00 99.00 999 9999.0 999.0 999.0 999.0 99.0 99.00
2008 12 03 02 00 305  1.4  1.8 99.00 99.00 99.00 999 9999.0   3.5   7.2 999.0 99.0 99.00
2008 12 03 02 10 313  1.4  1.8 99.00 99.00 99.00 999 9999.0 999.0 999.0 999.0 99.0 99.00
2008 12 03 02 20 332  1.3  1.7 99.00 99.00 99.00 999 9999.0 999.0 999.0 999.0 99.0 99.00
2008 12 03 03 00 313  1.8  2.3 99.00 99.00 99.00 999 9999.0   3.2   7.1 999.0 99.0 99.00
2008 12 03 03 10 317  1.9  2.5 99.00 99.00 99.00 999 9999.0 999.0 999.0 999.0 99.0 99.00
2008 12 03 03 20 298  2.0  2.6 99.00 99.00 99.00 999 9999.0 999.0 999.0 999.0 99.0 99.00
2008 12 03 04 00 271  1.9  2.2 99.00 99.00 99.00 999 9999.0   3.0   7.1 999.0 99.0 99.00
2008 12 03 04 10 279  2.2  2.7 99.00 99.00 99.00 999 9999.0 999.0 999.0 999.0 99.0 99.00
2008 12 03 04 20 295  2.6  3.3 99.00 99.00 99.00 999 9999.0 999.0 999.0 999.0 99.0 99.00
2008 12 03 05 00 289  2.5  3.0 99.00 99.00 99.00 999 9999.0   3.1   7.1 999.0 99.0 99.00
2008 12 03 05 10 291  2.1  2.7 99.00 99.00 99.00 999 9999.0 999.0 999.0 999.0 99.0 99.00
2008 12 03 05 20 289  2.2  2.8 99.00 99.00 99.00 999 9999.0 999.0 999.0 999.0 99.0 99.00
2008 12 03 06 00 264  2.3  2.9 99.00 99.00 99.00 999 9999.0   2.6   7.1 999.0 99.0 99.00
2008 12 03 06 10 261  2.5  2.9 99.00 99.00 99.00 999 9999.0 999.0 999.0 999.0 99.0 99.00
2008 12 03 06 20 255  2.5  3.0 99.00 99.00 99.00 999 9999.0 999.0 999.0 999.0 99.0 99.00
2008 12 03 07 00 264  2.5  2.9 99.00 99.00 99.00 999 9999.0   1.8   7.1 999.0 99.0 99.00
2008 12 03 07 10 268  2.4  2.8 99.00 99.00 99.00 999 9999.0 999.0 999.0 999.0 99.0 99.00
2008 12 03 07 20 272  2.5  2.8 99.00 99.00 99.00 999 9999.0 999.0 999.0 999.0 99.0 99.00
2008 12 03 08 00 302  1.6  2.9 99.00 99.00 99.00 999 9999.0   1.5   7.1 999.0 99.0 99.00
2008 12 03 08 10 306  1.6  2.4 99.00 99.00 99.00 999 9999.0 999.0 999.0 999.0 99.0 99.00
2008 12 03 08 20 352  0.5  1.5 99.00 99.00 99.00 999 9999.0 999.0 999.0 999.0 99.0 99.00
2008 12 03 09 00 285  2.1  2.8 99.00 99.00 99.00 999 9999.0   1.4   7.1 999.0 99.0 99.00
2008 12 03 09 10 290  2.0  2.7 99.00 99.00 99.00 999 9999.0 999.0 999.0 999.0 99.0 99.00
2008 12 03 09 20 290  2.2  2.9 99.00 99.00 99.00 999 9999.0 999.0 999.0 999.0 99.0 99.00
2008 12 03 10 00 290  2.0  2.6 99.00 99.00 99.00 999 9999.0   1.2   7.1 999.0 99.0 99.00
2008 12 03 10 10 276  2.2  2.8 99.00 99.00 99.00 999 9999.0 999.0 999.0 999.0 99.0 99.00
2008 12 03 10 20 270  2.3  2.9 99.00 99.00 99.00 999 9999.0 999.0 999.0 999.0 99.0 99.00
2008 12 03 11 00 275  2.5  2.9 99.00 99.00 99.00 999 9999.0   0.9   7.1 999.0 99.0 99.00
2008 12 03 11 10 269  2.5  3.1 99.00 99.00 99.00 999 9999.0 999.0 999.0 999.0 99.0 99.00
2008 12 03 11 20 263  2.7  3.1 99.00 99.00 99.00 999 9999.0 999.0 999.0 999.0 99.0 99.00
2008 12 03 12 00 259  3.0  3.5 99.00 99.00 99.00 999 9999.0   0.2   7.1 999.0 99.0 99.00
2008 12 03 12 10 260  2.9  3.5 99.00 99.00 99.00 999 9999.0 999.0 999.0 999.0 99.0 99.00
2008 12 03 12 20 260  3.2  4.0 99.00 99.00 99.00 999 9999.0 999.0 999.0 999.0 99.0 99.00
2008 12 03 13 00 285  2.4  2.9 99.00 99.00 99.00 999 9999.0   0.4   7.1 999.0 99.0 99.00
2008 12 03 13 10 297  2.5  3.1 99.00 99.00 99.00 999 9999.0 999.0 999.0 999.0 99.0 99.00
2008 12 03 13 20 296  2.3  2.8 99.00 99.00 99.00 999 9999.0 999.0 999.0 999.0 99.0 99.00
2008 12 03 14 00 307  2.1  2.7 99.00 99.00 99.00 999 9999.0   2.4   7.2 999.0 99.0 99.00
2008 12 03 14 10 297  2.4  3.3 99.00 99.00 99.00 999 9999.0 999.0 999.0 999.0 99.0 99.00
2008 12 03 14 20 287  2.7  3.9 99.00 99.00 99.00 999 9999.0 999.0 999.0 999.0 99.0 99.00
2008 12 03 15 00 221  2.4  3.1 99.00 99.00 99.00 999 9999.0   3.8   7.2 999.0 99.0 99.00
2008 12 03 15 10 212  1.8  2.8 99.00 99.00 99.00 999 9999.0 999.0 999.0 999.0 99.0 99.00
2008 12 03 15 20 206  2.0  2.9 99.00 99.00 99.00 999 9999.0 999.0 999.0 999.0 99.0 99.00
2008 12 03 16 00 216  2.8  3.6 99.00 99.00 99.00 999 9999.0   4.3   7.3 999.0 99.0 99.00
2008 12 03 16 10 211  3.6  4.2 99.00 99.00 99.00 999 9999.0 999.0 999.0 999.0 99.0 99.00
2008 12 03 16 20 207  3.9  5.0 99.00 99.00 99.00 999 9999.0 999.0 999.0 999.0 99.0 99.00
2008 12 03 17 00 194  4.5  5.5 99.00 99.00 99.00 999 9999.0   5.2   7.3 999.0 99.0 99.00
2008 12 03 17 10 191  4.4  5.8 99.00 99.00 99.00 999 9999.0 999.0 999.0 999.0 99.0 99.00
2008 12 03 17 20 218  5.2  6.2 99.00 99.00 99.00 999 9999.0 999.0 999.0 999.0 99.0 99.00
2008 12 03 18 00 209  6.6  7.7 99.00 99.00 99.00 999 9999.0   5.6   7.3 999.0 99.0 99.00
2008 12 03 18 10 206  6.6  7.9 99.00 99.00 99.00 999 9999.0 999.0 999.0 999.0 99.0 99.00
2008 12 03 18 20 207  6.3  7.4 99.00 99.00 99.00 999 9999.0 999.0 999.0 999.0 99.0 99.00
2008 12 03 19 00 222  5.5  6.7 99.00 99.00 99.00 999 9999.0   6.3   7.3 999.0 99.0 99.00
2008 12 03 19 10 220  5.7  6.5 99.00 99.00 99.00 999 9999.0 999.0 999.0 999.0 99.0 99.00
2008 12 03 19 20 220  5.6  6.6 99.00 99.00 99.00 999 9999.0 999.0 999.0 999.0 99.0 99.00
2008 12 03 20 00 215  5.4  6.5 99.00 99.00 99.00 999 9999.0   6.7   7.3 999.0 99.0 99.00
2008 12 03 20 10 222  5.3  6.9 99.00 99.00 99.00 999 9999.0 999.0 999.0 999.0 99.0 99.00
2008 12 03 20 20 230  5.1  6.1 99.00 99.00 99.00 999 9999.0 999.0 999.0 999.0 99.0 99.00
2008 12 03 21 00 218  4.7  5.9 99.00 99.00 99.00 999 9999.0   6.8   7.3 999.0 99.0 99.00
2008 12 03 21 10 216  4.9  5.8 99.00 99.00 99.00 999 9999.0 999.0 999.0 999.0 99.0 99.00
2008 12 03 21 20 216  4.7  5.7 99.00 99.00 99.00 999 9999.0 999.0 999.0 999.0 99.0 99.00
2008 12 03 22 00 204  4.5  5.5 99.00 99.00 99.00 999 9999.0   6.1   7.2 999.0 99.0 99.00
2008 12 03 22 10 198  4.9  5.8 99.00 99.00 99.00 999 9999.0 999.0 999.0 999.0 99.0 99.00
2008 12 03 22 20 204  4.8  5.7 99.00 99.00 99.00 999 9999.0 999.0 999.0 999.0 99.0 99.00
2008 12 03 23 00 209  5.3  6.3 99.00 99.00 99.00 999 9999.0   5.6   7.1 999.0 99.0 99.00
2008 12 03 23 10 208  5.4  6.7 99.00 99.00 99.00 999 9999.0 999.0 999.0 999.0 99.0 99.00
2008 12 03 23 20 211  5.5  6.8 99.00 99.00 99.00 999 9999.0 999.0 999.0 999.0 99.0 99.00
2008 12 04 00 00 214  5.4  6.6 99.00 99.00 99.00 999 9999.0   5.5   7.0 999.0 99.0 99.00
2008 12 04 00 10 214  5.9  7.5 99.00 99.00 99.00 999 9999.0 999.0 999.0 999.0 99.0 99.00
2008 12 04 00 20 217  6.0  7.2 99.00 99.00 99.00 999 9999.0 999.0 999.0 999.0 99.0 99.00
2008 12 04 01 00 215  5.3  6.4 99.00 99.00 99.00 999 9999.0   5.1   7.0 999.0 99.0 99.00
2008 12 04 01 10 213  5.4  6.8 99.00 99.00 99.00 999 9999.0 999.0 999.0 999.0 99.0 99.00
2008 12 04 01 20 212  5.2  6.3 99.00 99.00 99.00 999 9999.0 999.0 999.0 999.0 99.0 99.00
2008 12 04 02 00 209  5.2  6.1 99.00 99.00 99.00 999 9999.0   4.6   7.1 999.0 99.0 99.00
2008 12 04 02 10 208  5.1  6.3 99.00 99.00 99.00 999 9999.0 999.0 999.0 999.0 99.0 99.00
2008 12 04 02 20 208  5.1  6.0 99.00 99.00 99.00 999 9999.0 999.0 999.0 999.0 99.0 99.00
2008 12 04 03 00 209  4.4  5.6 99.00 99.00 99.00 999 9999.0   4.3   7.0 999.0 99.0 99.00
2008 12 04 03 10 208  4.2  5.5 99.00 99.00 99.00 999 9999.0 999.0 999.0 999.0 99.0 99.00
2008 12 04 03 20 205  4.1  5.1 99.00 99.00 99.00 999 9999.0 999.0 999.0 999.0 99.0 99.00
2008 12 04 04 00 193  4.8  5.6 99.00 99.00 99.00 999 9999.0   4.0   6.9 999.0 99.0 99.00
2008 12 04 04 10 191  5.1  6.4 99.00 99.00 99.00 999 9999.0 999.0 999.0 999.0 99.0 99.00
2008 12 04 04 20 190  5.3  6.2 99.00 99.00 99.00 999 9999.0 999.0 999.0 999.0 99.0 99.00
2008 12 04 05 00 203  4.2  5.4 99.00 99.00 99.00 999 9999.0   4.2   6.9 999.0 99.0 99.00
2008 12 04 05 10 203  4.3  5.2 99.00 99.00 99.00 999 9999.0 999.0 999.0 999.0 99.0 99.00
2008 12 04 05 20 200  4.6  5.5 99.00 99.00 99.00 999 9999.0 999.0 999.0 999.0 99.0 99.00
2008 12 04 06 00 191  4.1  4.8 99.00 99.00 99.00 999 9999.0   4.0   6.9 999.0 99.0 99.00
2008 12 04 06 10 189  4.3  5.0 99.00 99.00 99.00 999 9999.0 999.0 999.0 999.0 99.0 99.00
2008 12 04 06 20 189  4.3  5.7 99.00 99.00 99.00 999 9999.0 999.0 999.0 999.0 99.0 99.00
2008 12 04 07 00 190  4.3  5.6 99.00 99.00 99.00 999 9999.0   4.3   6.7 999.0 99.0 99.00
2008 12 04 07 10 193  3.8  4.5 99.00 99.00 99.00 999 9999.0 999.0 999.0 999.0 99.0 99.00
2008 12 04 07 20 194  4.2  5.2 99.00 99.00 99.00 999 9999.0 999.0 999.0 999.0 99.0 99.00
2008 12 04 08 00 200  4.0  4.7 99.00 99.00 99.00 999 9999.0   4.9   6.6 999.0 99.0 99.00
2008 12 04 08 10 201  3.6  4.5 99.00 99.00 99.00 999 9999.0 999.0 999.0 999.0 99.0 99.00
2008 12 04 08 20 203  3.6  4.2 99.00 99.00 99.00 999 9999.0 999.0 999.0 999.0 99.0 99.00
2008 12 04 09 00 220  4.5  6.2 99.00 99.00 99.00 999 9999.0   5.9   6.5 999.0 99.0 99.00
2008 12 04 09 10 219  5.0  6.3 99.00 99.00 99.00 999 9999.0 999.0 999.0 999.0 99.0 99.00
2008 12 04 09 20 223  4.8  6.1 99.00 99.00 99.00 999 9999.0 999.0 999.0 999.0 99.0 99.00
2008 12 04 10 00 220  5.1  6.8 99.00 99.00 99.00 999 9999.0   6.4   6.5 999.0 99.0 99.00
2008 12 04 10 10 220  4.6  5.9 99.00 99.00 99.00 999 9999.0 999.0 999.0 999.0 99.0 99.00
2008 12 04 10 20 217  4.4  5.3 99.00 99.00 99.00 999 9999.0 999.0 999.0 999.0 99.0 99.00
2008 12 04 11 00 226  4.2  5.9 99.00 99.00 99.00 999 9999.0   6.3   6.4 999.0 99.0 99.00
2008 12 04 11 10 220  6.0  7.5 99.00 99.00 99.00 999 9999.0 999.0 999.0 999.0 99.0 99.00
2008 12 04 11 20 225  6.6  8.3 99.00 99.00 99.00 999 9999.0 999.0 999.0 999.0 99.0 99.00
2008 12 04 12 00 226  5.3  7.0 99.00 99.00 99.00 999 9999.0   6.0   6.3 999.0 99.0 99.00
2008 12 04 12 10 231  5.1  6.2 99.00 99.00 99.00 999 9999.0 999.0 999.0 999.0 99.0 99.00
2008 12 04 12 20 230  4.9  6.3 99.00 99.00 99.00 999 9999.0 999.0 999.0 999.0 99.0 99.00
2008 12 04 13 00 219  6.9  8.6 99.00 99.00 99.00 999 9999.0   6.2   6.3 999.0 99.0 99.00
2008 12 04 13 10 226  6.5  8.5 99.00 99.00 99.00 999 9999.0 999.0 999.0 999.0 99.0 99.00
2008 12 04 13 20 229  7.0  8.5 99.00 99.00 99.00 999 9999.0 999.0 999.0 999.0 99.0 99.00
2008 12 04 14 00 233  6.5  8.0 99.00 99.00 99.00 999 9999.0   6.4   6.3 999.0 99.0 99.00
2008 12 04 14 20 230  6.5  8.2 99.00 99.00 99.00 999 9999.0 999.0 999.0 999.0 99.0 99.00
2008 12 04 15 00 234  6.1  7.5 99.00 99.00 99.00 999 9999.0   6.7   6.4 999.0 99.0 99.00
2008 12 04 15 10 230  5.6  6.8 99.00 99.00 99.00 999 9999.0 999.0 999.0 999.0 99.0 99.00
2008 12 04 15 20 227  5.2  6.5 99.00 99.00 99.00 999 9999.0 999.0 999.0 999.0 99.0 99.00
2008 12 04 16 00 227  3.1  3.9 99.00 99.00 99.00 999 9999.0   7.1   6.5 999.0 99.0 99.00
2008 12 04 16 10 214  3.7  4.6 99.00 99.00 99.00 999 9999.0 999.0 999.0 999.0 99.0 99.00
2008 12 04 16 20 216  3.1  3.9 99.00 99.00 99.00 999 9999.0 999.0 999.0 999.0 99.0 99.00
2008 12 04 17 00 199  4.0  4.9 99.00 99.00 99.00 999 9999.0   7.4   6.6 999.0 99.0 99.00
2008 12 04 17 10 195  3.4  4.6 99.00 99.00 99.00 999 9999.0 999.0 999.0 999.0 99.0 99.00
2008 12 04 17 20 199  3.7  4.6 99.00 99.00 99.00 999 9999.0 999.0 999.0 999.0 99.0 99.00
2008 12 04 18 00 192  4.2  5.2 99.00 99.00 99.00 999 9999.0   7.3   6.7 999.0 99.0 99.00
2008 12 04 18 10 192  3.9  4.7 99.00 99.00 99.00 999 9999.0 999.0 999.0 999.0 99.0 99.00
2008 12 04 18 20 194  3.8  4.5 99.00 99.00 99.00 999 9999.0 999.0 999.0 999.0 99.0 99.00
2008 12 04 19 00 190  3.3  3.9 99.00 99.00 99.00 999 9999.0   7.7   6.7 999.0 99.0 99.00
2008 12 04 19 10 194  3.1  3.6 99.00 99.00 99.00 999 9999.0 999.0 999.0 999.0 99.0 99.00
2008 12 04 19 20 202  3.1  3.5 99.00 99.00 99.00 999 9999.0 999.0 999.0 999.0 99.0 99.00
2008 12 04 20 00 200  2.5  2.8 99.00 99.00 99.00 999 9999.0   7.7   6.7 999.0 99.0 99.00
2008 12 04 20 10 204  2.3  2.7 99.00 99.00 99.00 999 9999.0 999.0 999.0 999.0 99.0 99.00
2008 12 04 20 20 209  2.3  2.7 99.00 99.00 99.00 999 9999.0 999.0 999.0 999.0 99.0 99.00
2008 12 04 21 00 198  2.0  2.4 99.00 99.00 99.00 999 9999.0   7.7   6.6 999.0 99.0 99.00
2008 12 04 21 10 190  1.7  2.0 99.00 99.00 99.00 999 9999.0 999.0 999.0 999.0 99.0 99.00
2008 12 04 21 20 198  1.4  1.8 99.00 99.00 99.00 999 9999.0 999.0 999.0 999.0 99.0 99.00
2008 12 04 22 00 220  1.7  2.0 99.00 99.00 99.00 999 9999.0   7.7   6.6 999.0 99.0 99.00
2008 12 04 22 10 251  1.6  2.1 99.00 99.00 99.00 999 9999.0 999.0 999.0 999.0 99.0 99.00
2008 12 04 22 20 273  1.5  1.7 99.00 99.00 99.00 999 9999.0 999.0 999.0 999.0 99.0 99.00
2008 12 04 23 00 351  2.8  3.1 99.00 99.00 99.00 999 9999.0   7.6   6.5 999.0 99.0 99.00
2008 12 04 23 10 355  2.7  3.3 99.00 99.00 99.00 999 9999.0 999.0 999.0 999.0 99.0 99.00
2008 12 04 23 20 354  4.4  5.9 99.00 99.00 99.00 999 9999.0 999.0 999.0 999.0 99.0 99.00
2008 12 05 00 00 344  3.4  5.0 99.00 99.00 99.00 999 9999.0   7.3   6.3 999.0 99.0 99.00
2008 12 05 00 10 352  3.6  4.8 99.00 99.00 99.00 999 9999.0 999.0 999.0 999.0 99.0 99.00
2008 12 05 00 20 357  3.4  4.4 99.00 99.00 99.00 999 9999.0 999.0 999.0 999.0 99.0 99.00
2008 12 05 01 00 342  2.9  3.9 99.00 99.00 99.00 999 9999.0   6.6   6.3 999.0 99.0 99.00
2008 12 05 01 10 340  2.7  3.5 99.00 99.00 99.00 999 9999.0 999.0 999.0 999.0 99.0 99.00
2008 12 05 01 20 339  2.7  3.2 99.00 99.00 99.00 999 9999.0 999.0 999.0 999.0 99.0 99.00
2008 12 05 02 00 354  6.1  7.7 99.00 99.00 99.00 999 9999.0   6.1   6.3 999.0 99.0 99.00
2008 12 05 02 10 354  5.1  7.1 99.00 99.00 99.00 999 9999.0 999.0 999.0 999.0 99.0 99.00
2008 12 05 02 20 349  4.3  5.6 99.00 99.00 99.00 999 9999.0 999.0 999.0 999.0 99.0 99.00
2008 12 05 03 00 318  4.5  6.2 99.00 99.00 99.00 999 9999.0   5.5   6.2 999.0 99.0 99.00
2008 12 05 03 10 316  4.0  5.3 99.00 99.00 99.00 999 9999.0 999.0 999.0 999.0 99.0 99.00
2008 12 05 03 20 323  4.7  7.3 99.00 99.00 99.00 999 9999.0 999.0 999.0 999.0 99.0 99.00
2008 12 05 04 00 326  4.9  6.2 99.00 99.00 99.00 999 9999.0   5.1   6.2 999.0 99.0 99.00
2008 12 05 04 10 326  4.1  6.4 99.00 99.00 99.00 999 9999.0 999.0 999.0 999.0 99.0 99.00
2008 12 05 04 20 326  3.4  4.1 99.00 99.00 99.00 999 9999.0 999.0 999.0 999.0 99.0 99.00
2008 12 05 05 00 345  2.9  3.7 99.00 99.00 99.00 999 9999.0   5.4   6.1 999.0 99.0 99.00
2008 12 05 05 10 352  3.1  5.3 99.00 99.00 99.00 999 9999.0 999.0 999.0 999.0 99.0 99.00
2008 12 05 05 20 358  4.0  6.4 99.00 99.00 99.00 999 9999.0 999.0 999.0 999.0 99.0 99.00
2008 12 05 06 00 346  7.1 11.1 99.00 99.00 99.00 999 9999.0   5.0   6.1 999.0 99.0 99.00
2008 12 05 06 10 340  6.2 10.0 99.00 99.00 99.00 999 9999.0 999.0 999.0 999.0 99.0 99.00
2008 12 05 06 20 334  6.1  8.9 99.00 99.00 99.00 999 9999.0 999.0 999.0 999.0 99.0 99.00
2008 12 05 07 00 338  5.8  8.2 99.00 99.00 99.00 999 9999.0   4.3   6.0 999.0 99.0 99.00
2008 12 05 07 10 339  4.7  7.0 99.00 99.00 99.00 999 9999.0 999.0 999.0 999.0 99.0 99.00
2008 12 05 07 20 333  3.9  6.0 99.00 99.00 99.00 999 9999.0 999.0 999.0 999.0 99.0 99.00
2008 12 05 08 00 319  3.1  4.3 99.00 99.00 99.00 999 9999.0   3.5   6.0 999.0 99.0 99.00
2008 12 05 08 10 328  3.2  5.2 99.00 99.00 99.00 999 9999.0 999.0 999.0 999.0 99.0 99.00
2008 12 05 08 20 327  3.4  4.7 99.00 99.00 99.00 999 9999.0 999.0 999.0 999.0 99.0 99.00
2008 12 05 09 00 321  3.0  3.9 99.00 99.00 99.00 999 9999.0   2.8   6.0 999.0 99.0 99.00
2008 12 05 09 10 309  2.3  3.2 99.00 99.00 99.00 999 9999.0 999.0 999.0 999.0 99.0 99.00
2008 12 05 09 20 310  2.1  3.6 99.00 99.00 99.00 999 9999.0 999.0 999.0 999.0 99.0 99.00
2008 12 05 10 00 315  2.6  3.3 99.00 99.00 99.00 999 9999.0   2.2   6.0 999.0 99.0 99.00
2008 12 05 10 10 315  2.6  3.3 99.00 99.00 99.00 999 9999.0 999.0 999.0 999.0 99.0 99.00
2008 12 05 10 20 315  2.3  3.0 99.00 99.00 99.00 999 9999.0 999.0 999.0 999.0 99.0 99.00
2008 12 05 11 00 306  2.5  3.2 99.00 99.00 99.00 999 9999.0   1.8   5.9 999.0 99.0 99.00
2008 12 05 11 10 297  2.2  2.9 99.00 99.00 99.00 999 9999.0 999.0 999.0 999.0 99.0 99.00
2008 12 05 11 20 288  2.3  2.9 99.00 99.00 99.00 999 9999.0 999.0 999.0 999.0 99.0 99.00
2008 12 05 12 00 284  2.1  2.4 99.00 99.00 99.00 999 9999.0   1.3   5.8 999.0 99.0 99.00
2008 12 05 12 10 291  1.9  2.4 99.00 99.00 99.00 999 9999.0 999.0 999.0 999.0 99.0 99.00
2008 12 05 12 20 297  1.5  1.9 99.00 99.00 99.00 999 9999.0 999.0 999.0 999.0 99.0 99.00
2008 12 05 13 00 303  2.1  2.5 99.00 99.00 99.00 999 9999.0   1.6   5.7 999.0 99.0 99.00
2008 12 05 13 10 305  2.2  2.7 99.00 99.00 99.00 999 9999.0 999.0 999.0 999.0 99.0 99.00
2008 12 05 13 20 304  2.0  2.6 99.00 99.00 99.00 999 9999.0 999.0 999.0 999.0 99.0 99.00
2008 12 05 14 00 316  4.1  5.9 99.00 99.00 99.00 999 9999.0   1.9   5.9 999.0 99.0 99.00
2008 12 05 14 10 320  4.6  6.9 99.00 99.00 99.00 999 9999.0 999.0 999.0 999.0 99.0 99.00
2008 12 05 14 20 319  3.8  5.2 99.00 99.00 99.00 999 9999.0 999.0 999.0 999.0 99.0 99.00
2008 12 05 15 00 330  4.3  6.4 99.00 99.00 99.00 999 9999.0   2.2   6.0 999.0 99.0 99.00
2008 12 05 15 10 329  3.7  5.1 99.00 99.00 99.00 999 9999.0 999.0 999.0 999.0 99.0 99.00
2008 12 05 15 20 339  3.9  6.0 99.00 99.00 99.00 999 9999.0 999.0 999.0 999.0 99.0 99.00
2008 12 05 16 00 355  4.8  6.4 99.00 99.00 99.00 999 9999.0   2.8   6.1 999.0 99.0 99.00
2008 12 05 16 10 357  5.0  6.6 99.00 99.00 99.00 999 9999.0 999.0 999.0 999.0 99.0 99.00
2008 12 05 16 20 351  5.1  6.2 99.00 99.00 99.00 999 9999.0 999.0 999.0 999.0 99.0 99.00
2008 12 05 17 00 334  4.4  7.5 99.00 99.00 99.00 999 9999.0   3.1   6.1 999.0 99.0 99.00
2008 12 05 17 10 341  5.4  6.9 99.00 99.00 99.00 999 9999.0 999.0 999.0 999.0 99.0 99.00
2008 12 05 17 20 319  4.5  6.9 99.00 99.00 99.00 999 9999.0 999.0 999.0 999.0 99.0 99.00
2008 12 05 18 00 352  3.7  5.6 99.00 99.00 99.00 999 9999.0   3.0   6.1 999.0 99.0 99.00
2008 12 05 18 10 322  4.2  6.3 99.00 99.00 99.00 999 9999.0 999.0 999.0 999.0 99.0 99.00
2008 12 05 18 20 332  4.6  7.0 99.00 99.00 99.00 999 9999.0 999.0 999.0 999.0 99.0 99.00
2008 12 05 19 00 342  5.4  7.9 99.00 99.00 99.00 999 9999.0   2.7   6.2 999.0 99.0 99.00
2008 12 05 19 10 333  5.4  7.2 99.00 99.00 99.00 999 9999.0 999.0 999.0 999.0 99.0 99.00
2008 12 05 19 20 321  5.0  6.4 99.00 99.00 99.00 999 9999.0 999.0 999.0 999.0 99.0 99.00
2008 12 05 20 00 310  3.5  5.4 99.00 99.00 99.00 999 9999.0   2.5   6.2 999.0 99.0 99.00
2008 12 05 20 10 323  3.8  5.6 99.00 99.00 99.00 999 9999.0 999.0 999.0 999.0 99.0 99.00
2008 12 05 20 20 328  4.8  6.7 99.00 99.00 99.00 999 9999.0 999.0 999.0 999.0 99.0 99.00
2008 12 05 21 00 346  4.6  6.1 99.00 99.00 99.00 999 9999.0   2.3   6.2 999.0 99.0 99.00
2008 12 05 21 10 348  4.1  5.8 99.00 99.00 99.00 999 9999.0 999.0 999.0 999.0 99.0 99.00
2008 12 05 21 20 344  4.4  6.4 99.00 99.00 99.00 999 9999.0 999.0 999.0 999.0 99.0 99.00
2008 12 05 22 00 999 99.0 99.0 99.00 99.00 99.00 999 9999.0 999.0   6.1 999.0 99.0 99.00
2008 12 05 22 10 328  2.9  4.3 99.00 99.00 99.00 999 9999.0 999.0 999.0 999.0 99.0 99.00
2008 12 05 23 00 341  4.1  5.3 99.00 99.00 99.00 999 9999.0   1.6   6.1 999.0 99.0 99.00
2008 12 05 23 10 344  4.7  5.5 99.00 99.00 99.00 999 9999.0 999.0 999.0 999.0 99.0 99.00
2008 12 05 23 20 350  3.9  5.4 99.00 99.00 99.00 999 9999.0 999.0 999.0 999.0 99.0 99.00
2008 12 06 00 00 348  3.3  4.4 99.00 99.00 99.00 999 9999.0   1.2   6.1 999.0 99.0 99.00
2008 12 06 00 10   6  2.6  3.9 99.00 99.00 99.00 999 9999.0 999.0 999.0 999.0 99.0 99.00
2008 12 06 00 20   4  2.6  3.5 99.00 99.00 99.00 999 9999.0 999.0 999.0 999.0 99.0 99.00
2008 12 06 01 00 342  2.8  3.7 99.00 99.00 99.00 999 9999.0   0.7   6.0 999.0 99.0 99.00
2008 12 06 01 10 335  2.6  3.6 99.00 99.00 99.00 999 9999.0 999.0 999.0 999.0 99.0 99.00
2008 12 06 01 20 341  2.5  3.2 99.00 99.00 99.00 999 9999.0 999.0 999.0 999.0 99.0 99.00
2008 12 06 02 00 301  1.9  2.6 99.00 99.00 99.00 999 9999.0   0.1   5.9 999.0 99.0 99.00
2008 12 06 02 10 318  1.6  2.4 99.00 99.00 99.00 999 9999.0 999.0 999.0 999.0 99.0 99.00
2008 12 06 02 20 319  2.0  2.4 99.00 99.00 99.00 999 9999.0 999.0 999.0 999.0 99.0 99.00
2008 12 06 03 00 312  1.9  2.6 99.00 99.00 99.00 999 9999.0  -0.2   5.8 999.0 99.0 99.00
2008 12 06 03 10 324  2.1  2.8 99.00 99.00 99.00 999 9999.0 999.0 999.0 999.0 99.0 99.00
2008 12 06 03 20 343  2.0  3.6 99.00 99.00 99.00 999 9999.0 999.0 999.0 999.0 99.0 99.00
2008 12 06 04 00 297  1.9  2.6 99.00 99.00 99.00 999 9999.0  -0.5   5.8 999.0 99.0 99.00
2008 12 06 04 10 294  1.8  3.1 99.00 99.00 99.00 999 9999.0 999.0 999.0 999.0 99.0 99.00
2008 12 06 04 20 306  2.5  3.3 99.00 99.00 99.00 999 9999.0 999.0 999.0 999.0 99.0 99.00
2008 12 06 05 00 292  2.5  3.2 99.00 99.00 99.00 999 9999.0  -1.4   5.7 999.0 99.0 99.00
2008 12 06 05 10 307  2.5  3.2 99.00 99.00 99.00 999 9999.0 999.0 999.0 999.0 99.0 99.00
2008 12 06 05 20 310  2.6  3.4 99.00 99.00 99.00 999 9999.0 999.0 999.0 999.0 99.0 99.00
2008 12 06 06 00 345  4.4  5.8 99.00 99.00 99.00 999 9999.0  -1.5   5.7 999.0 99.0 99.00
2008 12 06 06 10 352  4.2  5.3 99.00 99.00 99.00 999 9999.0 999.0 999.0 999.0 99.0 99.00
2008 12 06 06 20 338  4.8  5.6 99.00 99.00 99.00 999 9999.0 999.0 999.0 999.0 99.0 99.00
2008 12 06 07 00 340  4.8  6.2 99.00 99.00 99.00 999 9999.0  -2.1   5.6 999.0 99.0 99.00
2008 12 06 07 20 343  3.6  4.6 99.00 99.00 99.00 999 9999.0 999.0 999.0 999.0 99.0 99.00
2008 12 06 08 00 339  4.0  5.0 99.00 99.00 99.00 999 9999.0  -2.3   5.6 999.0 99.0 99.00
2008 12 06 08 10 345  3.8  4.9 99.00 99.00 99.00 999 9999.0 999.0 999.0 999.0 99.0 99.00
2008 12 06 08 20 355  3.4  4.7 99.00 99.00 99.00 999 9999.0 999.0 999.0 999.0 99.0 99.00
2008 12 06 09 00 329  2.6  3.6 99.00 99.00 99.00 999 9999.0  -2.8   5.5 999.0 99.0 99.00
2008 12 06 09 10 320  2.0  2.9 99.00 99.00 99.00 999 9999.0 999.0 999.0 999.0 99.0 99.00
2008 12 06 09 20 338  1.9  2.8 99.00 99.00 99.00 999 9999.0 999.0 999.0 999.0 99.0 99.00
2008 12 06 10 00  41  2.1  2.7 99.00 99.00 99.00 999 9999.0  -3.2   5.6 999.0 99.0 99.00
2008 12 06 10 10  36  2.4  3.0 99.00 99.00 99.00 999 9999.0 999.0 999.0 999.0 99.0 99.00
2008 12 06 10 20  38  1.9  2.5 99.00 99.00 99.00 999 9999.0 999.0 999.0 999.0 99.0 99.00
2008 12 06 11 00  54  0.9  1.6 99.00 99.00 99.00 999 9999.0  -3.2   5.5 999.0 99.0 99.00
2008 12 06 11 10  21  0.8  1.4 99.00 99.00 99.00 999 9999.0 999.0 999.0 999.0 99.0 99.00
2008 12 06 11 20  14  1.1  1.8 99.00 99.00 99.00 999 9999.0 999.0 999.0 999.0 99.0 99.00
2008 12 06 12 00  28  1.9  2.6 99.00 99.00 99.00 999 9999.0  -3.3   5.5 999.0 99.0 99.00
2008 12 06 12 10  43  1.6  2.1 99.00 99.00 99.00 999 9999.0 999.0 999.0 999.0 99.0 99.00
2008 12 06 12 20  41  1.3  1.7 99.00 99.00 99.00 999 9999.0 999.0 999.0 999.0 99.0 99.00
2008 12 06 13 00  39  1.3  1.8 99.00 99.00 99.00 999 9999.0  -3.6   5.5 999.0 99.0 99.00
2008 12 06 13 10  13  1.2  1.8 99.00 99.00 99.00 999 9999.0 999.0 999.0 999.0 99.0 99.00
2008 12 06 13 20  19  1.7  2.5 99.00 99.00 99.00 999 9999.0 999.0 999.0 999.0 99.0 99.00
2008 12 06 14 00  55  1.7  2.4 99.00 99.00 99.00 999 9999.0  -2.3   5.5 999.0 99.0 99.00
2008 12 06 15 00 123  1.8  2.8 99.00 99.00 99.00 999 9999.0  -2.1   5.6 999.0 99.0 99.00
2008 12 06 15 10 104  1.3  2.5 99.00 99.00 99.00 999 9999.0 999.0 999.0 999.0 99.0 99.00
2008 12 06 15 20 149  1.3  2.5 99.00 99.00 99.00 999 9999.0 999.0 999.0 999.0 99.0 99.00
2008 12 06 16 00 168  1.8  3.0 99.00 99.00 99.00 999 9999.0  -1.2   5.7 999.0 99.0 99.00
2008 12 06 16 10 166  1.8  3.1 99.00 99.00 99.00 999 9999.0 999.0 999.0 999.0 99.0 99.00
2008 12 06 16 20 159  1.9  3.1 99.00 99.00 99.00 999 9999.0 999.0 999.0 999.0 99.0 99.00
2008 12 06 17 00 173  2.9  3.9 99.00 99.00 99.00 999 9999.0  -0.8   5.6 999.0 99.0 99.00
2008 12 06 17 10 185  3.3  4.4 99.00 99.00 99.00 999 9999.0 999.0 999.0 999.0 99.0 99.00
2008 12 06 17 20 184  3.2  4.2 99.00 99.00 99.00 999 9999.0 999.0 999.0 999.0 99.0 99.00
2008 12 06 18 00 193  2.6  4.1 99.00 99.00 99.00 999 9999.0  -0.1   5.6 999.0 99.0 99.00
2008 12 06 18 10 181  2.8  4.0 99.00 99.00 99.00 999 9999.0 999.0 999.0 999.0 99.0 99.00
2008 12 06 18 20 177  2.7  4.1 99.00 99.00 99.00 999 9999.0 999.0 999.0 999.0 99.0 99.00
2008 12 06 19 00 195  2.1  3.1 99.00 99.00 99.00 999 9999.0   0.4   5.7 999.0 99.0 99.00
2008 12 06 19 10 200  2.2  3.5 99.00 99.00 99.00 999 9999.0 999.0 999.0 999.0 99.0 99.00
2008 12 06 19 20 207  1.5  2.3 99.00 99.00 99.00 999 9999.0 999.0 999.0 999.0 99.0 99.00
2008 12 06 20 00 128  0.6  1.0 99.00 99.00 99.00 999 9999.0   0.7   5.7 999.0 99.0 99.00
2008 12 06 20 20 261  0.7  1.4 99.00 99.00 99.00 999 9999.0 999.0 999.0 999.0 99.0 99.00
2008 12 06 21 00 232  2.4  3.9 99.00 99.00 99.00 999 9999.0   0.9   5.7 999.0 99.0 99.00
2008 12 06 21 10 221  3.1  4.8 99.00 99.00 99.00 999 9999.0 999.0 999.0 999.0 99.0 99.00
2008 12 06 21 20 208  4.8  6.7 99.00 99.00 99.00 999 9999.0 999.0 999.0 999.0 99.0 99.00
2008 12 06 22 00 216  4.0  5.1 99.00 99.00 99.00 999 9999.0   0.1   5.7 999.0 99.0 99.00
2008 12 06 22 10 219  3.9  4.7 99.00 99.00 99.00 999 9999.0 999.0 999.0 999.0 99.0 99.00
2008 12 06 22 20 228  3.8  5.0 99.00 99.00 99.00 999 9999.0 999.0 999.0 999.0 99.0 99.00
2008 12 06 23 00 224  2.8  3.7 99.00 99.00 99.00 999 9999.0  -0.2   5.6 999.0 99.0 99.00
2008 12 06 23 10 228  3.1  4.0 99.00 99.00 99.00 999 9999.0 999.0 999.0 999.0 99.0 99.00
2008 12 06 23 20 227  3.4  4.2 99.00 99.00 99.00 999 9999.0 999.0 999.0 999.0 99.0 99.00
2008 12 07 00 00 221  3.3  4.6 99.00 99.00 99.00 999 9999.0   0.2   5.6 999.0 99.0 99.00
2008 12 07 00 10 210  3.2  4.2 99.00 99.00 99.00 999 9999.0 999.0 999.0 999.0 99.0 99.00
2008 12 07 01 00 202  4.0  4.7 99.00 99.00 99.00 999 9999.0   0.5   5.6 999.0 99.0 99.00
2008 12 07 01 10 207  4.0  4.7 99.00 99.00 99.00 999 9999.0 999.0 999.0 999.0 99.0 99.00
2008 12 07 01 20 206  4.0  5.1 99.00 99.00 99.00 999 9999.0 999.0 999.0 999.0 99.0 99.00
2008 12 07 02 00 205  4.2  5.3 99.00 99.00 99.00 999 9999.0   0.9   5.6 999.0 99.0 99.00
2008 12 07 02 10 208  4.5  5.7 99.00 99.00 99.00 999 9999.0 999.0 999.0 999.0 99.0 99.00
2008 12 07 02 20 209  4.7  5.7 99.00 99.00 99.00 999 9999.0 999.0 999.0 999.0 99.0 99.00
2008 12 07 03 00 222  3.6  5.0 99.00 99.00 99.00 999 9999.0   1.3   5.6 999.0 99.0 99.00
2008 12 07 03 10 230  3.8  5.0 99.00 99.00 99.00 999 9999.0 999.0 999.0 999.0 99.0 99.00
2008 12 07 03 20 235  3.3  4.2 99.00 99.00 99.00 999 9999.0 999.0 999.0 999.0 99.0 99.00
2008 12 07 04 00 252  3.1  3.9 99.00 99.00 99.00 999 9999.0   1.3   5.6 999.0 99.0 99.00
2008 12 07 04 10 259  2.8  3.7 99.00 99.00 99.00 999 9999.0 999.0 999.0 999.0 99.0 99.00
2008 12 07 04 20 250  2.8  3.8 99.00 99.00 99.00 999 9999.0 999.0 999.0 999.0 99.0 99.00
2008 12 07 05 00 249  3.2  4.0 99.00 99.00 99.00 999 9999.0   1.2   5.5 999.0 99.0 99.00
2008 12 07 05 10 248  3.7  5.5 99.00 99.00 99.00 999 9999.0 999.0 999.0 999.0 99.0 99.00
2008 12 07 05 20 253  4.9  6.6 99.00 99.00 99.00 999 9999.0 999.0 999.0 999.0 99.0 99.00
2008 12 07 06 00 266  3.9  5.5 99.00 99.00 99.00 999 9999.0   1.4   5.6 999.0 99.0 99.00
2008 12 07 06 10 268  3.1  4.3 99.00 99.00 99.00 999 9999.0 999.0 999.0 999.0 99.0 99.00
2008 12 07 06 20 266  2.6  3.4 99.00 99.00 99.00 999 9999.0 999.0 999.0 999.0 99.0 99.00
2008 12 07 07 00 284  2.8  3.5 99.00 99.00 99.00 999 9999.0   1.2   5.5 999.0 99.0 99.00
2008 12 07 07 10 270  3.1  3.9 99.00 99.00 99.00 999 9999.0 999.0 999.0 999.0 99.0 99.00
2008 12 07 07 20 271  3.2  4.1 99.00 99.00 99.00 999 9999.0 999.0 999.0 999.0 99.0 99.00
2008 12 07 08 00 299  2.5  3.4 99.00 99.00 99.00 999 9999.0   1.1   5.5 999.0 99.0 99.00
2008 12 07 08 10 301  3.0  4.1 99.00 99.00 99.00 999 9999.0 999.0 999.0 999.0 99.0 99.00
2008 12 07 08 20 297  3.5  4.6 99.00 99.00 99.00 999 9999.0 999.0 999.0 999.0 99.0 99.00
2008 12 07 09 00 296  3.4  5.8 99.00 99.00 99.00 999 9999.0   1.2   5.4 999.0 99.0 99.00
2008 12 07 09 10 288  3.4  4.4 99.00 99.00 99.00 999 9999.0 999.0 999.0 999.0 99.0 99.00
2008 12 07 09 20 282  3.1  4.4 99.00 99.00 99.00 999 9999.0 999.0 999.0 999.0 99.0 99.00
2008 12 07 10 00 281  3.0  3.8 99.00 99.00 99.00 999 9999.0   1.0   5.4 999.0 99.0 99.00
2008 12 07 10 10 278  3.2  3.9 99.00 99.00 99.00 999 9999.0 999.0 999.0 999.0 99.0 99.00
2008 12 07 10 20 276  3.4  4.0 99.00 99.00 99.00 999 9999.0 999.0 999.0 999.0 99.0 99.00
2008 12 07 11 00 289  4.0  5.4 99.00 99.00 99.00 999 9999.0   0.8   5.5 999.0 99.0 99.00
2008 12 07 11 10 290  4.8  6.3 99.00 99.00 99.00 999 9999.0 999.0 999.0 999.0 99.0 99.00
2008 12 07 11 20 292  5.1  6.2 99.00 99.00 99.00 999 9999.0 999.0 999.0 999.0 99.0 99.00
2008 12 07 12 00 298  7.1 10.5 99.00 99.00 99.00 999 9999.0   0.4   5.4 999.0 99.0 99.00
2008 12 07 12 10 289  6.5  8.9 99.00 99.00 99.00 999 9999.0 999.0 999.0 999.0 99.0 99.00
2008 12 07 12 20 300  6.6 10.4 99.00 99.00 99.00 999 9999.0 999.0 999.0 999.0 99.0 99.00
2008 12 07 13 00 300  8.3 11.6 99.00 99.00 99.00 999 9999.0   1.0   5.3 999.0 99.0 99.00
2008 12 07 13 10 308  7.2 10.6 99.00 99.00 99.00 999 9999.0 999.0 999.0 999.0 99.0 99.00
2008 12 07 13 20 311  6.8  9.0 99.00 99.00 99.00 999 9999.0 999.0 999.0 999.0 99.0 99.00
2008 12 07 14 00 336  9.7 14.0 99.00 99.00 99.00 999 9999.0   0.3   5.3 999.0 99.0 99.00
2008 12 07 14 10 325 10.1 14.2 99.00 99.00 99.00 999 9999.0 999.0 999.0 999.0 99.0 99.00
2008 12 07 14 20 311  9.2 13.0 99.00 99.00 99.00 999 9999.0 999.0 999.0 999.0 99.0 99.00
2008 12 07 15 00 315 10.3 14.5 99.00 99.00 99.00 999 9999.0   0.9   5.3 999.0 99.0 99.00
2008 12 07 15 10 309  9.5 16.2 99.00 99.00 99.00 999 9999.0 999.0 999.0 999.0 99.0 99.00
2008 12 07 15 20 318  9.9 14.9 99.00 99.00 99.00 999 9999.0 999.0 999.0 999.0 99.0 99.00
2008 12 07 16 00 324  8.0 11.4 99.00 99.00 99.00 999 9999.0   0.0   5.2 999.0 99.0 99.00
2008 12 07 16 10 318 11.4 15.2 99.00 99.00 99.00 999 9999.0 999.0 999.0 999.0 99.0 99.00
2008 12 07 16 20 314 10.9 14.9 99.00 99.00 99.00 999 9999.0 999.0 999.0 999.0 99.0 99.00
2008 12 07 17 00 310 10.6 15.1 99.00 99.00 99.00 999 9999.0   0.2   5.2 999.0 99.0 99.00
2008 12 07 17 10 318 10.3 14.3 99.00 99.00 99.00 999 9999.0 999.0 999.0 999.0 99.0 99.00
2008 12 07 17 20 325 12.3 18.5 99.00 99.00 99.00 999 9999.0 999.0 999.0 999.0 99.0 99.00
2008 12 07 18 00 316 10.2 15.2 99.00 99.00 99.00 999 9999.0   0.4   5.2 999.0 99.0 99.00
2008 12 07 18 10 320  9.8 13.0 99.00 99.00 99.00 999 9999.0 999.0 999.0 999.0 99.0 99.00
2008 12 07 18 20 316 10.6 16.2 99.00 99.00 99.00 999 9999.0 999.0 999.0 999.0 99.0 99.00
2008 12 07 19 00 312 10.6 13.7 99.00 99.00 99.00 999 9999.0   0.3   5.2 999.0 99.0 99.00
2008 12 07 19 10 308 11.0 15.8 99.00 99.00 99.00 999 9999.0 999.0 999.0 999.0 99.0 99.00
2008 12 07 19 20 317 11.4 15.4 99.00 99.00 99.00 999 9999.0 999.0 999.0 999.0 99.0 99.00
2008 12 07 20 00 316  9.6 13.9 99.00 99.00 99.00 999 9999.0   0.3   5.2 999.0 99.0 99.00
2008 12 07 20 10 312  9.1 13.2 99.00 99.00 99.00 999 9999.0 999.0 999.0 999.0 99.0 99.00
2008 12 07 20 20 313 10.5 15.3 99.00 99.00 99.00 999 9999.0 999.0 999.0 999.0 99.0 99.00
2008 12 07 21 00 320  8.2 12.6 99.00 99.00 99.00 999 9999.0  -0.1   5.2 999.0 99.0 99.00
2008 12 07 21 10 311  7.9 12.9 99.00 99.00 99.00 999 9999.0 999.0 999.0 999.0 99.0 99.00
2008 12 07 21 20 315 10.7 15.4 99.00 99.00 99.00 999 9999.0 999.0 999.0 999.0 99.0 99.00
2008 12 07 22 00 324  9.3 12.9 99.00 99.00 99.00 999 9999.0  -0.9   5.1 999.0 99.0 99.00
2008 12 07 22 10 321  8.8 13.8 99.00 99.00 99.00 999 9999.0 999.0 999.0 999.0 99.0 99.00
2008 12 07 22 20 312 10.5 15.9 99.00 99.00 99.00 999 9999.0 999.0 999.0 999.0 99.0 99.00
2008 12 07 23 00 324 10.9 14.5 99.00 99.00 99.00 999 9999.0  -1.6   5.0 999.0 99.0 99.00
2008 12 07 23 10 322  8.9 12.5 99.00 99.00 99.00 999 9999.0 999.0 999.0 999.0 99.0 99.00
2008 12 07 23 20 320  9.7 13.2 99.00 99.00 99.00 999 9999.0 999.0 999.0 999.0 99.0 99.00
2008 12 08 00 00 318  9.2 12.7 99.00 99.00 99.00 999 9999.0  -2.2   4.9 999.0 99.0 99.00
2008 12 08 00 10 324  9.8 12.6 99.00 99.00 99.00 999 9999.0 999.0 999.0 999.0 99.0 99.00
2008 12 08 00 20 327 10.1 13.2 99.00 99.00 99.00 999 9999.0 999.0 999.0 999.0 99.0 99.00
2008 12 08 01 00 319 10.2 14.4 99.00 99.00 99.00 999 9999.0  -2.8   5.3 999.0 99.0 99.00
2008 12 08 01 10 327  9.4 12.7 99.00 99.00 99.00 999 9999.0 999.0 999.0 999.0 99.0 99.00
2008 12 08 01 20 326  9.0 12.6 99.00 99.00 99.00 999 9999.0 999.0 999.0 999.0 99.0 99.00
2008 12 08 02 00 306  5.7  8.7 99.00 99.00 99.00 999 9999.0  -3.4   5.2 999.0 99.0 99.00
2008 12 08 02 10 307  5.9  8.6 99.00 99.00 99.00 999 9999.0 999.0 999.0 999.0 99.0 99.00
2008 12 08 02 20 317  6.6  9.8 99.00 99.00 99.00 999 9999.0 999.0 999.0 999.0 99.0 99.00
2008 12 08 03 00 312  4.0  5.5 99.00 99.00 99.00 999 9999.0  -3.7   5.2 999.0 99.0 99.00
2008 12 08 03 10 309  5.0  7.7 99.00 99.00 99.00 999 9999.0 999.0 999.0 999.0 99.0 99.00
2008 12 08 03 20 300  4.6  7.0 99.00 99.00 99.00 999 9999.0 999.0 999.0 999.0 99.0 99.00
2008 12 08 04 00 307  5.1  6.4 99.00 99.00 99.00 999 9999.0  -4.0   5.2 999.0 99.0 99.00
2008 12 08 04 10 301  4.6  6.0 99.00 99.00 99.00 999 9999.0 999.0 999.0 999.0 99.0 99.00
2008 12 08 04 20 292  4.5  6.1 99.00 99.00 99.00 999 9999.0 999.0 999.0 999.0 99.0 99.00
2008 12 08 05 00 291  4.2  5.5 99.00 99.00 99.00 999 9999.0  -4.4   5.0 999.0 99.0 99.00
2008 12 08 05 10 290  4.3  5.6 99.00 99.00 99.00 999 9999.0 999.0 999.0 999.0 99.0 99.00
2008 12 08 05 20 289  4.8  6.0 99.00 99.00 99.00 999 9999.0 999.0 999.0 999.0 99.0 99.00
2008 12 08 06 00 296  4.2  6.0 99.00 99.00 99.00 999 9999.0  -4.7   4.9 999.0 99.0 99.00
2008 12 08 06 10 294  4.0  5.4 99.00 99.00 99.00 999 9999.0 999.0 999.0 999.0 99.0 99.00
2008 12 08 06 20 300  4.7  7.0 99.00 99.00 99.00 999 9999.0 999.0 999.0 999.0 99.0 99.00
2008 12 08 07 00 302  4.2  5.3 99.00 99.00 99.00 999 9999.0  -4.9   4.9 999.0 99.0 99.00
2008 12 08 07 10 312  4.4  6.6 99.00 99.00 99.00 999 9999.0 999.0 999.0 999.0 99.0 99.00
2008 12 08 07 20 309  4.0  5.7 99.00 99.00 99.00 999 9999.0 999.0 999.0 999.0 99.0 99.00
2008 12 08 08 00 311  3.7  4.9 99.00 99.00 99.00 999 9999.0  -5.2   4.9 999.0 99.0 99.00
2008 12 08 08 20 296  3.7  4.8 99.00 99.00 99.00 999 9999.0 999.0 999.0 999.0 99.0 99.00
2008 12 08 09 00 297  3.7  5.4 99.00 99.00 99.00 999 9999.0  -5.4   4.8 999.0 99.0 99.00
2008 12 08 09 10 301  3.3  4.5 99.00 99.00 99.00 999 9999.0 999.0 999.0 999.0 99.0 99.00
2008 12 08 09 20 299  3.6  4.8 99.00 99.00 99.00 999 9999.0 999.0 999.0 999.0 99.0 99.00
2008 12 08 10 00 308  3.0  4.1 99.00 99.00 99.00 999 9999.0  -5.7   4.7 999.0 99.0 99.00
2008 12 08 10 10 299  3.0  4.9 99.00 99.00 99.00 999 9999.0 999.0 999.0 999.0 99.0 99.00
2008 12 08 10 20 289  3.3  4.9 99.00 99.00 99.00 999 9999.0 999.0 999.0 999.0 99.0 99.00
2008 12 08 11 00 314  3.3  4.8 99.00 99.00 99.00 999 9999.0  -5.3   4.7 999.0 99.0 99.00
2008 12 08 11 10 317  3.3  4.9 99.00 99.00 99.00 999 9999.0 999.0 999.0 999.0 99.0 99.00
2008 12 08 11 20 328  3.3  5.3 99.00 99.00 99.00 999 9999.0 999.0 999.0 999.0 99.0 99.00
2008 12 08 12 00 313  3.7  5.0 99.00 99.00 99.00 999 9999.0  -5.2   4.7 999.0 99.0 99.00
2008 12 08 12 10 320  3.6  5.1 99.00 99.00 99.00 999 9999.0 999.0 999.0 999.0 99.0 99.00
2008 12 08 12 20 331  3.6  5.1 99.00 99.00 99.00 999 9999.0 999.0 999.0 999.0 99.0 99.00
2008 12 08 13 00 335  3.2  6.4 99.00 99.00 99.00 999 9999.0  -4.8   4.9 999.0 99.0 99.00
2008 12 08 13 10  10  6.6  8.5 99.00 99.00 99.00 999 9999.0 999.0 999.0 999.0 99.0 99.00
2008 12 08 13 20  12  5.4  7.3 99.00 99.00 99.00 999 9999.0 999.0 999.0 999.0 99.0 99.00
2008 12 08 14 00  20  4.2  6.0 99.00 99.00 99.00 999 9999.0  -4.8   4.8 999.0 99.0 99.00
2008 12 08 14 10  27  4.0  6.1 99.00 99.00 99.00 999 9999.0 999.0 999.0 999.0 99.0 99.00
2008 12 08 14 20  25  3.3  5.6 99.00 99.00 99.00 999 9999.0 999.0 999.0 999.0 99.0 99.00
2008 12 08 15 00  10  3.3  5.2 99.00 99.00 99.00 999 9999.0  -4.6   4.5 999.0 99.0 99.00
2008 12 08 15 10 354  3.0  4.6 99.00 99.00 99.00 999 9999.0 999.0 999.0 999.0 99.0 99.00
2008 12 08 15 20 343  3.0  4.1 99.00 99.00 99.00 999 9999.0 999.0 999.0 999.0 99.0 99.00
2008 12 08 16 00 349  0.7  2.5 99.00 99.00 99.00 999 9999.0  -4.2   4.5 999.0 99.0 99.00
2008 12 08 16 10 295  1.6  2.7 99.00 99.00 99.00 999 9999.0 999.0 999.0 999.0 99.0 99.00
2008 12 08 16 20  20  1.1  2.0 99.00 99.00 99.00 999 9999.0 999.0 999.0 999.0 99.0 99.00
2008 12 08 17 00 348  1.3  2.5 99.00 99.00 99.00 999 9999.0  -4.0   4.6 999.0 99.0 99.00
2008 12 08 17 10 275  1.7  3.9 99.00 99.00 99.00 999 9999.0 999.0 999.0 999.0 99.0 99.00
2008 12 08 17 20 251  2.0  3.0 99.00 99.00 99.00 999 9999.0 999.0 999.0 999.0 99.0 99.00
2008 12 08 18 00 258  0.9  1.9 99.00 99.00 99.00 999 9999.0  -3.6   4.6 999.0 99.0 99.00
2008 12 08 18 10 246  1.4  2.4 99.00 99.00 99.00 999 9999.0 999.0 999.0 999.0 99.0 99.00
2008 12 08 18 20 200  1.7  3.0 99.00 99.00 99.00 999 9999.0 999.0 999.0 999.0 99.0 99.00
2008 12 08 19 00 169  0.8  3.1 99.00 99.00 99.00 999 9999.0  -3.4   4.6 999.0 99.0 99.00
2008 12 08 19 10 193  1.7  2.9 99.00 99.00 99.00 999 9999.0 999.0 999.0 999.0 99.0 99.00
2008 12 08 19 20 209  1.6  3.6 99.00 99.00 99.00 999 9999.0 999.0 999.0 999.0 99.0 99.00
2008 12 08 20 00 187  2.3  3.6 99.00 99.00 99.00 999 9999.0  -3.1   4.6 999.0 99.0 99.00
2008 12 08 20 10 181  2.4  3.8 99.00 99.00 99.00 999 9999.0 999.0 999.0 999.0 99.0 99.00
2008 12 08 20 20 184  2.8  4.5 99.00 99.00 99.00 999 9999.0 999.0 999.0 999.0 99.0 99.00
2008 12 08 21 00 204  2.4  3.5 99.00 99.00 99.00 999 9999.0  -2.9   4.6 999.0 99.0 99.00
2008 12 08 21 10 203  2.2  3.1 99.00 99.00 99.00 999 9999.0 999.0 999.0 999.0 99.0 99.00
2008 12 08 21 20 204  2.0  3.1 99.00 99.00 99.00 999 9999.0 999.0 999.0 999.0 99.0 99.00
2008 12 08 22 00 198  2.5  3.6 99.00 99.00 99.00 999 9999.0  -2.8   4.5 999.0 99.0 99.00
2008 12 08 22 10 202  1.9  3.1 99.00 99.00 99.00 999 9999.0 999.0 999.0 999.0 99.0 99.00
2008 12 08 22 20 210  2.1  3.0 99.00 99.00 99.00 999 9999.0 999.0 999.0 999.0 99.0 99.00
2008 12 08 23 00 153  1.9  2.9 99.00 99.00 99.00 999 9999.0  -2.5   4.4 999.0 99.0 99.00
2008 12 08 23 10 139  2.1  3.2 99.00 99.00 99.00 999 9999.0 999.0 999.0 999.0 99.0 99.00
2008 12 08 23 20 139  2.3  3.2 99.00 99.00 99.00 999 9999.0 999.0 999.0 999.0 99.0 99.00
2008 12 09 00 00 133  2.9  4.3 99.00 99.00 99.00 999 9999.0  -2.3   4.5 999.0 99.0 99.00
2008 12 09 00 10 137  2.9  4.5 99.00 99.00 99.00 999 9999.0 999.0 999.0 999.0 99.0 99.00
2008 12 09 00 20 146  3.0  4.2 99.00 99.00 99.00 999 9999.0 999.0 999.0 999.0 99.0 99.00
2008 12 09 01 00 141  3.4  4.7 99.00 99.00 99.00 999 9999.0  -2.4   4.4 999.0 99.0 99.00
2008 12 09 01 10 135  3.0  4.1 99.00 99.00 99.00 999 9999.0 999.0 999.0 999.0 99.0 99.00
2008 12 09 01 20 134  3.0  4.2 99.00 99.00 99.00 999 9999.0 999.0 999.0 999.0 99.0 99.00
2008 12 09 02 00 143  4.0  5.1 99.00 99.00 99.00 999 9999.0  -2.2   4.6 999.0 99.0 99.00
2008 12 09 02 10 144  3.2  4.4 99.00 99.00 99.00 999 9999.0 999.0 999.0 999.0 99.0 99.00
2008 12 09 02 20 165  3.5  4.9 99.00 99.00 99.00 999 9999.0 999.0 999.0 999.0 99.0 99.00
2008 12 09 03 00 151  3.5  4.8 99.00 99.00 99.00 999 9999.0  -2.0   4.2 999.0 99.0 99.00
2008 12 09 03 10 153  3.6  4.8 99.00 99.00 99.00 999 9999.0 999.0 999.0 999.0 99.0 99.00
2008 12 09 03 20 154  3.2  4.1 99.00 99.00 99.00 999 9999.0 999.0 999.0 999.0 99.0 99.00
2008 12 09 04 00 153  3.5  4.5 99.00 99.00 99.00 999 9999.0  -1.5   4.4 999.0 99.0 99.00
2008 12 09 04 10 147  3.8  5.2 99.00 99.00 99.00 999 9999.0 999.0 999.0 999.0 99.0 99.00
2008 12 09 04 20 154  3.8  4.9 99.00 99.00 99.00 999 9999.0 999.0 999.0 999.0 99.0 99.00
2008 12 09 05 00 153  4.0  4.9 99.00 99.00 99.00 999 9999.0  -1.1   4.6 999.0 99.0 99.00
2008 12 09 05 10 151  4.1  5.4 99.00 99.00 99.00 999 9999.0 999.0 999.0 999.0 99.0 99.00
2008 12 09 05 20 150  4.1  5.2 99.00 99.00 99.00 999 9999.0 999.0 999.0 999.0 99.0 99.00
2008 12 09 06 00 152  4.1  5.1 99.00 99.00 99.00 999 9999.0  -0.7   4.6 999.0 99.0 99.00
2008 12 09 06 10 135  4.3  5.0 99.00 99.00 99.00 999 9999.0 999.0 999.0 999.0 99.0 99.00
2008 12 09 06 20 137  4.2  5.1 99.00 99.00 99.00 999 9999.0 999.0 999.0 999.0 99.0 99.00
2008 12 09 07 00 155  3.2  4.4 99.00 99.00 99.00 999 9999.0  -0.4   4.6 999.0 99.0 99.00
2008 12 09 07 10 151  3.2  4.0 99.00 99.00 99.00 999 9999.0 999.0 999.0 999.0 99.0 99.00
2008 12 09 08 00 145  3.3  4.5 99.00 99.00 99.00 999 9999.0   0.0   4.6 999.0 99.0 99.00
2008 12 09 08 10 149  3.7  4.6 99.00 99.00 99.00 999 9999.0 999.0 999.0 999.0 99.0 99.00
2008 12 09 08 20 155  3.2  3.9 99.00 99.00 99.00 999 9999.0 999.0 999.0 999.0 99.0 99.00
2008 12 09 09 00 169  4.7  5.5 99.00 99.00 99.00 999 9999.0   0.8   4.5 999.0 99.0 99.00
2008 12 09 09 10 177  4.6  5.7 99.00 99.00 99.00 999 9999.0 999.0 999.0 999.0 99.0 99.00
2008 12 09 09 20 184  5.0  6.0 99.00 99.00 99.00 999 9999.0 999.0 999.0 999.0 99.0 99.00
2008 12 09 10 00 186  4.0  5.1 99.00 99.00 99.00 999 9999.0   1.4   4.3 999.0 99.0 99.00
2008 12 09 10 10 180  3.9  4.8 99.00 99.00 99.00 999 9999.0 999.0 999.0 999.0 99.0 99.00
2008 12 09 10 20 172  3.8  4.6 99.00 99.00 99.00 999 9999.0 999.0 999.0 999.0 99.0 99.00
2008 12 09 11 00 175  3.6  4.0 99.00 99.00 99.00 999 9999.0   1.5   4.3 999.0 99.0 99.00
2008 12 09 11 10 162  3.8  4.5 99.00 99.00 99.00 999 9999.0 999.0 999.0 999.0 99.0 99.00
2008 12 09 11 20 155  3.5  4.2 99.00 99.00 99.00 999 9999.0 999.0 999.0 999.0 99.0 99.00
2008 12 09 12 00 178  4.0  5.0 99.00 99.00 99.00 999 9999.0   2.0   4.3 999.0 99.0 99.00
2008 12 09 12 10 181  3.8  4.6 99.00 99.00 99.00 999 9999.0 999.0 999.0 999.0 99.0 99.00
2008 12 09 12 20 181  3.8  4.8 99.00 99.00 99.00 999 9999.0 999.0 999.0 999.0 99.0 99.00
2008 12 09 13 00 190  2.8  3.5 99.00 99.00 99.00 999 9999.0   2.4   4.6 999.0 99.0 99.00
2008 12 09 13 10 200  3.3  4.0 99.00 99.00 99.00 999 9999.0 999.0 999.0 999.0 99.0 99.00
2008 12 09 13 20 198  3.8  4.4 99.00 99.00 99.00 999 9999.0 999.0 999.0 999.0 99.0 99.00
2008 12 09 14 00 183  4.6  5.4 99.00 99.00 99.00 999 9999.0   2.8   4.7 999.0 99.0 99.00
2008 12 09 14 10 187  4.4  5.0 99.00 99.00 99.00 999 9999.0 999.0 999.0 999.0 99.0 99.00
2008 12 09 14 20 200  3.7  4.7 99.00 99.00 99.00 999 9999.0 999.0 999.0 999.0 99.0 99.00
2008 12 09 15 00 214  2.5  3.0 99.00 99.00 99.00 999 9999.0   4.1   4.6 999.0 99.0 99.00
2008 12 09 15 10 231  2.1  2.8 99.00 99.00 99.00 999 9999.0 999.0 999.0 999.0 99.0 99.00
2008 12 09 15 20 233  1.7  2.1 99.00 99.00 99.00 999 9999.0 999.0 999.0 999.0 99.0 99.00
2008 12 09 16 00 226  2.9  3.6 99.00 99.00 99.00 999 9999.0   5.4   4.6 999.0 99.0 99.00
2008 12 09 16 10 232  3.4  4.0 99.00 99.00 99.00 999 9999.0 999.0 999.0 999.0 99.0 99.00
2008 12 09 16 20 233  3.6  4.5 99.00 99.00 99.00 999 9999.0 999.0 999.0 999.0 99.0 99.00
2008 12 09 17 00 130  1.5  2.2 99.00 99.00 99.00 999 9999.0   4.7   4.5 999.0 99.0 99.00
2008 12 09 17 10 112  0.6  1.1 99.00 99.00 99.00 999 9999.0 999.0 999.0 999.0 99.0 99.00
2008 12 09 17 20 146  0.4  1.5 99.00 99.00 99.00 999 9999.0 999.0 999.0 999.0 99.0 99.00
2008 12 09 18 00 153  1.4  2.1 99.00 99.00 99.00 999 9999.0   6.0   4.5 999.0 99.0 99.00
2008 12 09 18 10 136  1.2  1.9 99.00 99.00 99.00 999 9999.0 999.0 999.0 999.0 99.0 99.00
2008 12 09 18 20 110  1.9  2.4 99.00 99.00 99.00 999 9999.0 999.0 999.0 999.0 99.0 99.00
2008 12 09 19 00 107  2.6  3.0 99.00 99.00 99.00 999 9999.0   5.0   4.6 999.0 99.0 99.00
2008 12 09 19 10 107  2.5  2.8 99.00 99.00 99.00 999 9999.0 999.0 999.0 999.0 99.0 99.00
2008 12 09 19 20 114  2.6  2.8 99.00 99.00 99.00 999 9999.0 999.0 999.0 999.0 99.0 99.00
2008 12 09 20 00  99  2.4  3.2 99.00 99.00 99.00 999 9999.0   6.6   4.6 999.0 99.0 99.00
2008 12 09 20 10  89  2.2  2.6 99.00 99.00 99.00 999 9999.0 999.0 999.0 999.0 99.0 99.00
2008 12 09 20 20  78  1.9  2.2 99.00 99.00 99.00 999 9999.0 999.0 999.0 999.0 99.0 99.00
2008 12 09 21 00 132  0.3  1.2 99.00 99.00 99.00 999 9999.0   7.0   4.7 999.0 99.0 99.00
2008 12 09 21 10 212  0.4  0.9 99.00 99.00 99.00 999 9999.0 999.0 999.0 999.0 99.0 99.00
2008 12 09 21 20 221  0.8  1.1 99.00 99.00 99.00 999 9999.0 999.0 999.0 999.0 99.0 99.00
2008 12 09 22 00 305  0.3  0.7 99.00 99.00 99.00 999 9999.0   6.6   4.8 999.0 99.0 99.00
2008 12 09 22 10  20  0.6  1.2 99.00 99.00 99.00 999 9999.0 999.0 999.0 999.0 99.0 99.00
2008 12 09 22 20 357  1.2  1.5 99.00 99.00 99.00 999 9999.0 999.0 999.0 999.0 99.0 99.00
2008 12 09 23 00 192  1.5  2.3 99.00 99.00 99.00 999 9999.0   6.2   4.9 999.0 99.0 99.00
2008 12 09 23 10 329  1.1  2.0 99.00 99.00 99.00 999 9999.0 999.0 999.0 999.0 99.0 99.00
2008 12 09 23 20   7  1.5  2.0 99.00 99.00 99.00 999 9999.0 999.0 999.0 999.0 99.0 99.00
2008 12 10 00 00 297  0.6  1.2 99.00 99.00 99.00 999 9999.0   6.4   4.8 999.0 99.0 99.00
2008 12 10 00 10   9  1.0  1.7 99.00 99.00 99.00 999 9999.0 999.0 999.0 999.0 99.0 99.00
2008 12 10 00 20 353  1.8  2.5 99.00 99.00 99.00 999 9999.0 999.0 999.0 999.0 99.0 99.00
2008 12 10 01 00 301  1.4  2.9 99.00 99.00 99.00 999 9999.0   7.4   4.8 999.0 99.0 99.00
2008 12 10 01 10   5  1.6  2.5 99.00 99.00 99.00 999 9999.0 999.0 999.0 999.0 99.0 99.00
2008 12 10 01 20 159  1.3  2.7 99.00 99.00 99.00 999 9999.0 999.0 999.0 999.0 99.0 99.00
2008 12 10 02 00 212  1.6  2.0 99.00 99.00 99.00 999 9999.0   8.5   4.7 999.0 99.0 99.00
2008 12 10 02 10 211  1.4  1.7 99.00 99.00 99.00 999 9999.0 999.0 999.0 999.0 99.0 99.00
2008 12 10 02 20 227  1.4  2.1 99.00 99.00 99.00 999 9999.0 999.0 999.0 999.0 99.0 99.00
2008 12 10 03 00 133  0.7  1.8 99.00 99.00 99.00 999 9999.0   8.5   4.6 999.0 99.0 99.00
2008 12 10 03 10  93  1.0  1.4 99.00 99.00 99.00 999 9999.0 999.0 999.0 999.0 99.0 99.00
2008 12 10 03 20  40  0.7  1.0 99.00 99.00 99.00 999 9999.0 999.0 999.0 999.0 99.0 99.00
2008 12 10 04 00 110  1.4  2.3 99.00 99.00 99.00 999 9999.0   9.9   4.7 999.0 99.0 99.00
2008 12 10 04 10 110  1.8  2.7 99.00 99.00 99.00 999 9999.0 999.0 999.0 999.0 99.0 99.00
2008 12 10 04 20 103  1.6  2.3 99.00 99.00 99.00 999 9999.0 999.0 999.0 999.0 99.0 99.00
2008 12 10 05 00 105  1.1  1.5 99.00 99.00 99.00 999 9999.0  10.2   4.7 999.0 99.0 99.00
2008 12 10 05 10 109  1.3  1.6 99.00 99.00 99.00 999 9999.0 999.0 999.0 999.0 99.0 99.00
2008 12 10 05 20 115  1.7  2.3 99.00 99.00 99.00 999 9999.0 999.0 999.0 999.0 99.0 99.00
2008 12 10 06 00 214  4.5  6.1 99.00 99.00 99.00 999 9999.0  10.8   4.7 999.0 99.0 99.00
2008 12 10 06 10 217  5.2  6.9 99.00 99.00 99.00 999 9999.0 999.0 999.0 999.0 99.0 99.00
2008 12 10 06 20 214  5.3  6.3 99.00 99.00 99.00 999 9999.0 999.0 999.0 999.0 99.0 99.00
2008 12 10 07 00 210  5.5  6.8 99.00 99.00 99.00 999 9999.0  11.0   4.7 999.0 99.0 99.00
2008 12 10 07 10 207  5.4  6.3 99.00 99.00 99.00 999 9999.0 999.0 999.0 999.0 99.0 99.00
2008 12 10 07 20 206  5.5  6.6 99.00 99.00 99.00 999 9999.0 999.0 999.0 999.0 99.0 99.00
2008 12 10 08 00 214  5.1  6.6 99.00 99.00 99.00 999 9999.0  10.9   4.8 999.0 99.0 99.00
2008 12 10 08 10 220  5.3  6.4 99.00 99.00 99.00 999 9999.0 999.0 999.0 999.0 99.0 99.00
2008 12 10 08 20 220  6.0  9.0 99.00 99.00 99.00 999 9999.0 999.0 999.0 999.0 99.0 99.00
2008 12 10 09 00 225  3.4  4.5 99.00 99.00 99.00 999 9999.0  10.8   4.8 999.0 99.0 99.00
2008 12 10 09 10 203  3.4  4.7 99.00 99.00 99.00 999 9999.0 999.0 999.0 999.0 99.0 99.00
2008 12 10 10 00 212  5.1  6.7 99.00 99.00 99.00 999 9999.0  11.0   4.8 999.0 99.0 99.00
2008 12 10 10 10 209  5.9  6.7 99.00 99.00 99.00 999 9999.0 999.0 999.0 999.0 99.0 99.00
2008 12 10 10 20 207  5.3  6.1 99.00 99.00 99.00 999 9999.0 999.0 999.0 999.0 99.0 99.00
2008 12 10 11 00 204  5.3  6.4 99.00 99.00 99.00 999 9999.0  11.0   4.8 999.0 99.0 99.00
2008 12 10 11 10 205  6.2  7.5 99.00 99.00 99.00 999 9999.0 999.0 999.0 999.0 99.0 99.00
2008 12 10 11 20 206  6.5  7.3 99.00 99.00 99.00 999 9999.0 999.0 999.0 999.0 99.0 99.00
2008 12 10 12 00 226  4.2  5.6 99.00 99.00 99.00 999 9999.0  11.1   4.9 999.0 99.0 99.00
2008 12 10 12 10 226  4.1  6.1 99.00 99.00 99.00 999 9999.0 999.0 999.0 999.0 99.0 99.00
2008 12 10 12 20 223  4.1  5.1 99.00 99.00 99.00 999 9999.0 999.0 999.0 999.0 99.0 99.00
2008 12 10 13 00 215  4.8  5.6 99.00 99.00 99.00 999 9999.0  10.7   4.8 999.0 99.0 99.00
2008 12 10 13 10 230  3.6  4.6 99.00 99.00 99.00 999 9999.0 999.0 999.0 999.0 99.0 99.00
2008 12 10 13 20 230  2.4  3.3 99.00 99.00 99.00 999 9999.0 999.0 999.0 999.0 99.0 99.00
2008 12 10 14 00 180  1.4  2.1 99.00 99.00 99.00 999 9999.0  10.2   4.9 999.0 99.0 99.00
2008 12 10 14 10 174  1.2  2.4 99.00 99.00 99.00 999 9999.0 999.0 999.0 999.0 99.0 99.00
2008 12 10 14 20 197  3.7  4.6 99.00 99.00 99.00 999 9999.0 999.0 999.0 999.0 99.0 99.00
2008 12 10 15 00 200  2.0  3.8 99.00 99.00 99.00 999 9999.0   9.8   4.8 999.0 99.0 99.00
2008 12 10 15 10 206  2.4  3.3 99.00 99.00 99.00 999 9999.0 999.0 999.0 999.0 99.0 99.00
2008 12 10 15 20 247  2.2  3.4 99.00 99.00 99.00 999 9999.0 999.0 999.0 999.0 99.0 99.00
2008 12 10 16 00 215  3.1  3.9 99.00 99.00 99.00 999 9999.0  10.1   4.8 999.0 99.0 99.00
2008 12 10 16 10 224  2.7  3.2 99.00 99.00 99.00 999 9999.0 999.0 999.0 999.0 99.0 99.00
2008 12 10 16 20 240  2.6  3.9 99.00 99.00 99.00 999 9999.0 999.0 999.0 999.0 99.0 99.00
2008 12 10 17 00 246  2.6  3.4 99.00 99.00 99.00 999 9999.0  11.2   4.8 999.0 99.0 99.00
2008 12 10 17 10 243  2.5  4.1 99.00 99.00 99.00 999 9999.0 999.0 999.0 999.0 99.0 99.00
2008 12 10 17 20 230  3.9  5.9 99.00 99.00 99.00 999 9999.0 999.0 999.0 999.0 99.0 99.00
2008 12 10 18 00 230  4.5  6.2 99.00 99.00 99.00 999 9999.0  12.0   4.9 999.0 99.0 99.00
2008 12 10 18 10 242  3.5  4.4 99.00 99.00 99.00 999 9999.0 999.0 999.0 999.0 99.0 99.00
2008 12 10 18 20 238  4.1  5.2 99.00 99.00 99.00 999 9999.0 999.0 999.0 999.0 99.0 99.00
2008 12 10 19 00 244  6.2  7.8 99.00 99.00 99.00 999 9999.0  13.8   4.8 999.0 99.0 99.00
2008 12 10 19 10 234  6.0  7.0 99.00 99.00 99.00 999 9999.0 999.0 999.0 999.0 99.0 99.00
2008 12 10 19 20 250  4.3  5.2 99.00 99.00 99.00 999 9999.0 999.0 999.0 999.0 99.0 99.00
2008 12 10 20 00 341  2.2  3.2 99.00 99.00 99.00 999 9999.0  13.1   4.9 999.0 99.0 99.00
2008 12 10 20 10  12  0.9  1.3 99.00 99.00 99.00 999 9999.0 999.0 999.0 999.0 99.0 99.00
2008 12 10 20 20 111  0.3  1.0 99.00 99.00 99.00 999 9999.0 999.0 999.0 999.0 99.0 99.00
2008 12 10 21 00 153  3.2  3.9 99.00 99.00 99.00 999 9999.0  11.0   5.0 999.0 99.0 99.00
2008 12 10 21 10 112  1.6  2.7 99.00 99.00 99.00 999 9999.0 999.0 999.0 999.0 99.0 99.00
2008 12 10 21 20 288  0.8  2.8 99.00 99.00 99.00 999 9999.0 999.0 999.0 999.0 99.0 99.00
2008 12 10 22 00 196  0.4  0.9 99.00 99.00 99.00 999 9999.0  10.0   5.1 999.0 99.0 99.00
2008 12 10 22 10 107  1.0  1.4 99.00 99.00 99.00 999 9999.0 999.0 999.0 999.0 99.0 99.00
2008 12 10 22 20 104  1.6  1.8 99.00 99.00 99.00 999 9999.0 999.0 999.0 999.0 99.0 99.00
2008 12 10 23 00 108  2.2  2.4 99.00 99.00 99.00 999 9999.0   9.8   5.2 999.0 99.0 99.00
2008 12 10 23 10 101  1.9  2.2 99.00 99.00 99.00 999 9999.0 999.0 999.0 999.0 99.0 99.00
2008 12 10 23 20 334  1.1  1.9 99.00 99.00 99.00 999 9999.0 999.0 999.0 999.0 99.0 99.00
2008 12 11 00 00  50  1.0  1.4 99.00 99.00 99.00 999 9999.0  10.8   5.2 999.0 99.0 99.00
2008 12 11 00 10  96  0.6  1.0 99.00 99.00 99.00 999 9999.0 999.0 999.0 999.0 99.0 99.00
2008 12 11 00 20 105  0.2  0.8 99.00 99.00 99.00 999 9999.0 999.0 999.0 999.0 99.0 99.00
2008 12 11 01 00 336  1.1  1.5 99.00 99.00 99.00 999 9999.0  10.9   5.1 999.0 99.0 99.00
2008 12 11 01 10 300  1.0  1.3 99.00 99.00 99.00 999 9999.0 999.0 999.0 999.0 99.0 99.00
2008 12 11 01 20 253  0.7  0.9 99.00 99.00 99.00 999 9999.0 999.0 999.0 999.0 99.0 99.00
2008 12 11 02 00 355  2.0  2.3 99.00 99.00 99.00 999 9999.0   9.8   5.0 999.0 99.0 99.00
2008 12 11 02 10 346  2.1  2.5 99.00 99.00 99.00 999 9999.0 999.0 999.0 999.0 99.0 99.00
2008 12 11 02 20 344  2.3  3.3 99.00 99.00 99.00 999 9999.0 999.0 999.0 999.0 99.0 99.00
2008 12 11 03 00 343  3.4  3.9 99.00 99.00 99.00 999 9999.0   8.4   4.9 999.0 99.0 99.00
2008 12 11 03 10 352  3.4  4.5 99.00 99.00 99.00 999 9999.0 999.0 999.0 999.0 99.0 99.00
2008 12 11 04 00  25  5.6  7.7 99.00 99.00 99.00 999 9999.0   9.4   5.1 999.0 99.0 99.00
2008 12 11 04 10  27  5.7  7.8 99.00 99.00 99.00 999 9999.0 999.0 999.0 999.0 99.0 99.00
2008 12 11 04 20  31  5.0  8.4 99.00 99.00 99.00 999 9999.0 999.0 999.0 999.0 99.0 99.00
2008 12 11 05 00  15  4.3  5.9 99.00 99.00 99.00 999 9999.0   8.3   5.0 999.0 99.0 99.00
2008 12 11 05 10  18  5.0  7.0 99.00 99.00 99.00 999 9999.0 999.0 999.0 999.0 99.0 99.00
2008 12 11 05 20  25  4.2  6.8 99.00 99.00 99.00 999 9999.0 999.0 999.0 999.0 99.0 99.00
2008 12 11 06 00  37  4.8  6.8 99.00 99.00 99.00 999 9999.0   7.6   4.9 999.0 99.0 99.00
2008 12 11 06 10  26  4.1  6.1 99.00 99.00 99.00 999 9999.0 999.0 999.0 999.0 99.0 99.00
2008 12 11 06 20  31  4.7  6.6 99.00 99.00 99.00 999 9999.0 999.0 999.0 999.0 99.0 99.00
2008 12 11 07 00  27  2.9  4.8 99.00 99.00 99.00 999 9999.0   7.1   4.9 999.0 99.0 99.00
2008 12 11 07 10  17  3.6  5.5 99.00 99.00 99.00 999 9999.0 999.0 999.0 999.0 99.0 99.00
2008 12 11 07 20  26  4.0  5.7 99.00 99.00 99.00 999 9999.0 999.0 999.0 999.0 99.0 99.00
2008 12 11 08 00  36  4.4  6.1 99.00 99.00 99.00 999 9999.0   6.2   4.9 999.0 99.0 99.00
2008 12 11 08 10  21  4.6  6.1 99.00 99.00 99.00 999 9999.0 999.0 999.0 999.0 99.0 99.00
2008 12 11 08 20  34  4.5  6.6 99.00 99.00 99.00 999 9999.0 999.0 999.0 999.0 99.0 99.00
2008 12 11 09 00  21  3.6  4.5 99.00 99.00 99.00 999 9999.0   5.4   4.9 999.0 99.0 99.00
2008 12 11 09 10  22  4.0  5.1 99.00 99.00 99.00 999 9999.0 999.0 999.0 999.0 99.0 99.00
2008 12 11 09 20  23  3.7  5.0 99.00 99.00 99.00 999 9999.0 999.0 999.0 999.0 99.0 99.00
2008 12 11 10 00  43  2.7  3.8 99.00 99.00 99.00 999 9999.0   5.0   4.9 999.0 99.0 99.00
2008 12 11 10 10  49  2.5  3.8 99.00 99.00 99.00 999 9999.0 999.0 999.0 999.0 99.0 99.00
2008 12 11 10 20  73  2.7  4.6 99.00 99.00 99.00 999 9999.0 999.0 999.0 999.0 99.0 99.00
2008 12 11 11 00  31  4.3  6.9 99.00 99.00 99.00 999 9999.0   5.2   4.9 999.0 99.0 99.00
2008 12 11 11 10  34  4.1  5.7 99.00 99.00 99.00 999 9999.0 999.0 999.0 999.0 99.0 99.00
2008 12 11 12 00  29  4.4  6.0 99.00 99.00 99.00 999 9999.0   4.7   4.9 999.0 99.0 99.00
2008 12 11 12 10  47  3.2  5.4 99.00 99.00 99.00 999 9999.0 999.0 999.0 999.0 99.0 99.00
2008 12 11 12 20  23  3.4  5.4 99.00 99.00 99.00 999 9999.0 999.0 999.0 999.0 99.0 99.00
2008 12 11 13 00  36  3.2  4.7 99.00 99.00 99.00 999 9999.0   4.4   4.9 999.0 99.0 99.00
2008 12 11 13 10  30  3.7  4.8 99.00 99.00 99.00 999 9999.0 999.0 999.0 999.0 99.0 99.00
2008 12 11 13 20  34  4.2  5.5 99.00 99.00 99.00 999 9999.0 999.0 999.0 999.0 99.0 99.00
2008 12 11 14 00  55  3.5  5.1 99.00 99.00 99.00 999 9999.0   4.1   5.1 999.0 99.0 99.00
2008 12 11 14 10  35  3.5  5.0 99.00 99.00 99.00 999 9999.0 999.0 999.0 999.0 99.0 99.00
2008 12 11 14 20  22  3.2  4.3 99.00 99.00 99.00 999 9999.0 999.0 999.0 999.0 99.0 99.00
2008 12 11 15 00  34  2.9  3.9 99.00 99.00 99.00 999 9999.0   4.0   5.2 999.0 99.0 99.00
2008 12 11 15 10  38  2.8  4.2 99.00 99.00 99.00 999 9999.0 999.0 999.0 999.0 99.0 99.00
2008 12 11 15 20  40  2.7  4.0 99.00 99.00 99.00 999 9999.0 999.0 999.0 999.0 99.0 99.00
2008 12 11 16 00  25  3.1  4.4 99.00 99.00 99.00 999 9999.0   4.1   5.0 999.0 99.0 99.00
2008 12 11 16 10  28  2.9  4.5 99.00 99.00 99.00 999 9999.0 999.0 999.0 999.0 99.0 99.00
2008 12 11 16 20  24  3.4  4.8 99.00 99.00 99.00 999 9999.0 999.0 999.0 999.0 99.0 99.00
2008 12 11 17 00  29  2.5  3.8 99.00 99.00 99.00 999 9999.0   4.3   4.9 999.0 99.0 99.00
2008 12 11 17 10  17  3.2  5.1 99.00 99.00 99.00 999 9999.0 999.0 999.0 999.0 99.0 99.00
2008 12 11 17 20  33  2.8  3.4 99.00 99.00 99.00 999 9999.0 999.0 999.0 999.0 99.0 99.00
2008 12 11 18 00  42  2.9  4.0 99.00 99.00 99.00 999 9999.0   4.3   4.8 999.0 99.0 99.00
2008 12 11 18 10  27  2.6  3.9 99.00 99.00 99.00 999 9999.0 999.0 999.0 999.0 99.0 99.00
2008 12 11 18 20  31  2.9  4.3 99.00 99.00 99.00 999 9999.0 999.0 999.0 999.0 99.0 99.00
2008 12 11 19 00  21  2.7  3.5 99.00 99.00 99.00 999 9999.0   4.4   4.7 999.0 99.0 99.00
2008 12 11 19 10  30  2.9  4.0 99.00 99.00 99.00 999 9999.0 999.0 999.0 999.0 99.0 99.00
2008 12 11 19 20  29  3.4  5.0 99.00 99.00 99.00 999 9999.0 999.0 999.0 999.0 99.0 99.00
2008 12 11 20 00  57  4.7  6.3 99.00 99.00 99.00 999 9999.0   4.2   4.7 999.0 99.0 99.00
2008 12 11 20 10  47  3.6  5.3 99.00 99.00 99.00 999 9999.0 999.0 999.0 999.0 99.0 99.00
2008 12 11 20 20  44  3.5  5.1 99.00 99.00 99.00 999 9999.0 999.0 999.0 999.0 99.0 99.00
2008 12 11 21 00  49  3.5  5.2 99.00 99.00 99.00 999 9999.0   4.5   4.7 999.0 99.0 99.00
2008 12 11 21 10  47  3.4  5.5 99.00 99.00 99.00 999 9999.0 999.0 999.0 999.0 99.0 99.00
2008 12 11 21 20  36  2.8  4.3 99.00 99.00 99.00 999 9999.0 999.0 999.0 999.0 99.0 99.00
2008 12 11 22 00  43  2.9  4.3 99.00 99.00 99.00 999 9999.0   4.3   4.8 999.0 99.0 99.00
2008 12 11 22 10  22  2.3  3.1 99.00 99.00 99.00 999 9999.0 999.0 999.0 999.0 99.0 99.00
2008 12 11 22 20  22  2.3  3.0 99.00 99.00 99.00 999 9999.0 999.0 999.0 999.0 99.0 99.00
2008 12 11 23 00  14  3.4  4.8 99.00 99.00 99.00 999 9999.0   4.3   4.8 999.0 99.0 99.00
2008 12 11 23 10  18  3.8  5.1 99.00 99.00 99.00 999 9999.0 999.0 999.0 999.0 99.0 99.00
2008 12 11 23 20  17  4.6  6.1 99.00 99.00 99.00 999 9999.0 999.0 999.0 999.0 99.0 99.00
2008 12 12 00 00  18  4.8  6.7 99.00 99.00 99.00 999 9999.0   4.3   5.0 999.0 99.0 99.00
2008 12 12 00 10  26  4.5  6.6 99.00 99.00 99.00 999 9999.0 999.0 999.0 999.0 99.0 99.00
2008 12 12 00 20  36  4.4  6.1 99.00 99.00 99.00 999 9999.0 999.0 999.0 999.0 99.0 99.00
2008 12 12 01 00  50  4.6  6.6 99.00 99.00 99.00 999 9999.0   4.4   4.9 999.0 99.0 99.00
2008 12 12 01 10  40  4.0  5.8 99.00 99.00 99.00 999 9999.0 999.0 999.0 999.0 99.0 99.00
2008 12 12 01 20  37  3.8  5.5 99.00 99.00 99.00 999 9999.0 999.0 999.0 999.0 99.0 99.00
2008 12 12 02 00  47  4.2  6.3 99.00 99.00 99.00 999 9999.0   4.3   4.8 999.0 99.0 99.00
2008 12 12 02 10  44  4.5  6.7 99.00 99.00 99.00 999 9999.0 999.0 999.0 999.0 99.0 99.00
2008 12 12 02 20  55  4.5  7.3 99.00 99.00 99.00 999 9999.0 999.0 999.0 999.0 99.0 99.00
2008 12 12 03 00  43  3.0  4.4 99.00 99.00 99.00 999 9999.0   4.6   4.9 999.0 99.0 99.00
2008 12 12 03 10  21  3.4  5.1 99.00 99.00 99.00 999 9999.0 999.0 999.0 999.0 99.0 99.00
2008 12 12 03 20  22  3.8  7.2 99.00 99.00 99.00 999 9999.0 999.0 999.0 999.0 99.0 99.00
2008 12 12 04 00   2  4.4  5.3 99.00 99.00 99.00 999 9999.0   4.5   4.9 999.0 99.0 99.00
2008 12 12 04 10   6  3.2  4.0 99.00 99.00 99.00 999 9999.0 999.0 999.0 999.0 99.0 99.00
2008 12 12 04 20 350  5.3  7.4 99.00 99.00 99.00 999 9999.0 999.0 999.0 999.0 99.0 99.00
2008 12 12 05 00 334  7.8 10.2 99.00 99.00 99.00 999 9999.0   3.8   4.9 999.0 99.0 99.00
2008 12 12 05 10 341  7.5  9.6 99.00 99.00 99.00 999 9999.0 999.0 999.0 999.0 99.0 99.00
2008 12 12 05 20 358  7.6 10.2 99.00 99.00 99.00 999 9999.0 999.0 999.0 999.0 99.0 99.00
2008 12 12 06 00 359  8.4 10.3 99.00 99.00 99.00 999 9999.0   3.3   4.9 999.0 99.0 99.00
2008 12 12 06 10   7  6.6  9.4 99.00 99.00 99.00 999 9999.0 999.0 999.0 999.0 99.0 99.00
2008 12 12 06 20  12  5.5  7.2 99.00 99.00 99.00 999 9999.0 999.0 999.0 999.0 99.0 99.00
2008 12 12 07 00   2  4.4  5.5 99.00 99.00 99.00 999 9999.0   3.4   4.9 999.0 99.0 99.00
2008 12 12 07 10 354  4.4  6.0 99.00 99.00 99.00 999 9999.0 999.0 999.0 999.0 99.0 99.00
2008 12 12 07 20 354  4.8  7.3 99.00 99.00 99.00 999 9999.0 999.0 999.0 999.0 99.0 99.00
2008 12 12 08 00   6  4.1  5.6 99.00 99.00 99.00 999 9999.0   3.4   4.9 999.0 99.0 99.00
2008 12 12 08 10 355  3.5  4.7 99.00 99.00 99.00 999 9999.0 999.0 999.0 999.0 99.0 99.00
2008 12 12 08 20 348  2.9  4.2 99.00 99.00 99.00 999 9999.0 999.0 999.0 999.0 99.0 99.00
2008 12 12 09 00  84  0.5  1.4 99.00 99.00 99.00 999 9999.0   3.4   4.9 999.0 99.0 99.00
2008 12 12 09 10 296  3.0  4.6 99.00 99.00 99.00 999 9999.0 999.0 999.0 999.0 99.0 99.00
2008 12 12 09 20 302  4.3  5.7 99.00 99.00 99.00 999 9999.0 999.0 999.0 999.0 99.0 99.00
2008 12 12 10 00 309  4.4  6.7 99.00 99.00 99.00 999 9999.0   3.6   4.9 999.0 99.0 99.00
2008 12 12 10 10 313  4.1  6.1 99.00 99.00 99.00 999 9999.0 999.0 999.0 999.0 99.0 99.00
2008 12 12 10 20 319  4.4  6.4 99.00 99.00 99.00 999 9999.0 999.0 999.0 999.0 99.0 99.00
2008 12 12 11 00 316  5.4  7.4 99.00 99.00 99.00 999 9999.0   4.3   4.9 999.0 99.0 99.00
2008 12 12 11 10 322  5.9  7.6 99.00 99.00 99.00 999 9999.0 999.0 999.0 999.0 99.0 99.00
2008 12 12 11 20 333  5.5  7.4 99.00 99.00 99.00 999 9999.0 999.0 999.0 999.0 99.0 99.00
2008 12 12 12 00 325  5.9  9.1 99.00 99.00 99.00 999 9999.0   4.4   5.0 999.0 99.0 99.00
2008 12 12 12 10 320  5.0  7.8 99.00 99.00 99.00 999 9999.0 999.0 999.0 999.0 99.0 99.00
2008 12 12 12 20 314  4.9  6.9 99.00 99.00 99.00 999 9999.0 999.0 999.0 999.0 99.0 99.00
2008 12 12 13 00 329  8.6 11.8 99.00 99.00 99.00 999 9999.0   4.9   5.1 999.0 99.0 99.00
2008 12 12 13 10 333  8.6 12.4 99.00 99.00 99.00 999 9999.0 999.0 999.0 999.0 99.0 99.00
2008 12 12 13 20 337  8.4 13.4 99.00 99.00 99.00 999 9999.0 999.0 999.0 999.0 99.0 99.00
2008 12 12 14 00 351 10.6 15.1 99.00 99.00 99.00 999 9999.0   4.6   5.0 999.0 99.0 99.00
2008 12 12 14 10 353  9.1 13.5 99.00 99.00 99.00 999 9999.0 999.0 999.0 999.0 99.0 99.00
2008 12 12 14 20 351  7.9 10.8 99.00 99.00 99.00 999 9999.0 999.0 999.0 999.0 99.0 99.00
2008 12 12 15 00 341  7.9 11.6 99.00 99.00 99.00 999 9999.0   5.3   5.1 999.0 99.0 99.00
2008 12 12 15 10 345  8.7 10.9 99.00 99.00 99.00 999 9999.0 999.0 999.0 999.0 99.0 99.00
2008 12 12 15 20 347  8.7 12.6 99.00 99.00 99.00 999 9999.0 999.0 999.0 999.0 99.0 99.00
2008 12 12 16 00 340  7.0 10.7 99.00 99.00 99.00 999 9999.0   5.5   5.2 999.0 99.0 99.00
2008 12 12 16 10 336  7.5 11.0 99.00 99.00 99.00 999 9999.0 999.0 999.0 999.0 99.0 99.00
2008 12 12 16 20 339  7.0  9.4 99.00 99.00 99.00 999 9999.0 999.0 999.0 999.0 99.0 99.00
2008 12 12 17 00 333  7.1 10.2 99.00 99.00 99.00 999 9999.0   5.9   5.0 999.0 99.0 99.00
2008 12 12 17 10 331  9.2 12.4 99.00 99.00 99.00 999 9999.0 999.0 999.0 999.0 99.0 99.00
2008 12 12 17 20 334  8.8 12.4 99.00 99.00 99.00 999 9999.0 999.0 999.0 999.0 99.0 99.00
2008 12 12 18 00 342  7.6 10.9 99.00 99.00 99.00 999 9999.0   5.6   5.1 999.0 99.0 99.00
2008 12 12 18 10 348  7.3  9.5 99.00 99.00 99.00 999 9999.0 999.0 999.0 999.0 99.0 99.00
2008 12 12 18 20 336  7.5 10.7 99.00 99.00 99.00 999 9999.0 999.0 999.0 999.0 99.0 99.00
2008 12 12 19 00 336  8.9 11.9 99.00 99.00 99.00 999 9999.0   5.0   5.2 999.0 99.0 99.00
2008 12 12 19 10 322  9.0 11.9 99.00 99.00 99.00 999 9999.0 999.0 999.0 999.0 99.0 99.00
2008 12 12 19 20 329  9.0 12.6 99.00 99.00 99.00 999 9999.0 999.0 999.0 999.0 99.0 99.00
2008 12 12 20 00 321  7.9 12.1 99.00 99.00 99.00 999 9999.0   4.4   5.1 999.0 99.0 99.00
2008 12 12 20 10 329  9.5 14.6 99.00 99.00 99.00 999 9999.0 999.0 999.0 999.0 99.0 99.00
2008 12 12 20 20 325  8.5 12.2 99.00 99.00 99.00 999 9999.0 999.0 999.0 999.0 99.0 99.00
2008 12 12 21 00 331  8.8 12.3 99.00 99.00 99.00 999 9999.0   4.1   5.1 999.0 99.0 99.00
2008 12 12 21 10 333  8.3 10.5 99.00 99.00 99.00 999 9999.0 999.0 999.0 999.0 99.0 99.00
2008 12 12 21 20 338  7.5 10.9 99.00 99.00 99.00 999 9999.0 999.0 999.0 999.0 99.0 99.00
2008 12 12 22 00 335  5.6  8.5 99.00 99.00 99.00 999 9999.0   3.9   5.1 999.0 99.0 99.00
2008 12 12 22 10 331  5.3  8.1 99.00 99.00 99.00 999 9999.0 999.0 999.0 999.0 99.0 99.00
2008 12 12 22 20 325  5.0  7.0 99.00 99.00 99.00 999 9999.0 999.0 999.0 999.0 99.0 99.00
2008 12 12 23 00 293  2.7  3.6 99.00 99.00 99.00 999 9999.0   3.2   5.0 999.0 99.0 99.00
2008 12 12 23 10 284  2.9  3.4 99.00 99.00 99.00 999 9999.0 999.0 999.0 999.0 99.0 99.00
2008 12 12 23 20 280  2.9  3.7 99.00 99.00 99.00 999 9999.0 999.0 999.0 999.0 99.0 99.00
2008 12 13 00 00 293  4.1  5.1 99.00 99.00 99.00 999 9999.0   2.7   4.8 999.0 99.0 99.00
2008 12 13 00 10 290  3.9  4.6 99.00 99.00 99.00 999 9999.0 999.0 999.0 999.0 99.0 99.00
2008 12 13 00 20 297  3.9  4.9 99.00 99.00 99.00 999 9999.0 999.0 999.0 999.0 99.0 99.00
2008 12 13 01 00 307  3.5  4.4 99.00 99.00 99.00 999 9999.0   2.5   4.7 999.0 99.0 99.00
2008 12 13 01 10 305  3.6  4.7 99.00 99.00 99.00 999 9999.0 999.0 999.0 999.0 99.0 99.00
2008 12 13 01 20 301  3.0  4.6 99.00 99.00 99.00 999 9999.0 999.0 999.0 999.0 99.0 99.00
2008 12 13 02 00 296  4.2  5.4 99.00 99.00 99.00 999 9999.0   2.6   4.6 999.0 99.0 99.00
2008 12 13 02 10 295  4.4  6.8 99.00 99.00 99.00 999 9999.0 999.0 999.0 999.0 99.0 99.00
2008 12 13 02 20 305  4.7  6.7 99.00 99.00 99.00 999 9999.0 999.0 999.0 999.0 99.0 99.00
2008 12 13 03 00 306  5.9  8.5 99.00 99.00 99.00 999 9999.0   2.6   4.2 999.0 99.0 99.00
2008 12 13 03 10 309  5.8  8.4 99.00 99.00 99.00 999 9999.0 999.0 999.0 999.0 99.0 99.00
2008 12 13 03 20 309  6.8  8.8 99.00 99.00 99.00 999 9999.0 999.0 999.0 999.0 99.0 99.00
2008 12 13 04 00 304  5.2  7.4 99.00 99.00 99.00 999 9999.0   1.6   3.9 999.0 99.0 99.00
2008 12 13 04 10 306  4.5  8.1 99.00 99.00 99.00 999 9999.0 999.0 999.0 999.0 99.0 99.00
2008 12 13 04 20 310  4.4  6.1 99.00 99.00 99.00 999 9999.0 999.0 999.0 999.0 99.0 99.00
2008 12 13 05 00 311  3.9  5.3 99.00 99.00 99.00 999 9999.0   1.0   3.6 999.0 99.0 99.00
2008 12 13 05 10 314  4.6  6.5 99.00 99.00 99.00 999 9999.0 999.0 999.0 999.0 99.0 99.00
2008 12 13 05 20 307  4.7  7.8 99.00 99.00 99.00 999 9999.0 999.0 999.0 999.0 99.0 99.00
2008 12 13 06 00 323  4.5  6.5 99.00 99.00 99.00 999 9999.0   0.6   3.4 999.0 99.0 99.00
2008 12 13 06 10 324  4.0  6.6 99.00 99.00 99.00 999 9999.0 999.0 999.0 999.0 99.0 99.00
2008 12 13 06 20 322  4.8  6.6 99.00 99.00 99.00 999 9999.0 999.0 999.0 999.0 99.0 99.00
2008 12 13 07 00 318  4.5  7.1 99.00 99.00 99.00 999 9999.0   0.4   3.8 999.0 99.0 99.00
2008 12 13 07 10 318  4.1  5.8 99.00 99.00 99.00 999 9999.0 999.0 999.0 999.0 99.0 99.00
2008 12 13 07 20 320  4.9  6.6 99.00 99.00 99.00 999 9999.0 999.0 999.0 999.0 99.0 99.00
2008 12 13 08 00 310  4.3  5.7 99.00 99.00 99.00 999 9999.0   0.0   4.1 999.0 99.0 99.00
2008 12 13 08 10 306  4.2  6.1 99.00 99.00 99.00 999 9999.0 999.0 999.0 999.0 99.0 99.00
2008 12 13 08 20 309  5.0  6.8 99.00 99.00 99.00 999 9999.0 999.0 999.0 999.0 99.0 99.00
2008 12 13 09 00 313  4.3  6.6 99.00 99.00 99.00 999 9999.0  -0.5   3.4 999.0 99.0 99.00
2008 12 13 09 10 318  4.3  5.8 99.00 99.00 99.00 999 9999.0 999.0 999.0 999.0 99.0 99.00
2008 12 13 09 20 320  4.0  5.8 99.00 99.00 99.00 999 9999.0 999.0 999.0 999.0 99.0 99.00
2008 12 13 10 00 334  6.6  8.9 99.00 99.00 99.00 999 9999.0  -0.6   3.2 999.0 99.0 99.00
2008 12 13 10 10 331  6.1  8.6 99.00 99.00 99.00 999 9999.0 999.0 999.0 999.0 99.0 99.00
2008 12 13 10 20 331  6.1  8.4 99.00 99.00 99.00 999 9999.0 999.0 999.0 999.0 99.0 99.00
2008 12 13 11 00 319  4.5  6.6 99.00 99.00 99.00 999 9999.0  -1.0   3.1 999.0 99.0 99.00
2008 12 13 11 10 321  4.8  6.5 99.00 99.00 99.00 999 9999.0 999.0 999.0 999.0 99.0 99.00
2008 12 13 11 20 325  5.3  7.7 99.00 99.00 99.00 999 9999.0 999.0 999.0 999.0 99.0 99.00
2008 12 13 12 00 323  5.0  6.9 99.00 99.00 99.00 999 9999.0  -1.1   2.9 999.0 99.0 99.00
2008 12 13 12 20 326  5.3  7.9 99.00 99.00 99.00 999 9999.0 999.0 999.0 999.0 99.0 99.00
2008 12 13 13 00 331  3.9  5.3 99.00 99.00 99.00 999 9999.0  -0.7   2.8 999.0 99.0 99.00
2008 12 13 13 10 355  3.8  5.6 99.00 99.00 99.00 999 9999.0 999.0 999.0 999.0 99.0 99.00
2008 12 13 13 20   2  3.9  5.3 99.00 99.00 99.00 999 9999.0 999.0 999.0 999.0 99.0 99.00
2008 12 13 14 00 329  4.6  7.2 99.00 99.00 99.00 999 9999.0  -0.5   2.6 999.0 99.0 99.00
2008 12 13 14 10 336  4.7  6.2 99.00 99.00 99.00 999 9999.0 999.0 999.0 999.0 99.0 99.00
2008 12 13 14 20 347  4.7  6.8 99.00 99.00 99.00 999 9999.0 999.0 999.0 999.0 99.0 99.00
2008 12 13 15 00 353  7.0 10.0 99.00 99.00 99.00 999 9999.0  -0.3   2.6 999.0 99.0 99.00
2008 12 13 15 10 350  7.0  8.9 99.00 99.00 99.00 999 9999.0 999.0 999.0 999.0 99.0 99.00
2008 12 13 15 20 346  6.9 10.0 99.00 99.00 99.00 999 9999.0 999.0 999.0 999.0 99.0 99.00
2008 12 13 16 00 331  6.6  8.9 99.00 99.00 99.00 999 9999.0   0.2   2.7 999.0 99.0 99.00
2008 12 13 16 10 343  5.8  8.2 99.00 99.00 99.00 999 9999.0 999.0 999.0 999.0 99.0 99.00
2008 12 13 16 20 355  5.8  7.8 99.00 99.00 99.00 999 9999.0 999.0 999.0 999.0 99.0 99.00
2008 12 13 17 00 356  5.3  8.1 99.00 99.00 99.00 999 9999.0   0.2   2.6 999.0 99.0 99.00
2008 12 13 17 10 349  5.3  6.8 99.00 99.00 99.00 999 9999.0 999.0 999.0 999.0 99.0 99.00
2008 12 13 17 20 353  5.4  7.3 99.00 99.00 99.00 999 9999.0 999.0 999.0 999.0 99.0 99.00
2008 12 13 18 00 347  4.6  5.8 99.00 99.00 99.00 999 9999.0   0.5   2.5 999.0 99.0 99.00
2008 12 13 18 10 347  4.6  5.9 99.00 99.00 99.00 999 9999.0 999.0 999.0 999.0 99.0 99.00
2008 12 13 18 20 353  4.5  5.9 99.00 99.00 99.00 999 9999.0 999.0 999.0 999.0 99.0 99.00
2008 12 13 19 00 354  4.3  6.4 99.00 99.00 99.00 999 9999.0   0.9   2.4 999.0 99.0 99.00
2008 12 13 19 10   0  4.4  5.5 99.00 99.00 99.00 999 9999.0 999.0 999.0 999.0 99.0 99.00
2008 12 13 19 20 352  3.4  5.0 99.00 99.00 99.00 999 9999.0 999.0 999.0 999.0 99.0 99.00
2008 12 13 20 00   9  2.5  3.7 99.00 99.00 99.00 999 9999.0   1.3   2.4 999.0 99.0 99.00
2008 12 13 20 10   4  3.0  4.5 99.00 99.00 99.00 999 9999.0 999.0 999.0 999.0 99.0 99.00
2008 12 13 20 20 354  3.1  3.9 99.00 99.00 99.00 999 9999.0 999.0 999.0 999.0 99.0 99.00
2008 12 13 21 00 335  3.5  5.2 99.00 99.00 99.00 999 9999.0   1.5   2.5 999.0 99.0 99.00
2008 12 13 21 10 319  3.7  5.1 99.00 99.00 99.00 999 9999.0 999.0 999.0 999.0 99.0 99.00
2008 12 13 21 20 332  3.3  4.3 99.00 99.00 99.00 999 9999.0 999.0 999.0 999.0 99.0 99.00
2008 12 13 22 00 338  2.3  3.1 99.00 99.00 99.00 999 9999.0   1.1   2.5 999.0 99.0 99.00
2008 12 13 22 10 331  1.8  2.4 99.00 99.00 99.00 999 9999.0 999.0 999.0 999.0 99.0 99.00
2008 12 13 22 20 322  1.7  2.2 99.00 99.00 99.00 999 9999.0 999.0 999.0 999.0 99.0 99.00
2008 12 13 23 00 348  1.4  1.8 99.00 99.00 99.00 999 9999.0   0.8   2.7 999.0 99.0 99.00
2008 12 13 23 10  28  0.9  1.0 99.00 99.00 99.00 999 9999.0 999.0 999.0 999.0 99.0 99.00
2008 12 13 23 20  60  0.6  0.9 99.00 99.00 99.00 999 9999.0 999.0 999.0 999.0 99.0 99.00
2008 12 14 00 00  63  0.9  1.4 99.00 99.00 99.00 999 9999.0  -0.4   2.7 999.0 99.0 99.00
2008 12 14 00 10  91  0.5  0.8 99.00 99.00 99.00 999 9999.0 999.0 999.0 999.0 99.0 99.00
2008 12 14 00 20 121  1.1  1.6 99.00 99.00 99.00 999 9999.0 999.0 999.0 999.0 99.0 99.00
2008 12 14 01 00   5  2.1  2.5 99.00 99.00 99.00 999 9999.0  -0.7   2.7 999.0 99.0 99.00
2008 12 14 01 10  19  1.7  2.2 99.00 99.00 99.00 999 9999.0 999.0 999.0 999.0 99.0 99.00
2008 12 14 01 20  59  0.8  1.4 99.00 99.00 99.00 999 9999.0 999.0 999.0 999.0 99.0 99.00
2008 12 14 02 00 148  2.6  4.3 99.00 99.00 99.00 999 9999.0  -0.3   2.8 999.0 99.0 99.00
2008 12 14 02 10 173  3.5  4.3 99.00 99.00 99.00 999 9999.0 999.0 999.0 999.0 99.0 99.00
2008 12 14 02 20 177  3.9  4.5 99.00 99.00 99.00 999 9999.0 999.0 999.0 999.0 99.0 99.00
2008 12 14 03 00  52  1.1  1.7 99.00 99.00 99.00 999 9999.0  -0.6   2.8 999.0 99.0 99.00
2008 12 14 03 10  53  1.0  1.7 99.00 99.00 99.00 999 9999.0 999.0 999.0 999.0 99.0 99.00
2008 12 14 03 20  81  0.5  0.9 99.00 99.00 99.00 999 9999.0 999.0 999.0 999.0 99.0 99.00
2008 12 14 04 00   8  1.9  2.5 99.00 99.00 99.00 999 9999.0  -1.4   2.7 999.0 99.0 99.00
2008 12 14 04 10  15  1.4  2.2 99.00 99.00 99.00 999 9999.0 999.0 999.0 999.0 99.0 99.00
2008 12 14 04 20  31  1.1  1.5 99.00 99.00 99.00 999 9999.0 999.0 999.0 999.0 99.0 99.00
2008 12 14 05 00  19  1.2  1.6 99.00 99.00 99.00 999 9999.0  -1.8   2.7 999.0 99.0 99.00
2008 12 14 05 10  36  1.3  1.8 99.00 99.00 99.00 999 9999.0 999.0 999.0 999.0 99.0 99.00
2008 12 14 05 20  62  1.4  2.5 99.00 99.00 99.00 999 9999.0 999.0 999.0 999.0 99.0 99.00
2008 12 14 06 00 118  1.5  3.4 99.00 99.00 99.00 999 9999.0  -1.2   2.7 999.0 99.0 99.00
2008 12 14 06 10 207  3.3  4.2 99.00 99.00 99.00 999 9999.0 999.0 999.0 999.0 99.0 99.00
2008 12 14 06 20 211  3.6  4.5 99.00 99.00 99.00 999 9999.0 999.0 999.0 999.0 99.0 99.00
2008 12 14 07 00 210  3.0  3.5 99.00 99.00 99.00 999 9999.0   0.4   2.7 999.0 99.0 99.00
2008 12 14 07 10 203  3.7  5.0 99.00 99.00 99.00 999 9999.0 999.0 999.0 999.0 99.0 99.00
2008 12 14 07 20 198  4.4  5.1 99.00 99.00 99.00 999 9999.0 999.0 999.0 999.0 99.0 99.00
2008 12 14 08 00 192  4.6  5.8 99.00 99.00 99.00 999 9999.0   0.3   2.7 999.0 99.0 99.00
2008 12 14 08 10 209  4.9  6.2 99.00 99.00 99.00 999 9999.0 999.0 999.0 999.0 99.0 99.00
2008 12 14 08 20 218  4.3  5.4 99.00 99.00 99.00 999 9999.0 999.0 999.0 999.0 99.0 99.00
2008 12 14 09 00 193  3.9  4.7 99.00 99.00 99.00 999 9999.0   0.1   2.9 999.0 99.0 99.00
2008 12 14 09 20 185  5.4  6.3 99.00 99.00 99.00 999 9999.0 999.0 999.0 999.0 99.0 99.00
2008 12 14 10 00 167  4.9  6.1 99.00 99.00 99.00 999 9999.0   0.2   2.9 999.0 99.0 99.00
2008 12 14 10 10 166  4.8  6.0 99.00 99.00 99.00 999 9999.0 999.0 999.0 999.0 99.0 99.00
2008 12 14 10 20 170  3.7  4.6 99.00 99.00 99.00 999 9999.0 999.0 999.0 999.0 99.0 99.00
2008 12 14 11 00 205  3.4  5.4 99.00 99.00 99.00 999 9999.0   0.3   2.9 999.0 99.0 99.00
2008 12 14 11 10 194  4.0  5.2 99.00 99.00 99.00 999 9999.0 999.0 999.0 999.0 99.0 99.00
2008 12 14 11 20 196  3.4  4.8 99.00 99.00 99.00 999 9999.0 999.0 999.0 999.0 99.0 99.00
2008 12 14 12 00 182  3.7  4.8 99.00 99.00 99.00 999 9999.0   0.5   3.1 999.0 99.0 99.00
2008 12 14 12 10 190  3.8  6.4 99.00 99.00 99.00 999 9999.0 999.0 999.0 999.0 99.0 99.00
2008 12 14 12 20 185  4.0  5.4 99.00 99.00 99.00 999 9999.0 999.0 999.0 999.0 99.0 99.00
2008 12 14 13 00 195  6.2  7.8 99.00 99.00 99.00 999 9999.0   0.9   3.5 999.0 99.0 99.00
2008 12 14 13 20 206  5.1  6.1 99.00 99.00 99.00 999 9999.0 999.0 999.0 999.0 99.0 99.00
2008 12 14 14 00 212  5.0  6.5 99.00 99.00 99.00 999 9999.0   1.9   3.6 999.0 99.0 99.00
2008 12 14 14 10 208  5.2  6.6 99.00 99.00 99.00 999 9999.0 999.0 999.0 999.0 99.0 99.00
2008 12 14 14 20 204  5.0  6.1 99.00 99.00 99.00 999 9999.0 999.0 999.0 999.0 99.0 99.00
2008 12 14 15 00 200  5.0  6.5 99.00 99.00 99.00 999 9999.0   2.8   3.6 999.0 99.0 99.00
2008 12 14 15 10 198  4.7  6.1 99.00 99.00 99.00 999 9999.0 999.0 999.0 999.0 99.0 99.00
2008 12 14 15 20 187  4.9  6.0 99.00 99.00 99.00 999 9999.0 999.0 999.0 999.0 99.0 99.00
2008 12 14 16 00 216  6.3  7.6 99.00 99.00 99.00 999 9999.0   4.2   3.7 999.0 99.0 99.00
2008 12 14 16 10 213  7.5  9.3 99.00 99.00 99.00 999 9999.0 999.0 999.0 999.0 99.0 99.00
2008 12 14 16 20 212  7.6  9.3 99.00 99.00 99.00 999 9999.0 999.0 999.0 999.0 99.0 99.00
2008 12 14 17 00 214  6.6  8.0 99.00 99.00 99.00 999 9999.0   5.1   3.8 999.0 99.0 99.00
2008 12 14 17 10 211  6.4  7.9 99.00 99.00 99.00 999 9999.0 999.0 999.0 999.0 99.0 99.00
2008 12 14 17 20 212  5.7  6.9 99.00 99.00 99.00 999 9999.0 999.0 999.0 999.0 99.0 99.00
2008 12 14 18 00 220  4.6  5.6 99.00 99.00 99.00 999 9999.0   5.5   3.7 999.0 99.0 99.00
2008 12 14 18 10 216  4.8  5.8 99.00 99.00 99.00 999 9999.0 999.0 999.0 999.0 99.0 99.00
2008 12 14 18 20 219  4.6  6.2 99.00 99.00 99.00 999 9999.0 999.0 999.0 999.0 99.0 99.00
2008 12 14 19 00 218  5.7  7.1 99.00 99.00 99.00 999 9999.0   6.0   3.8 999.0 99.0 99.00
2008 12 14 19 10 223  6.1  7.2 99.00 99.00 99.00 999 9999.0 999.0 999.0 999.0 99.0 99.00
2008 12 14 19 20 222  6.1  7.2 99.00 99.00 99.00 999 9999.0 999.0 999.0 999.0 99.0 99.00
2008 12 14 20 00 219  5.1  6.2 99.00 99.00 99.00 999 9999.0   6.4   3.9 999.0 99.0 99.00
2008 12 14 20 10 212  4.2  4.9 99.00 99.00 99.00 999 9999.0 999.0 999.0 999.0 99.0 99.00
2008 12 14 20 20 205  3.2  4.3 99.00 99.00 99.00 999 9999.0 999.0 999.0 999.0 99.0 99.00
2008 12 14 21 00 219  3.6  4.7 99.00 99.00 99.00 999 9999.0   6.4   4.1 999.0 99.0 99.00
2008 12 14 21 10 214  3.7  4.4 99.00 99.00 99.00 999 9999.0 999.0 999.0 999.0 99.0 99.00
2008 12 14 21 20 206  3.5  4.1 99.00 99.00 99.00 999 9999.0 999.0 999.0 999.0 99.0 99.00
2008 12 14 22 00 189  2.3  2.9 99.00 99.00 99.00 999 9999.0   5.7   4.0 999.0 99.0 99.00
2008 12 14 22 10 171  2.6  3.2 99.00 99.00 99.00 999 9999.0 999.0 999.0 999.0 99.0 99.00
2008 12 14 22 20 184  2.7  3.1 99.00 99.00 99.00 999 9999.0 999.0 999.0 999.0 99.0 99.00
2008 12 14 23 00 183  3.6  4.1 99.00 99.00 99.00 999 9999.0   5.8   4.1 999.0 99.0 99.00
2008 12 14 23 20 154  1.4  1.9 99.00 99.00 99.00 999 9999.0 999.0 999.0 999.0 99.0 99.00
2008 12 15 00 00 212  1.8  2.2 99.00 99.00 99.00 999 9999.0   5.5   3.9 999.0 99.0 99.00
2008 12 15 00 10 220  1.7  2.3 99.00 99.00 99.00 999 9999.0 999.0 999.0 999.0 99.0 99.00
2008 12 15 00 20 224  1.8  2.6 99.00 99.00 99.00 999 9999.0 999.0 999.0 999.0 99.0 99.00
2008 12 15 01 00 211  2.4  3.4 99.00 99.00 99.00 999 9999.0   5.7   4.1 999.0 99.0 99.00
2008 12 15 01 10 211  3.3  3.9 99.00 99.00 99.00 999 9999.0 999.0 999.0 999.0 99.0 99.00
2008 12 15 01 20 203  3.3  3.9 99.00 99.00 99.00 999 9999.0 999.0 999.0 999.0 99.0 99.00
2008 12 15 02 00 200  1.6  2.3 99.00 99.00 99.00 999 9999.0   5.8   4.1 999.0 99.0 99.00
2008 12 15 02 10 181  2.2  2.6 99.00 99.00 99.00 999 9999.0 999.0 999.0 999.0 99.0 99.00
2008 12 15 02 20 153  1.8  2.7 99.00 99.00 99.00 999 9999.0 999.0 999.0 999.0 99.0 99.00
2008 12 15 03 00 167  1.1  1.5 99.00 99.00 99.00 999 9999.0   5.0   4.0 999.0 99.0 99.00
2008 12 15 03 10 182  1.5  1.7 99.00 99.00 99.00 999 9999.0 999.0 999.0 999.0 99.0 99.00
2008 12 15 03 20 176  2.3  2.8 99.00 99.00 99.00 999 9999.0 999.0 999.0 999.0 99.0 99.00
2008 12 15 04 00 180  2.3  2.6 99.00 99.00 99.00 999 9999.0   5.0   3.8 999.0 99.0 99.00
2008 12 15 04 10 173  2.5  2.9 99.00 99.00 99.00 999 9999.0 999.0 999.0 999.0 99.0 99.00
2008 12 15 04 20 169  2.3  2.6 99.00 99.00 99.00 999 9999.0 999.0 999.0 999.0 99.0 99.00
2008 12 15 05 00 151  1.4  1.8 99.00 99.00 99.00 999 9999.0   4.5   3.8 999.0 99.0 99.00
2008 12 15 05 10 160  2.2  2.7 99.00 99.00 99.00 999 9999.0 999.0 999.0 999.0 99.0 99.00
2008 12 15 05 20 169  2.2  2.6 99.00 99.00 99.00 999 9999.0 999.0 999.0 999.0 99.0 99.00
2008 12 15 06 00 173  2.7  2.9 99.00 99.00 99.00 999 9999.0   4.8   3.7 999.0 99.0 99.00
2008 12 15 06 10 177  2.6  3.1 99.00 99.00 99.00 999 9999.0 999.0 999.0 999.0 99.0 99.00
2008 12 15 06 20 172  2.6  2.8 99.00 99.00 99.00 999 9999.0 999.0 999.0 999.0 99.0 99.00
2008 12 15 07 00 142  1.6  1.8 99.00 99.00 99.00 999 9999.0   4.8   3.6 999.0 99.0 99.00
2008 12 15 07 10 144  1.5  1.8 99.00 99.00 99.00 999 9999.0 999.0 999.0 999.0 99.0 99.00
2008 12 15 07 20 327  0.5  1.1 99.00 99.00 99.00 999 9999.0 999.0 999.0 999.0 99.0 99.00
2008 12 15 08 00 345  0.5  0.9 99.00 99.00 99.00 999 9999.0   4.9   3.6 999.0 99.0 99.00
2008 12 15 08 10 272  0.1  0.4 99.00 99.00 99.00 999 9999.0 999.0 999.0 999.0 99.0 99.00
2008 12 15 08 20 288 99.0  0.3 99.00 99.00 99.00 999 9999.0 999.0 999.0 999.0 99.0 99.00
2008 12 15 09 00 108  2.1  2.8 99.00 99.00 99.00 999 9999.0   5.3   3.6 999.0 99.0 99.00
2008 12 15 09 10 108  1.4  1.8 99.00 99.00 99.00 999 9999.0 999.0 999.0 999.0 99.0 99.00
2008 12 15 09 20 121  1.2  1.6 99.00 99.00 99.00 999 9999.0 999.0 999.0 999.0 99.0 99.00
2008 12 15 10 00 238  0.3  0.9 99.00 99.00 99.00 999 9999.0   5.1   3.6 999.0 99.0 99.00
2008 12 15 10 10 339  0.5  0.9 99.00 99.00 99.00 999 9999.0 999.0 999.0 999.0 99.0 99.00
2008 12 15 10 20  45  0.8  1.0 99.00 99.00 99.00 999 9999.0 999.0 999.0 999.0 99.0 99.00
2008 12 15 11 00  33  0.3  1.1 99.00 99.00 99.00 999 9999.0   5.7   3.6 999.0 99.0 99.00
2008 12 15 11 10  19  0.5  1.0 99.00 99.00 99.00 999 9999.0 999.0 999.0 999.0 99.0 99.00
2008 12 15 11 20 108  1.2  2.2 99.00 99.00 99.00 999 9999.0 999.0 999.0 999.0 99.0 99.00
2008 12 15 12 00 124  1.7  2.3 99.00 99.00 99.00 999 9999.0   5.6   3.6 999.0 99.0 99.00
2008 12 15 12 10 131  2.0  2.3 99.00 99.00 99.00 999 9999.0 999.0 999.0 999.0 99.0 99.00
2008 12 15 12 20 142  2.1  2.5 99.00 99.00 99.00 999 9999.0 999.0 999.0 999.0 99.0 99.00
2008 12 15 13 00 152  4.1  5.4 99.00 99.00 99.00 999 9999.0   5.7   3.7 999.0 99.0 99.00
2008 12 15 13 10 145  3.0  4.2 99.00 99.00 99.00 999 9999.0 999.0 999.0 999.0 99.0 99.00
2008 12 15 13 20 137  2.1  3.2 99.00 99.00 99.00 999 9999.0 999.0 999.0 999.0 99.0 99.00
2008 12 15 14 00 163  0.7  1.3 99.00 99.00 99.00 999 9999.0   7.2   3.9 999.0 99.0 99.00
2008 12 15 14 10 142  1.3  1.9 99.00 99.00 99.00 999 9999.0 999.0 999.0 999.0 99.0 99.00
2008 12 15 14 20 115  1.8  2.1 99.00 99.00 99.00 999 9999.0 999.0 999.0 999.0 99.0 99.00
2008 12 15 15 00 145  2.3  3.0 99.00 99.00 99.00 999 9999.0   7.7   4.0 999.0 99.0 99.00
2008 12 15 15 10 164  1.7  2.3 99.00 99.00 99.00 999 9999.0 999.0 999.0 999.0 99.0 99.00
2008 12 15 15 20 224  3.0  7.1 99.00 99.00 99.00 999 9999.0 999.0 999.0 999.0 99.0 99.00
2008 12 15 16 00 231  4.9  6.6 99.00 99.00 99.00 999 9999.0  10.2   4.2 999.0 99.0 99.00
2008 12 15 16 10 231  5.5  7.0 99.00 99.00 99.00 999 9999.0 999.0 999.0 999.0 99.0 99.00
2008 12 15 16 20 229  6.3  7.3 99.00 99.00 99.00 999 9999.0 999.0 999.0 999.0 99.0 99.00
2008 12 15 17 00 215  3.9  4.5 99.00 99.00 99.00 999 9999.0   9.4   4.0 999.0 99.0 99.00
2008 12 15 17 10 211  4.3  5.1 99.00 99.00 99.00 999 9999.0 999.0 999.0 999.0 99.0 99.00
2008 12 15 17 20 202  4.0  5.7 99.00 99.00 99.00 999 9999.0 999.0 999.0 999.0 99.0 99.00
2008 12 15 18 00 184  3.0  3.5 99.00 99.00 99.00 999 9999.0  10.2   3.9 999.0 99.0 99.00
2008 12 15 18 10 183  2.8  3.2 99.00 99.00 99.00 999 9999.0 999.0 999.0 999.0 99.0 99.00
2008 12 15 18 20 216  2.4  3.3 99.00 99.00 99.00 999 9999.0 999.0 999.0 999.0 99.0 99.00
2008 12 15 19 00 186  1.7  2.3 99.00 99.00 99.00 999 9999.0   9.3   4.0 999.0 99.0 99.00
2008 12 15 19 10 179  2.0  2.6 99.00 99.00 99.00 999 9999.0 999.0 999.0 999.0 99.0 99.00
2008 12 15 19 20 181  2.0  2.8 99.00 99.00 99.00 999 9999.0 999.0 999.0 999.0 99.0 99.00
2008 12 15 20 00 187  1.5  2.1 99.00 99.00 99.00 999 9999.0  11.3   4.0 999.0 99.0 99.00
2008 12 15 20 10 185  1.7  2.3 99.00 99.00 99.00 999 9999.0 999.0 999.0 999.0 99.0 99.00
2008 12 15 20 20 201  1.7  2.1 99.00 99.00 99.00 999 9999.0 999.0 999.0 999.0 99.0 99.00
2008 12 15 21 00 248  0.9  1.9 99.00 99.00 99.00 999 9999.0  11.1   4.0 999.0 99.0 99.00
2008 12 15 21 10 228  1.7  3.2 99.00 99.00 99.00 999 9999.0 999.0 999.0 999.0 99.0 99.00
2008 12 15 21 20 226  2.5  3.1 99.00 99.00 99.00 999 9999.0 999.0 999.0 999.0 99.0 99.00
2008 12 15 22 00 235  1.8  2.5 99.00 99.00 99.00 999 9999.0  10.3   4.1 999.0 99.0 99.00
2008 12 15 22 10 242  1.9  2.3 99.00 99.00 99.00 999 9999.0 999.0 999.0 999.0 99.0 99.00
2008 12 15 22 20 237  1.9  2.5 99.00 99.00 99.00 999 9999.0 999.0 999.0 999.0 99.0 99.00
2008 12 15 23 00 253  1.6  2.4 99.00 99.00 99.00 999 9999.0   9.1   4.1 999.0 99.0 99.00
2008 12 15 23 10 248  2.3  3.4 99.00 99.00 99.00 999 9999.0 999.0 999.0 999.0 99.0 99.00
2008 12 15 23 20 246  1.4  2.7 99.00 99.00 99.00 999 9999.0 999.0 999.0 999.0 99.0 99.00
2008 12 16 00 00 235  1.6  1.9 99.00 99.00 99.00 999 9999.0  11.9   4.1 999.0 99.0 99.00
2008 12 16 00 10 227  2.0  2.4 99.00 99.00 99.00 999 9999.0 999.0 999.0 999.0 99.0 99.00
2008 12 16 00 20 217  2.3  2.5 99.00 99.00 99.00 999 9999.0 999.0 999.0 999.0 99.0 99.00
2008 12 16 01 00 231  1.6  2.3 99.00 99.00 99.00 999 9999.0  12.3   4.1 999.0 99.0 99.00
2008 12 16 01 10 227  1.4  1.8 99.00 99.00 99.00 999 9999.0 999.0 999.0 999.0 99.0 99.00
2008 12 16 01 20 231  1.5  1.9 99.00 99.00 99.00 999 9999.0 999.0 999.0 999.0 99.0 99.00
2008 12 16 02 00 192  2.0  2.5 99.00 99.00 99.00 999 9999.0  12.9   4.3 999.0 99.0 99.00
2008 12 16 02 10 201  2.5  3.1 99.00 99.00 99.00 999 9999.0 999.0 999.0 999.0 99.0 99.00
2008 12 16 02 20 216  2.8  3.5 99.00 99.00 99.00 999 9999.0 999.0 999.0 999.0 99.0 99.00
2008 12 16 03 00 282  3.6  4.1 99.00 99.00 99.00 999 9999.0  13.3   4.3 999.0 99.0 99.00
2008 12 16 03 10 288  3.3  4.1 99.00 99.00 99.00 999 9999.0 999.0 999.0 999.0 99.0 99.00
2008 12 16 03 20 288  3.3  3.9 99.00 99.00 99.00 999 9999.0 999.0 999.0 999.0 99.0 99.00
2008 12 16 04 00 281  3.5  4.3 99.00 99.00 99.00 999 9999.0  12.9   4.3 999.0 99.0 99.00
2008 12 16 04 10 274  3.2  3.7 99.00 99.00 99.00 999 9999.0 999.0 999.0 999.0 99.0 99.00
2008 12 16 04 20 262  2.8  3.3 99.00 99.00 99.00 999 9999.0 999.0 999.0 999.0 99.0 99.00
2008 12 16 05 00 348  3.6  5.1 99.00 99.00 99.00 999 9999.0  11.7   4.2 999.0 99.0 99.00
2008 12 16 05 10 355  4.0  4.9 99.00 99.00 99.00 999 9999.0 999.0 999.0 999.0 99.0 99.00
2008 12 16 05 20 347  3.9  5.5 99.00 99.00 99.00 999 9999.0 999.0 999.0 999.0 99.0 99.00
2008 12 16 06 00 358  5.7  8.4 99.00 99.00 99.00 999 9999.0  10.9   4.2 999.0 99.0 99.00
2008 12 16 06 10 348  5.8  9.1 99.00 99.00 99.00 999 9999.0 999.0 999.0 999.0 99.0 99.00
2008 12 16 06 20 351  4.5  5.9 99.00 99.00 99.00 999 9999.0 999.0 999.0 999.0 99.0 99.00
2008 12 16 07 00 354  4.6  6.8 99.00 99.00 99.00 999 9999.0  10.2   4.1 999.0 99.0 99.00
2008 12 16 07 10 351  5.1  9.9 99.00 99.00 99.00 999 9999.0 999.0 999.0 999.0 99.0 99.00
2008 12 16 07 20 347  6.0  8.8 99.00 99.00 99.00 999 9999.0 999.0 999.0 999.0 99.0 99.00
2008 12 16 08 00 351  7.0  9.5 99.00 99.00 99.00 999 9999.0   8.7   4.2 999.0 99.0 99.00
2008 12 16 08 10 348  6.8  9.5 99.00 99.00 99.00 999 9999.0 999.0 999.0 999.0 99.0 99.00
2008 12 16 08 20 347  7.1 10.1 99.00 99.00 99.00 999 9999.0 999.0 999.0 999.0 99.0 99.00
2008 12 16 09 00 345  5.6  7.7 99.00 99.00 99.00 999 9999.0   7.2   4.1 999.0 99.0 99.00
2008 12 16 09 10 349  5.5  7.2 99.00 99.00 99.00 999 9999.0 999.0 999.0 999.0 99.0 99.00
2008 12 16 09 20 345  8.0 11.1 99.00 99.00 99.00 999 9999.0 999.0 999.0 999.0 99.0 99.00
2008 12 16 10 00 350  4.0  5.5 99.00 99.00 99.00 999 9999.0   4.6   4.0 999.0 99.0 99.00
2008 12 16 10 10 358  3.3  4.3 99.00 99.00 99.00 999 9999.0 999.0 999.0 999.0 99.0 99.00
2008 12 16 10 20   9  2.6  3.5 99.00 99.00 99.00 999 9999.0 999.0 999.0 999.0 99.0 99.00
2008 12 16 11 00 351  3.1  3.9 99.00 99.00 99.00 999 9999.0   4.6   4.0 999.0 99.0 99.00
2008 12 16 11 10   6  2.5  3.6 99.00 99.00 99.00 999 9999.0 999.0 999.0 999.0 99.0 99.00
2008 12 16 11 20  16  2.9  4.3 99.00 99.00 99.00 999 9999.0 999.0 999.0 999.0 99.0 99.00
2008 12 16 12 00 354  5.0  9.4 99.00 99.00 99.00 999 9999.0   4.4   4.0 999.0 99.0 99.00
2008 12 16 12 10 358  5.4  7.5 99.00 99.00 99.00 999 9999.0 999.0 999.0 999.0 99.0 99.00
2008 12 16 12 20 353  3.8  6.1 99.00 99.00 99.00 999 9999.0 999.0 999.0 999.0 99.0 99.00
2008 12 16 13 00  16  4.1  5.5 99.00 99.00 99.00 999 9999.0   3.9   4.1 999.0 99.0 99.00
2008 12 16 13 10  12  3.7  5.0 99.00 99.00 99.00 999 9999.0 999.0 999.0 999.0 99.0 99.00
2008 12 16 13 20   5  4.0  5.4 99.00 99.00 99.00 999 9999.0 999.0 999.0 999.0 99.0 99.00
2008 12 16 14 00  14  2.7  3.5 99.00 99.00 99.00 999 9999.0   4.1   4.1 999.0 99.0 99.00
2008 12 16 14 10   8  3.1  4.5 99.00 99.00 99.00 999 9999.0 999.0 999.0 999.0 99.0 99.00
2008 12 16 14 20   2  3.9  5.6 99.00 99.00 99.00 999 9999.0 999.0 999.0 999.0 99.0 99.00
2008 12 16 15 00  10  4.2  5.9 99.00 99.00 99.00 999 9999.0   4.1   4.2 999.0 99.0 99.00
2008 12 16 15 10  13  3.8  5.9 99.00 99.00 99.00 999 9999.0 999.0 999.0 999.0 99.0 99.00
2008 12 16 15 20  13  3.8  5.0 99.00 99.00 99.00 999 9999.0 999.0 999.0 999.0 99.0 99.00
2008 12 16 16 00  17  4.4  5.7 99.00 99.00 99.00 999 9999.0   4.1   4.2 999.0 99.0 99.00
2008 12 16 16 10  12  4.5  5.4 99.00 99.00 99.00 999 9999.0 999.0 999.0 999.0 99.0 99.00
2008 12 16 16 20   2  3.6  4.8 99.00 99.00 99.00 999 9999.0 999.0 999.0 999.0 99.0 99.00
2008 12 16 17 00  12  4.0  5.2 99.00 99.00 99.00 999 9999.0   3.3   4.3 999.0 99.0 99.00
2008 12 16 17 10  11  4.8  5.9 99.00 99.00 99.00 999 9999.0 999.0 999.0 999.0 99.0 99.00
2008 12 16 17 20  12  4.1  5.6 99.00 99.00 99.00 999 9999.0 999.0 999.0 999.0 99.0 99.00
2008 12 16 18 00 346  4.1  5.5 99.00 99.00 99.00 999 9999.0   3.1   4.2 999.0 99.0 99.00
2008 12 16 18 10 346  4.9  6.4 99.00 99.00 99.00 999 9999.0 999.0 999.0 999.0 99.0 99.00
2008 12 16 18 20 350  6.0  7.4 99.00 99.00 99.00 999 9999.0 999.0 999.0 999.0 99.0 99.00
2008 12 16 19 00  19  4.5  6.0 99.00 99.00 99.00 999 9999.0   2.6   4.2 999.0 99.0 99.00
2008 12 16 19 10  37  4.6  7.2 99.00 99.00 99.00 999 9999.0 999.0 999.0 999.0 99.0 99.00
2008 12 16 19 20  38  4.7  6.8 99.00 99.00 99.00 999 9999.0 999.0 999.0 999.0 99.0 99.00
2008 12 16 20 00  40  4.2  5.7 99.00 99.00 99.00 999 9999.0   2.2   4.1 999.0 99.0 99.00
2008 12 16 20 10  43  4.4  5.6 99.00 99.00 99.00 999 9999.0 999.0 999.0 999.0 99.0 99.00
2008 12 16 20 20  33  4.3  5.7 99.00 99.00 99.00 999 9999.0 999.0 999.0 999.0 99.0 99.00
2008 12 16 21 00  31  4.0  6.0 99.00 99.00 99.00 999 9999.0   1.5   4.1 999.0 99.0 99.00
2008 12 16 21 10  25  4.0  5.2 99.00 99.00 99.00 999 9999.0 999.0 999.0 999.0 99.0 99.00
2008 12 16 21 20  35  4.2  6.1 99.00 99.00 99.00 999 9999.0 999.0 999.0 999.0 99.0 99.00
2008 12 16 22 00  32  3.6  4.7 99.00 99.00 99.00 999 9999.0   1.3   4.1 999.0 99.0 99.00
2008 12 16 22 10  35  3.5  4.6 99.00 99.00 99.00 999 9999.0 999.0 999.0 999.0 99.0 99.00
2008 12 16 22 20  35  3.7  5.0 99.00 99.00 99.00 999 9999.0 999.0 999.0 999.0 99.0 99.00
2008 12 16 23 00  34  4.2  5.6 99.00 99.00 99.00 999 9999.0   1.0   4.0 999.0 99.0 99.00
2008 12 16 23 10  34  4.1  5.5 99.00 99.00 99.00 999 9999.0 999.0 999.0 999.0 99.0 99.00
2008 12 16 23 20  32  4.1  5.6 99.00 99.00 99.00 999 9999.0 999.0 999.0 999.0 99.0 99.00
2008 12 17 00 00  26  4.3  5.3 99.00 99.00 99.00 999 9999.0   1.0   4.0 999.0 99.0 99.00
2008 12 17 00 10  17  3.9  5.3 99.00 99.00 99.00 999 9999.0 999.0 999.0 999.0 99.0 99.00
2008 12 17 00 20   0  2.9  4.4 99.00 99.00 99.00 999 9999.0 999.0 999.0 999.0 99.0 99.00
2008 12 17 01 00  68  3.3  4.8 99.00 99.00 99.00 999 9999.0   0.6   4.0 999.0 99.0 99.00
2008 12 17 01 10  79  3.6  4.8 99.00 99.00 99.00 999 9999.0 999.0 999.0 999.0 99.0 99.00
2008 12 17 01 20  78  4.0  5.2 99.00 99.00 99.00 999 9999.0 999.0 999.0 999.0 99.0 99.00
2008 12 17 02 00  51  2.6  4.5 99.00 99.00 99.00 999 9999.0   0.4   4.1 999.0 99.0 99.00
2008 12 17 02 10  79  3.1  4.0 99.00 99.00 99.00 999 9999.0 999.0 999.0 999.0 99.0 99.00
2008 12 17 02 20  77  3.2  4.2 99.00 99.00 99.00 999 9999.0 999.0 999.0 999.0 99.0 99.00
2008 12 17 03 00  87  3.4  4.5 99.00 99.00 99.00 999 9999.0   0.6   4.1 999.0 99.0 99.00
2008 12 17 03 10  80  3.4  4.4 99.00 99.00 99.00 999 9999.0 999.0 999.0 999.0 99.0 99.00
2008 12 17 03 20  77  3.3  4.4 99.00 99.00 99.00 999 9999.0 999.0 999.0 999.0 99.0 99.00
2008 12 17 04 00  49  2.8  4.2 99.00 99.00 99.00 999 9999.0   0.7   4.3 999.0 99.0 99.00
2008 12 17 04 10  51  2.5  3.7 99.00 99.00 99.00 999 9999.0 999.0 999.0 999.0 99.0 99.00
2008 12 17 04 20  76  3.1  5.1 99.00 99.00 99.00 999 9999.0 999.0 999.0 999.0 99.0 99.00
2008 12 17 05 00  57  2.2  3.3 99.00 99.00 99.00 999 9999.0   0.6   4.6 999.0 99.0 99.00
2008 12 17 05 10  53  2.2  3.4 99.00 99.00 99.00 999 9999.0 999.0 999.0 999.0 99.0 99.00
2008 12 17 05 20  57  2.7  3.8 99.00 99.00 99.00 999 9999.0 999.0 999.0 999.0 99.0 99.00
2008 12 17 06 00  86  2.6  4.1 99.00 99.00 99.00 999 9999.0   0.8   4.5 999.0 99.0 99.00
2008 12 17 06 10  81  3.0  4.0 99.00 99.00 99.00 999 9999.0 999.0 999.0 999.0 99.0 99.00
2008 12 17 06 20   6  3.0  4.4 99.00 99.00 99.00 999 9999.0 999.0 999.0 999.0 99.0 99.00
2008 12 17 07 00  10  1.6  2.5 99.00 99.00 99.00 999 9999.0   0.8   4.7 999.0 99.0 99.00
2008 12 17 07 10  26  2.4  3.1 99.00 99.00 99.00 999 9999.0 999.0 999.0 999.0 99.0 99.00
2008 12 17 07 20  33  2.1  3.1 99.00 99.00 99.00 999 9999.0 999.0 999.0 999.0 99.0 99.00
2008 12 17 08 00  21  2.2  2.9 99.00 99.00 99.00 999 9999.0   0.9   4.6 999.0 99.0 99.00
2008 12 17 08 10  20  2.0  2.8 99.00 99.00 99.00 999 9999.0 999.0 999.0 999.0 99.0 99.00
2008 12 17 08 20   4  1.5  2.0 99.00 99.00 99.00 999 9999.0 999.0 999.0 999.0 99.0 99.00
2008 12 17 09 00   7  1.5  2.3 99.00 99.00 99.00 999 9999.0   1.2   4.7 999.0 99.0 99.00
2008 12 17 09 10 357  1.8  2.3 99.00 99.00 99.00 999 9999.0 999.0 999.0 999.0 99.0 99.00
2008 12 17 09 20 354  1.9  2.3 99.00 99.00 99.00 999 9999.0 999.0 999.0 999.0 99.0 99.00
2008 12 17 10 00 358  1.5  2.7 99.00 99.00 99.00 999 9999.0   1.3   4.6 999.0 99.0 99.00
2008 12 17 10 10 341  0.3  0.9 99.00 99.00 99.00 999 9999.0 999.0 999.0 999.0 99.0 99.00
2008 12 17 10 20 338  0.4  0.9 99.00 99.00 99.00 999 9999.0 999.0 999.0 999.0 99.0 99.00
2008 12 17 13 00 210  3.1  4.1 99.00 99.00 99.00 999 9999.0   2.1   4.3 999.0 99.0 99.00
2008 12 17 13 10 204  3.7  4.6 99.00 99.00 99.00 999 9999.0 999.0 999.0 999.0 99.0 99.00
2008 12 17 13 20 219  3.6  4.2 99.00 99.00 99.00 999 9999.0 999.0 999.0 999.0 99.0 99.00
2008 12 17 14 00 239  3.3  4.2 99.00 99.00 99.00 999 9999.0   2.3   4.3 999.0 99.0 99.00
2008 12 17 14 10 226  3.3  4.0 99.00 99.00 99.00 999 9999.0 999.0 999.0 999.0 99.0 99.00
2008 12 17 14 20 216  3.8  4.8 99.00 99.00 99.00 999 9999.0 999.0 999.0 999.0 99.0 99.00
2008 12 17 15 00 220  4.7  5.8 99.00 99.00 99.00 999 9999.0   3.0   4.2 999.0 99.0 99.00
2008 12 17 15 10 241  4.2  5.5 99.00 99.00 99.00 999 9999.0 999.0 999.0 999.0 99.0 99.00
2008 12 17 15 20 250  4.3  5.8 99.00 99.00 99.00 999 9999.0 999.0 999.0 999.0 99.0 99.00
2008 12 17 16 00 262  4.9  6.7 99.00 99.00 99.00 999 9999.0   3.8   4.3 999.0 99.0 99.00
2008 12 17 16 10 273  3.7  6.4 99.00 99.00 99.00 999 9999.0 999.0 999.0 999.0 99.0 99.00
2008 12 17 16 20 273  4.6  6.0 99.00 99.00 99.00 999 9999.0 999.0 999.0 999.0 99.0 99.00
2008 12 17 17 00 304  3.0  4.3 99.00 99.00 99.00 999 9999.0   3.7   4.3 999.0 99.0 99.00
2008 12 17 17 10 224  2.3  4.2 99.00 99.00 99.00 999 9999.0 999.0 999.0 999.0 99.0 99.00
2008 12 17 17 20 280  2.2  3.2 99.00 99.00 99.00 999 9999.0 999.0 999.0 999.0 99.0 99.00
2008 12 17 18 00 214  1.6  2.9 99.00 99.00 99.00 999 9999.0   4.1   4.4 999.0 99.0 99.00
2008 12 17 18 10 229  1.1  1.6 99.00 99.00 99.00 999 9999.0 999.0 999.0 999.0 99.0 99.00
2008 12 17 18 20 218  2.3  2.9 99.00 99.00 99.00 999 9999.0 999.0 999.0 999.0 99.0 99.00
2008 12 17 19 00 287  2.0  2.6 99.00 99.00 99.00 999 9999.0   4.9   4.4 999.0 99.0 99.00
2008 12 17 19 10 327  1.6  2.9 99.00 99.00 99.00 999 9999.0 999.0 999.0 999.0 99.0 99.00
2008 12 17 19 20 357  2.9  4.1 99.00 99.00 99.00 999 9999.0 999.0 999.0 999.0 99.0 99.00
2008 12 17 20 00 359  2.8  3.7 99.00 99.00 99.00 999 9999.0   5.1   4.2 999.0 99.0 99.00
2008 12 17 20 10   0  2.5  3.6 99.00 99.00 99.00 999 9999.0 999.0 999.0 999.0 99.0 99.00
2008 12 17 20 20 356  2.3  3.0 99.00 99.00 99.00 999 9999.0 999.0 999.0 999.0 99.0 99.00
2008 12 17 21 00 355  3.8  4.7 99.00 99.00 99.00 999 9999.0   5.1   4.3 999.0 99.0 99.00
2008 12 17 21 10   3  4.1  4.6 99.00 99.00 99.00 999 9999.0 999.0 999.0 999.0 99.0 99.00
2008 12 17 21 20 357  3.6  4.6 99.00 99.00 99.00 999 9999.0 999.0 999.0 999.0 99.0 99.00
2008 12 17 22 00 346  3.7  4.4 99.00 99.00 99.00 999 9999.0   4.6   4.6 999.0 99.0 99.00
2008 12 17 22 10 343  3.2  4.1 99.00 99.00 99.00 999 9999.0 999.0 999.0 999.0 99.0 99.00
2008 12 17 22 20 345  2.9  3.5 99.00 99.00 99.00 999 9999.0 999.0 999.0 999.0 99.0 99.00
2008 12 17 23 00 338  3.5  4.9 99.00 99.00 99.00 999 9999.0   4.4   4.2 999.0 99.0 99.00
2008 12 17 23 10 337  3.4  4.4 99.00 99.00 99.00 999 9999.0 999.0 999.0 999.0 99.0 99.00
2008 12 17 23 20 341  3.2  4.0 99.00 99.00 99.00 999 9999.0 999.0 999.0 999.0 99.0 99.00
2008 12 18 00 00 342  2.1  3.1 99.00 99.00 99.00 999 9999.0   3.8   4.0 999.0 99.0 99.00
2008 12 18 00 10 353  1.8  2.7 99.00 99.00 99.00 999 9999.0 999.0 999.0 999.0 99.0 99.00
2008 12 18 00 20 343  1.5  2.2 99.00 99.00 99.00 999 9999.0 999.0 999.0 999.0 99.0 99.00
2008 12 18 01 00  14  1.3  2.5 99.00 99.00 99.00 999 9999.0   3.8   4.2 999.0 99.0 99.00
2008 12 18 01 10 354  1.4  2.1 99.00 99.00 99.00 999 9999.0 999.0 999.0 999.0 99.0 99.00
2008 12 18 01 20 348  0.9  2.0 99.00 99.00 99.00 999 9999.0 999.0 999.0 999.0 99.0 99.00
2008 12 18 02 00  12  0.4  1.0 99.00 99.00 99.00 999 9999.0   4.1   4.2 999.0 99.0 99.00
2008 12 18 02 10   7  1.5  3.0 99.00 99.00 99.00 999 9999.0 999.0 999.0 999.0 99.0 99.00
2008 12 18 02 20 336  1.7  2.7 99.00 99.00 99.00 999 9999.0 999.0 999.0 999.0 99.0 99.00
2008 12 18 03 00 307  1.5  3.1 99.00 99.00 99.00 999 9999.0   4.5   4.1 999.0 99.0 99.00
2008 12 18 03 10 302  1.7  2.7 99.00 99.00 99.00 999 9999.0 999.0 999.0 999.0 99.0 99.00
2008 12 18 03 20 302  2.0  2.7 99.00 99.00 99.00 999 9999.0 999.0 999.0 999.0 99.0 99.00
2008 12 18 04 00 338  1.0  1.5 99.00 99.00 99.00 999 9999.0   3.8   4.2 999.0 99.0 99.00
2008 12 18 04 10  27  0.6  1.1 99.00 99.00 99.00 999 9999.0 999.0 999.0 999.0 99.0 99.00
2008 12 18 04 20  22  0.1  0.7 99.00 99.00 99.00 999 9999.0 999.0 999.0 999.0 99.0 99.00
2008 12 18 05 00 281  1.6  2.2 99.00 99.00 99.00 999 9999.0   3.2   4.2 999.0 99.0 99.00
2008 12 18 05 10 276  1.5  2.6 99.00 99.00 99.00 999 9999.0 999.0 999.0 999.0 99.0 99.00
2008 12 18 05 20 255  1.3  1.6 99.00 99.00 99.00 999 9999.0 999.0 999.0 999.0 99.0 99.00
2008 12 18 08 00 332  1.2  2.3 99.00 99.00 99.00 999 9999.0   1.5   4.3 999.0 99.0 99.00
2008 12 18 08 10 284  0.3  0.8 99.00 99.00 99.00 999 9999.0 999.0 999.0 999.0 99.0 99.00
2008 12 18 08 20 154  0.3  0.7 99.00 99.00 99.00 999 9999.0 999.0 999.0 999.0 99.0 99.00
2008 12 18 09 00  14  1.4  1.8 99.00 99.00 99.00 999 9999.0   1.1   4.2 999.0 99.0 99.00
2008 12 18 09 10   2  1.7  2.4 99.00 99.00 99.00 999 9999.0 999.0 999.0 999.0 99.0 99.00
2008 12 18 09 20  13  1.3  1.7 99.00 99.00 99.00 999 9999.0 999.0 999.0 999.0 99.0 99.00
2008 12 18 12 00 354  2.9  3.6 99.00 99.00 99.00 999 9999.0   1.7   4.3 999.0 99.0 99.00
2008 12 18 12 10  12  2.0  2.7 99.00 99.00 99.00 999 9999.0 999.0 999.0 999.0 99.0 99.00
2008 12 18 12 20  22  1.9  2.3 99.00 99.00 99.00 999 9999.0 999.0 999.0 999.0 99.0 99.00
2008 12 18 13 00 359  3.0  4.1 99.00 99.00 99.00 999 9999.0   1.6   4.6 999.0 99.0 99.00
2008 12 18 13 10  13  3.2  4.1 99.00 99.00 99.00 999 9999.0 999.0 999.0 999.0 99.0 99.00
2008 12 18 13 20   9  3.8  4.8 99.00 99.00 99.00 999 9999.0 999.0 999.0 999.0 99.0 99.00
2008 12 18 14 00 360  4.9  5.9 99.00 99.00 99.00 999 9999.0   1.7   4.7 999.0 99.0 99.00
2008 12 18 14 20   4  4.4  5.3 99.00 99.00 99.00 999 9999.0 999.0 999.0 999.0 99.0 99.00
2008 12 18 15 00 354  3.4  4.2 99.00 99.00 99.00 999 9999.0   2.6   4.6 999.0 99.0 99.00
2008 12 18 15 10 348  3.5  4.3 99.00 99.00 99.00 999 9999.0 999.0 999.0 999.0 99.0 99.00
2008 12 18 15 20 358  3.3  3.9 99.00 99.00 99.00 999 9999.0 999.0 999.0 999.0 99.0 99.00
2008 12 18 16 00 356  2.7  3.7 99.00 99.00 99.00 999 9999.0   3.1   4.5 999.0 99.0 99.00
2008 12 18 16 10 345  2.4  3.0 99.00 99.00 99.00 999 9999.0 999.0 999.0 999.0 99.0 99.00
2008 12 18 17 00 330  1.5  2.0 99.00 99.00 99.00 999 9999.0   3.6   4.5 999.0 99.0 99.00
2008 12 18 17 10 330  1.4  2.0 99.00 99.00 99.00 999 9999.0 999.0 999.0 999.0 99.0 99.00
2008 12 18 17 20 302  0.6  0.9 99.00 99.00 99.00 999 9999.0 999.0 999.0 999.0 99.0 99.00
2008 12 18 18 00 198  0.5  0.9 99.00 99.00 99.00 999 9999.0   4.0   4.5 999.0 99.0 99.00
2008 12 18 18 10 208  0.6  1.0 99.00 99.00 99.00 999 9999.0 999.0 999.0 999.0 99.0 99.00
2008 12 18 18 20 204  0.9  1.2 99.00 99.00 99.00 999 9999.0 999.0 999.0 999.0 99.0 99.00
2008 12 18 19 00 195  1.2  1.6 99.00 99.00 99.00 999 9999.0   3.8   4.6 999.0 99.0 99.00
2008 12 18 19 10 193  1.5  1.8 99.00 99.00 99.00 999 9999.0 999.0 999.0 999.0 99.0 99.00
2008 12 18 19 20 200  1.3  1.9 99.00 99.00 99.00 999 9999.0 999.0 999.0 999.0 99.0 99.00
2008 12 18 20 00 179  2.4  2.8 99.00 99.00 99.00 999 9999.0   4.0   4.8 999.0 99.0 99.00
2008 12 18 20 10 175  2.7  3.1 99.00 99.00 99.00 999 9999.0 999.0 999.0 999.0 99.0 99.00
2008 12 18 20 20 170  2.2  2.5 99.00 99.00 99.00 999 9999.0 999.0 999.0 999.0 99.0 99.00
2008 12 18 21 00 114  1.3  1.7 99.00 99.00 99.00 999 9999.0   4.1   4.8 999.0 99.0 99.00
2008 12 18 21 10  77  2.0  2.7 99.00 99.00 99.00 999 9999.0 999.0 999.0 999.0 99.0 99.00
2008 12 18 21 20  98  0.9  2.4 99.00 99.00 99.00 999 9999.0 999.0 999.0 999.0 99.0 99.00
2008 12 18 22 00   5  0.8  1.1 99.00 99.00 99.00 999 9999.0   3.7   4.8 999.0 99.0 99.00
2008 12 18 22 10  20  1.1  1.3 99.00 99.00 99.00 999 9999.0 999.0 999.0 999.0 99.0 99.00
2008 12 18 22 20  37  1.3  1.4 99.00 99.00 99.00 999 9999.0 999.0 999.0 999.0 99.0 99.00
2008 12 18 23 00  57  0.8  1.3 99.00 99.00 99.00 999 9999.0   3.1   4.7 999.0 99.0 99.00
2008 12 18 23 10 355  0.6  1.0 99.00 99.00 99.00 999 9999.0 999.0 999.0 999.0 99.0 99.00
2008 12 18 23 20  14  0.7  1.2 99.00 99.00 99.00 999 9999.0 999.0 999.0 999.0 99.0 99.00
2008 12 19 00 00  66  1.3  1.6 99.00 99.00 99.00 999 9999.0   3.2   4.7 999.0 99.0 99.00
2008 12 19 00 10  59  0.7  1.0 99.00 99.00 99.00 999 9999.0 999.0 999.0 999.0 99.0 99.00
2008 12 19 00 20 347  0.9  1.2 99.00 99.00 99.00 999 9999.0 999.0 999.0 999.0 99.0 99.00
2008 12 19 04 00  15  1.3  1.8 99.00 99.00 99.00 999 9999.0   3.5   4.5 999.0 99.0 99.00
2008 12 19 04 10  12  1.4  1.6 99.00 99.00 99.00 999 9999.0 999.0 999.0 999.0 99.0 99.00
2008 12 19 04 20   0  1.1  1.6 99.00 99.00 99.00 999 9999.0 999.0 999.0 999.0 99.0 99.00
2008 12 19 05 00 358  0.5  0.8 99.00 99.00 99.00 999 9999.0   3.6   4.6 999.0 99.0 99.00
2008 12 19 05 10   5  0.8  1.0 99.00 99.00 99.00 999 9999.0 999.0 999.0 999.0 99.0 99.00
2008 12 19 05 20 357  1.1  1.4 99.00 99.00 99.00 999 9999.0 999.0 999.0 999.0 99.0 99.00
2008 12 19 06 00   7  0.8  0.9 99.00 99.00 99.00 999 9999.0   3.5   4.6 999.0 99.0 99.00
2008 12 19 06 10  28  0.9  1.1 99.00 99.00 99.00 999 9999.0 999.0 999.0 999.0 99.0 99.00
2008 12 19 06 20  17  0.7  1.1 99.00 99.00 99.00 999 9999.0 999.0 999.0 999.0 99.0 99.00
2008 12 19 07 00  98  0.4  1.0 99.00 99.00 99.00 999 9999.0   3.5   4.6 999.0 99.0 99.00
2008 12 19 07 10 169 99.0  0.1 99.00 99.00 99.00 999 9999.0 999.0 999.0 999.0 99.0 99.00
2008 12 19 07 20 143  0.1  0.8 99.00 99.00 99.00 999 9999.0 999.0 999.0 999.0 99.0 99.00
2008 12 19 08 00  47  1.4  1.5 99.00 99.00 99.00 999 9999.0   3.5   4.7 999.0 99.0 99.00
2008 12 19 08 10  46  0.5  1.1 99.00 99.00 99.00 999 9999.0 999.0 999.0 999.0 99.0 99.00
2008 12 19 08 20  48  0.3  0.7 99.00 99.00 99.00 999 9999.0 999.0 999.0 999.0 99.0 99.00
2008 12 19 09 00  14  0.6  0.8 99.00 99.00 99.00 999 9999.0   3.5   4.8 999.0 99.0 99.00
2008 12 19 09 10  34  0.5  0.8 99.00 99.00 99.00 999 9999.0 999.0 999.0 999.0 99.0 99.00
2008 12 19 09 20  57  0.7  1.2 99.00 99.00 99.00 999 9999.0 999.0 999.0 999.0 99.0 99.00
2008 12 19 10 00  78  1.0  1.3 99.00 99.00 99.00 999 9999.0   3.3   4.8 999.0 99.0 99.00
2008 12 19 10 10  75  1.5  2.0 99.00 99.00 99.00 999 9999.0 999.0 999.0 999.0 99.0 99.00
2008 12 19 10 20  56  1.7  2.2 99.00 99.00 99.00 999 9999.0 999.0 999.0 999.0 99.0 99.00
2008 12 19 11 00  35  1.2  1.8 99.00 99.00 99.00 999 9999.0   3.3   4.9 999.0 99.0 99.00
2008 12 19 11 10  42  1.6  2.1 99.00 99.00 99.00 999 9999.0 999.0 999.0 999.0 99.0 99.00
2008 12 19 12 00  92  1.8  2.3 99.00 99.00 99.00 999 9999.0   3.2   4.8 999.0 99.0 99.00
2008 12 19 12 10 119  2.0  2.9 99.00 99.00 99.00 999 9999.0 999.0 999.0 999.0 99.0 99.00
2008 12 19 12 20 112  3.3  3.9 99.00 99.00 99.00 999 9999.0 999.0 999.0 999.0 99.0 99.00
2008 12 19 13 00 127  2.9  3.7 99.00 99.00 99.00 999 9999.0   3.0   4.9 999.0 99.0 99.00
2008 12 19 13 10 120  3.0  3.5 99.00 99.00 99.00 999 9999.0 999.0 999.0 999.0 99.0 99.00
2008 12 19 13 20  93  2.9  3.9 99.00 99.00 99.00 999 9999.0 999.0 999.0 999.0 99.0 99.00
2008 12 19 14 00  80  3.8  4.9 99.00 99.00 99.00 999 9999.0   2.7   4.8 999.0 99.0 99.00
2008 12 19 14 10  80  4.5  6.1 99.00 99.00 99.00 999 9999.0 999.0 999.0 999.0 99.0 99.00
2008 12 19 14 20  82  5.3  6.6 99.00 99.00 99.00 999 9999.0 999.0 999.0 999.0 99.0 99.00
2008 12 19 15 00 118  6.4  7.6 99.00 99.00 99.00 999 9999.0   2.8   4.6 999.0 99.0 99.00
2008 12 19 15 10 123  6.1  7.5 99.00 99.00 99.00 999 9999.0 999.0 999.0 999.0 99.0 99.00
2008 12 19 15 20 121  5.9  7.5 99.00 99.00 99.00 999 9999.0 999.0 999.0 999.0 99.0 99.00
2008 12 19 16 00 126  5.9  7.5 99.00 99.00 99.00 999 9999.0   2.5   4.7 999.0 99.0 99.00
2008 12 19 16 10 125  6.1  7.7 99.00 99.00 99.00 999 9999.0 999.0 999.0 999.0 99.0 99.00
2008 12 19 16 20 132  5.1  6.3 99.00 99.00 99.00 999 9999.0 999.0 999.0 999.0 99.0 99.00
2008 12 19 17 00 115  5.3  6.3 99.00 99.00 99.00 999 9999.0   2.2   4.6 999.0 99.0 99.00
2008 12 19 17 10 113  4.7  5.8 99.00 99.00 99.00 999 9999.0 999.0 999.0 999.0 99.0 99.00
2008 12 19 17 20 110  5.5  7.0 99.00 99.00 99.00 999 9999.0 999.0 999.0 999.0 99.0 99.00
2008 12 19 18 00  62  4.5  5.3 99.00 99.00 99.00 999 9999.0   1.9   4.5 999.0 99.0 99.00
2008 12 19 18 20  87  4.7  7.3 99.00 99.00 99.00 999 9999.0 999.0 999.0 999.0 99.0 99.00
2008 12 19 19 00 104  7.5  8.9 99.00 99.00 99.00 999 9999.0   2.1   4.9 999.0 99.0 99.00
2008 12 19 19 10 104  7.0  8.5 99.00 99.00 99.00 999 9999.0 999.0 999.0 999.0 99.0 99.00
2008 12 19 19 20 104  6.4  9.0 99.00 99.00 99.00 999 9999.0 999.0 999.0 999.0 99.0 99.00
2008 12 19 20 00 114  5.1  6.7 99.00 99.00 99.00 999 9999.0   2.8   5.0 999.0 99.0 99.00
2008 12 19 20 10 115  4.6  6.4 99.00 99.00 99.00 999 9999.0 999.0 999.0 999.0 99.0 99.00
2008 12 19 21 00   6  5.8 10.4 99.00 99.00 99.00 999 9999.0   3.4   5.0 999.0 99.0 99.00
2008 12 19 21 10 356  7.5 12.2 99.00 99.00 99.00 999 9999.0 999.0 999.0 999.0 99.0 99.00
2008 12 19 21 20  20  5.1  7.0 99.00 99.00 99.00 999 9999.0 999.0 999.0 999.0 99.0 99.00
2008 12 19 22 00   2  5.1  7.3 99.00 99.00 99.00 999 9999.0   3.7   4.5 999.0 99.0 99.00
2008 12 19 22 10   2  5.5  7.8 99.00 99.00 99.00 999 9999.0 999.0 999.0 999.0 99.0 99.00
2008 12 19 22 20  16  3.8  4.8 99.00 99.00 99.00 999 9999.0 999.0 999.0 999.0 99.0 99.00
2008 12 19 23 00  22  3.4  5.1 99.00 99.00 99.00 999 9999.0   3.2   4.3 999.0 99.0 99.00
2008 12 19 23 10  24  3.1  4.8 99.00 99.00 99.00 999 9999.0 999.0 999.0 999.0 99.0 99.00
2008 12 19 23 20  39  2.1  3.0 99.00 99.00 99.00 999 9999.0 999.0 999.0 999.0 99.0 99.00
2008 12 20 00 00  14  2.5  3.3 99.00 99.00 99.00 999 9999.0   3.0   4.2 999.0 99.0 99.00
2008 12 20 00 10  18  2.3  3.3 99.00 99.00 99.00 999 9999.0 999.0 999.0 999.0 99.0 99.00
2008 12 20 00 20  34  1.3  2.4 99.00 99.00 99.00 999 9999.0 999.0 999.0 999.0 99.0 99.00
2008 12 20 01 00  30  1.3  2.0 99.00 99.00 99.00 999 9999.0   2.8   4.2 999.0 99.0 99.00
2008 12 20 01 10  22  1.4  2.4 99.00 99.00 99.00 999 9999.0 999.0 999.0 999.0 99.0 99.00
2008 12 20 01 20  19  1.3  2.1 99.00 99.00 99.00 999 9999.0 999.0 999.0 999.0 99.0 99.00
2008 12 20 02 00  19  2.6  3.1 99.00 99.00 99.00 999 9999.0   2.5   4.1 999.0 99.0 99.00
2008 12 20 02 10  28  2.6  3.3 99.00 99.00 99.00 999 9999.0 999.0 999.0 999.0 99.0 99.00
2008 12 20 02 20  33  2.4  3.6 99.00 99.00 99.00 999 9999.0 999.0 999.0 999.0 99.0 99.00
2008 12 20 03 00  45  2.2  3.0 99.00 99.00 99.00 999 9999.0   1.9   4.0 999.0 99.0 99.00
2008 12 20 03 10  54  2.1  3.2 99.00 99.00 99.00 999 9999.0 999.0 999.0 999.0 99.0 99.00
2008 12 20 03 20  56  1.9  3.0 99.00 99.00 99.00 999 9999.0 999.0 999.0 999.0 99.0 99.00
2008 12 20 04 00  28  2.3  3.0 99.00 99.00 99.00 999 9999.0   1.7   3.9 999.0 99.0 99.00
2008 12 20 04 10  26  2.6  3.3 99.00 99.00 99.00 999 9999.0 999.0 999.0 999.0 99.0 99.00
2008 12 20 04 20  44  2.3  3.1 99.00 99.00 99.00 999 9999.0 999.0 999.0 999.0 99.0 99.00
2008 12 20 05 00  56  1.3  1.7 99.00 99.00 99.00 999 9999.0   1.7   3.9 999.0 99.0 99.00
2008 12 20 05 10  48  2.2  3.0 99.00 99.00 99.00 999 9999.0 999.0 999.0 999.0 99.0 99.00
2008 12 20 05 20  40  2.8  3.8 99.00 99.00 99.00 999 9999.0 999.0 999.0 999.0 99.0 99.00
2008 12 20 06 00  33  1.9  2.4 99.00 99.00 99.00 999 9999.0   1.9   4.4 999.0 99.0 99.00
2008 12 20 06 10  51  1.6  2.6 99.00 99.00 99.00 999 9999.0 999.0 999.0 999.0 99.0 99.00
2008 12 20 06 20  56  1.8  2.5 99.00 99.00 99.00 999 9999.0 999.0 999.0 999.0 99.0 99.00
2008 12 20 07 00  20  1.5  2.1 99.00 99.00 99.00 999 9999.0   2.2   4.6 999.0 99.0 99.00
2008 12 20 07 10   8  2.1  3.1 99.00 99.00 99.00 999 9999.0 999.0 999.0 999.0 99.0 99.00
2008 12 20 07 20  24  2.3  2.8 99.00 99.00 99.00 999 9999.0 999.0 999.0 999.0 99.0 99.00
2008 12 20 08 00  19  3.0  3.7 99.00 99.00 99.00 999 9999.0   2.3   4.7 999.0 99.0 99.00
2008 12 20 08 10  22  3.4  4.5 99.00 99.00 99.00 999 9999.0 999.0 999.0 999.0 99.0 99.00
2008 12 20 08 20  20  3.2  4.3 99.00 99.00 99.00 999 9999.0 999.0 999.0 999.0 99.0 99.00
2008 12 20 09 00  16  4.9  6.4 99.00 99.00 99.00 999 9999.0   2.6   4.3 999.0 99.0 99.00
2008 12 20 09 10  18  5.1  6.3 99.00 99.00 99.00 999 9999.0 999.0 999.0 999.0 99.0 99.00
2008 12 20 09 20  22  5.3  6.7 99.00 99.00 99.00 999 9999.0 999.0 999.0 999.0 99.0 99.00
2008 12 20 10 00  18  7.5  9.9 99.00 99.00 99.00 999 9999.0   2.7   4.2 999.0 99.0 99.00
2008 12 20 10 10  18  8.2 10.4 99.00 99.00 99.00 999 9999.0 999.0 999.0 999.0 99.0 99.00
2008 12 20 10 20  20  9.4 11.4 99.00 99.00 99.00 999 9999.0 999.0 999.0 999.0 99.0 99.00
2008 12 20 11 00  33  3.0  7.0 99.00 99.00 99.00 999 9999.0   2.3   4.1 999.0 99.0 99.00
2008 12 20 11 10  37  3.2  7.6 99.00 99.00 99.00 999 9999.0 999.0 999.0 999.0 99.0 99.00
2008 12 20 11 20  30  4.5  7.2 99.00 99.00 99.00 999 9999.0 999.0 999.0 999.0 99.0 99.00
2008 12 20 12 00   8  4.1  6.3 99.00 99.00 99.00 999 9999.0   1.8   4.0 999.0 99.0 99.00
2008 12 20 12 10  17  4.5  5.8 99.00 99.00 99.00 999 9999.0 999.0 999.0 999.0 99.0 99.00
2008 12 20 12 20  17  4.8  6.6 99.00 99.00 99.00 999 9999.0 999.0 999.0 999.0 99.0 99.00
2008 12 20 13 00  15  5.3  6.7 99.00 99.00 99.00 999 9999.0   1.2   3.8 999.0 99.0 99.00
2008 12 20 13 10  15  5.2  8.8 99.00 99.00 99.00 999 9999.0 999.0 999.0 999.0 99.0 99.00
2008 12 20 13 20  22  4.6  6.8 99.00 99.00 99.00 999 9999.0 999.0 999.0 999.0 99.0 99.00
2008 12 20 14 00  18  4.6  6.2 99.00 99.00 99.00 999 9999.0   0.9   3.8 999.0 99.0 99.00
2008 12 20 14 10  16  4.0  5.1 99.00 99.00 99.00 999 9999.0 999.0 999.0 999.0 99.0 99.00
2008 12 20 14 20  10  3.1  4.8 99.00 99.00 99.00 999 9999.0 999.0 999.0 999.0 99.0 99.00
2008 12 20 15 00  44  4.0  6.0 99.00 99.00 99.00 999 9999.0   0.7   3.8 999.0 99.0 99.00
2008 12 20 15 10  35  3.7  5.8 99.00 99.00 99.00 999 9999.0 999.0 999.0 999.0 99.0 99.00
2008 12 20 16 00  47  4.7  6.4 99.00 99.00 99.00 999 9999.0   0.2   3.7 999.0 99.0 99.00
2008 12 20 16 10  49  4.4  6.2 99.00 99.00 99.00 999 9999.0 999.0 999.0 999.0 99.0 99.00
2008 12 20 16 20  43  4.1  6.1 99.00 99.00 99.00 999 9999.0 999.0 999.0 999.0 99.0 99.00
2008 12 20 17 00  43  3.4  5.2 99.00 99.00 99.00 999 9999.0   0.2   3.8 999.0 99.0 99.00
2008 12 20 17 10  31  4.0  5.4 99.00 99.00 99.00 999 9999.0 999.0 999.0 999.0 99.0 99.00
2008 12 20 17 20  40  4.2  5.6 99.00 99.00 99.00 999 9999.0 999.0 999.0 999.0 99.0 99.00
2008 12 20 18 00  65  4.3  5.9 99.00 99.00 99.00 999 9999.0  -0.2   4.0 999.0 99.0 99.00
2008 12 20 18 10  62  4.2  5.4 99.00 99.00 99.00 999 9999.0 999.0 999.0 999.0 99.0 99.00
2008 12 20 18 20  49  4.4  5.9 99.00 99.00 99.00 999 9999.0 999.0 999.0 999.0 99.0 99.00
2008 12 20 19 00  51  4.0  5.9 99.00 99.00 99.00 999 9999.0  -0.7   3.9 999.0 99.0 99.00
2008 12 20 19 10  42  4.3  5.7 99.00 99.00 99.00 999 9999.0 999.0 999.0 999.0 99.0 99.00
2008 12 20 19 20  50  3.3  5.0 99.00 99.00 99.00 999 9999.0 999.0 999.0 999.0 99.0 99.00
2008 12 20 20 00  48  2.5  4.0 99.00 99.00 99.00 999 9999.0  -0.8   3.9 999.0 99.0 99.00
2008 12 20 20 10  26  3.5  4.7 99.00 99.00 99.00 999 9999.0 999.0 999.0 999.0 99.0 99.00
2008 12 20 20 20  26  2.8  3.8 99.00 99.00 99.00 999 9999.0 999.0 999.0 999.0 99.0 99.00
2008 12 20 21 00  68  3.0  4.1 99.00 99.00 99.00 999 9999.0  -1.0   3.8 999.0 99.0 99.00
2008 12 20 21 10  61  2.6  3.9 99.00 99.00 99.00 999 9999.0 999.0 999.0 999.0 99.0 99.00
2008 12 20 21 20  77  3.0  4.0 99.00 99.00 99.00 999 9999.0 999.0 999.0 999.0 99.0 99.00
2008 12 20 22 00  57  3.4  4.4 99.00 99.00 99.00 999 9999.0  -1.0   3.7 999.0 99.0 99.00
2008 12 20 22 10  62  3.0  4.6 99.00 99.00 99.00 999 9999.0 999.0 999.0 999.0 99.0 99.00
2008 12 20 22 20  59  2.8  4.0 99.00 99.00 99.00 999 9999.0 999.0 999.0 999.0 99.0 99.00
2008 12 20 23 00  79  4.1  5.5 99.00 99.00 99.00 999 9999.0  -1.3   3.7 999.0 99.0 99.00
2008 12 20 23 10  71  4.0  5.2 99.00 99.00 99.00 999 9999.0 999.0 999.0 999.0 99.0 99.00
2008 12 20 23 20  70  4.1  5.4 99.00 99.00 99.00 999 9999.0 999.0 999.0 999.0 99.0 99.00
2008 12 21 00 00  67  4.1  6.0 99.00 99.00 99.00 999 9999.0  -1.6   3.6 999.0 99.0 99.00
2008 12 21 00 10  60  4.0  5.9 99.00 99.00 99.00 999 9999.0 999.0 999.0 999.0 99.0 99.00
2008 12 21 00 20  45  4.1  5.6 99.00 99.00 99.00 999 9999.0 999.0 999.0 999.0 99.0 99.00
2008 12 21 01 00  53  4.2  5.5 99.00 99.00 99.00 999 9999.0  -2.0   3.7 999.0 99.0 99.00
2008 12 21 01 20  55  3.8  5.2 99.00 99.00 99.00 999 9999.0 999.0 999.0 999.0 99.0 99.00
2008 12 21 02 00  65  3.1  4.6 99.00 99.00 99.00 999 9999.0  -2.3   3.8 999.0 99.0 99.00
2008 12 21 02 10  69  3.5  4.8 99.00 99.00 99.00 999 9999.0 999.0 999.0 999.0 99.0 99.00
2008 12 21 02 20  78  3.5  4.6 99.00 99.00 99.00 999 9999.0 999.0 999.0 999.0 99.0 99.00
2008 12 21 03 00  72  4.1  5.5 99.00 99.00 99.00 999 9999.0  -2.4   3.7 999.0 99.0 99.00
2008 12 21 03 10  70  4.0  5.6 99.00 99.00 99.00 999 9999.0 999.0 999.0 999.0 99.0 99.00
2008 12 21 03 20  56  3.6  5.3 99.00 99.00 99.00 999 9999.0 999.0 999.0 999.0 99.0 99.00
2008 12 21 04 00  77  3.7  5.2 99.00 99.00 99.00 999 9999.0  -2.5   4.0 999.0 99.0 99.00
2008 12 21 04 20  99  3.2  4.9 99.00 99.00 99.00 999 9999.0 999.0 999.0 999.0 99.0 99.00
2008 12 21 05 00  80  3.9  4.9 99.00 99.00 99.00 999 9999.0  -2.3   4.1 999.0 99.0 99.00
2008 12 21 05 10  77  3.8  5.3 99.00 99.00 99.00 999 9999.0 999.0 999.0 999.0 99.0 99.00
2008 12 21 05 20  81  3.4  4.6 99.00 99.00 99.00 999 9999.0 999.0 999.0 999.0 99.0 99.00
2008 12 21 06 00  95  3.9  5.0 99.00 99.00 99.00 999 9999.0  -2.3   3.9 999.0 99.0 99.00
2008 12 21 06 10  90  3.5  5.1 99.00 99.00 99.00 999 9999.0 999.0 999.0 999.0 99.0 99.00
2008 12 21 06 20  90  4.1  5.2 99.00 99.00 99.00 999 9999.0 999.0 999.0 999.0 99.0 99.00
2008 12 21 07 00 119  4.8  6.2 99.00 99.00 99.00 999 9999.0  -2.2   3.8 999.0 99.0 99.00
2008 12 21 07 10 118  4.9  6.2 99.00 99.00 99.00 999 9999.0 999.0 999.0 999.0 99.0 99.00
2008 12 21 07 20 118  4.4  5.7 99.00 99.00 99.00 999 9999.0 999.0 999.0 999.0 99.0 99.00
2008 12 21 08 00  60  2.4  3.3 99.00 99.00 99.00 999 9999.0  -2.3   3.9 999.0 99.0 99.00
2008 12 21 08 10  34  2.5  3.8 99.00 99.00 99.00 999 9999.0 999.0 999.0 999.0 99.0 99.00
2008 12 21 08 20  14  2.4  3.5 99.00 99.00 99.00 999 9999.0 999.0 999.0 999.0 99.0 99.00
2008 12 21 09 00  86  2.9  3.8 99.00 99.00 99.00 999 9999.0  -2.8   3.8 999.0 99.0 99.00
2008 12 21 09 10  93  3.2  4.1 99.00 99.00 99.00 999 9999.0 999.0 999.0 999.0 99.0 99.00
2008 12 21 09 20 101  2.8  4.2 99.00 99.00 99.00 999 9999.0 999.0 999.0 999.0 99.0 99.00
2008 12 21 10 00  93  1.6  2.6 99.00 99.00 99.00 999 9999.0  -2.4   3.7 999.0 99.0 99.00
2008 12 21 10 20  95  2.9  4.2 99.00 99.00 99.00 999 9999.0 999.0 999.0 999.0 99.0 99.00
2008 12 21 11 00  45  3.0  4.1 99.00 99.00 99.00 999 9999.0  -2.4   3.6 999.0 99.0 99.00
2008 12 21 11 10  56  2.5  3.5 99.00 99.00 99.00 999 9999.0 999.0 999.0 999.0 99.0 99.00
2008 12 21 11 20  50  2.1  3.1 99.00 99.00 99.00 999 9999.0 999.0 999.0 999.0 99.0 99.00
2008 12 21 12 00  26  2.1  2.6 99.00 99.00 99.00 999 9999.0  -2.3   3.6 999.0 99.0 99.00
2008 12 21 12 10  46  2.1  2.9 99.00 99.00 99.00 999 9999.0 999.0 999.0 999.0 99.0 99.00
2008 12 21 12 20  39  1.8  2.6 99.00 99.00 99.00 999 9999.0 999.0 999.0 999.0 99.0 99.00
2008 12 21 13 00 339  4.5  6.3 99.00 99.00 99.00 999 9999.0  -1.3   3.6 999.0 99.0 99.00
2008 12 21 13 10 342  4.2  5.2 99.00 99.00 99.00 999 9999.0 999.0 999.0 999.0 99.0 99.00
2008 12 21 13 20 343  4.4  5.7 99.00 99.00 99.00 999 9999.0 999.0 999.0 999.0 99.0 99.00
2008 12 21 14 00 360  4.0  5.0 99.00 99.00 99.00 999 9999.0  -0.9   3.6 999.0 99.0 99.00
2008 12 21 14 10   6  3.5  4.6 99.00 99.00 99.00 999 9999.0 999.0 999.0 999.0 99.0 99.00
2008 12 21 14 20  10  2.4  3.3 99.00 99.00 99.00 999 9999.0 999.0 999.0 999.0 99.0 99.00
2008 12 21 15 00   0  2.1  2.7 99.00 99.00 99.00 999 9999.0  -0.8   3.6 999.0 99.0 99.00
2008 12 21 15 10 358  2.5  3.4 99.00 99.00 99.00 999 9999.0 999.0 999.0 999.0 99.0 99.00
2008 12 21 15 20 352  2.7  3.8 99.00 99.00 99.00 999 9999.0 999.0 999.0 999.0 99.0 99.00
2008 12 21 16 00 351  3.9  5.0 99.00 99.00 99.00 999 9999.0  -0.3   3.6 999.0 99.0 99.00
2008 12 21 16 10 346  3.8  5.3 99.00 99.00 99.00 999 9999.0 999.0 999.0 999.0 99.0 99.00
2008 12 21 16 20 345  4.8  6.1 99.00 99.00 99.00 999 9999.0 999.0 999.0 999.0 99.0 99.00
2008 12 21 17 00 350  3.7  4.6 99.00 99.00 99.00 999 9999.0   0.1   3.6 999.0 99.0 99.00
2008 12 21 17 10 346  3.7  4.8 99.00 99.00 99.00 999 9999.0 999.0 999.0 999.0 99.0 99.00
2008 12 21 17 20 345  4.0  5.3 99.00 99.00 99.00 999 9999.0 999.0 999.0 999.0 99.0 99.00
2008 12 21 18 00 342  4.7  6.0 99.00 99.00 99.00 999 9999.0   1.3   3.7 999.0 99.0 99.00
2008 12 21 18 10 353  4.7  6.4 99.00 99.00 99.00 999 9999.0 999.0 999.0 999.0 99.0 99.00
2008 12 21 18 20 354  4.6  6.0 99.00 99.00 99.00 999 9999.0 999.0 999.0 999.0 99.0 99.00
2008 12 21 19 00 345  3.5  4.3 99.00 99.00 99.00 999 9999.0   1.3   3.7 999.0 99.0 99.00
2008 12 21 19 10 350  3.2  4.0 99.00 99.00 99.00 999 9999.0 999.0 999.0 999.0 99.0 99.00
2008 12 21 19 20 352  3.0  4.2 99.00 99.00 99.00 999 9999.0 999.0 999.0 999.0 99.0 99.00
2008 12 21 20 00 309  4.7  6.8 99.00 99.00 99.00 999 9999.0   3.9   3.7 999.0 99.0 99.00
2008 12 21 20 10 305  4.2  6.6 99.00 99.00 99.00 999 9999.0 999.0 999.0 999.0 99.0 99.00
2008 12 21 21 00 314  6.6 10.2 99.00 99.00 99.00 999 9999.0   4.6   3.6 999.0 99.0 99.00
2008 12 21 21 10 310  5.4  7.3 99.00 99.00 99.00 999 9999.0 999.0 999.0 999.0 99.0 99.00
2008 12 21 21 20 308  5.0  6.7 99.00 99.00 99.00 999 9999.0 999.0 999.0 999.0 99.0 99.00
2008 12 21 22 00 316  5.8  8.4 99.00 99.00 99.00 999 9999.0   4.0   3.6 999.0 99.0 99.00
2008 12 21 22 10 308  7.6 11.3 99.00 99.00 99.00 999 9999.0 999.0 999.0 999.0 99.0 99.00
2008 12 21 22 20 309  8.8 11.7 99.00 99.00 99.00 999 9999.0 999.0 999.0 999.0 99.0 99.00
2008 12 21 23 00 312  8.0 10.8 99.00 99.00 99.00 999 9999.0   3.3   3.6 999.0 99.0 99.00
2008 12 21 23 20 310  5.8  7.3 99.00 99.00 99.00 999 9999.0 999.0 999.0 999.0 99.0 99.00
2008 12 22 00 00 297  4.5  6.3 99.00 99.00 99.00 999 9999.0   2.3   3.6 999.0 99.0 99.00
2008 12 22 00 10 294  4.6  6.2 99.00 99.00 99.00 999 9999.0 999.0 999.0 999.0 99.0 99.00
2008 12 22 00 20 292  5.0  6.5 99.00 99.00 99.00 999 9999.0 999.0 999.0 999.0 99.0 99.00
2008 12 22 01 00 293  6.5  8.8 99.00 99.00 99.00 999 9999.0   1.8   3.6 999.0 99.0 99.00
2008 12 22 01 10 296  7.4 12.1 99.00 99.00 99.00 999 9999.0 999.0 999.0 999.0 99.0 99.00
2008 12 22 01 20 295  6.9 10.0 99.00 99.00 99.00 999 9999.0 999.0 999.0 999.0 99.0 99.00
2008 12 22 02 00 307 10.2 14.8 99.00 99.00 99.00 999 9999.0   1.2   3.5 999.0 99.0 99.00
2008 12 22 02 10 305  9.1 13.1 99.00 99.00 99.00 999 9999.0 999.0 999.0 999.0 99.0 99.00
2008 12 22 02 20 302  8.7 12.3 99.00 99.00 99.00 999 9999.0 999.0 999.0 999.0 99.0 99.00
2008 12 22 03 00 298  9.8 13.8 99.00 99.00 99.00 999 9999.0   0.1   3.5 999.0 99.0 99.00
2008 12 22 03 10 300  7.5 11.5 99.00 99.00 99.00 999 9999.0 999.0 999.0 999.0 99.0 99.00
2008 12 22 03 20 308  6.0  8.5 99.00 99.00 99.00 999 9999.0 999.0 999.0 999.0 99.0 99.00
2008 12 22 05 00 297  9.9 14.9 99.00 99.00 99.00 999 9999.0  -2.8   3.4 999.0 99.0 99.00
2008 12 22 05 10 304 10.5 14.8 99.00 99.00 99.00 999 9999.0 999.0 999.0 999.0 99.0 99.00
2008 12 22 05 20 298 13.3 17.5 99.00 99.00 99.00 999 9999.0 999.0 999.0 999.0 99.0 99.00
2008 12 22 06 00 294 11.3 18.1 99.00 99.00 99.00 999 9999.0  -4.3   3.4 999.0 99.0 99.00
2008 12 22 06 10 301 10.4 15.0 99.00 99.00 99.00 999 9999.0 999.0 999.0 999.0 99.0 99.00
2008 12 22 06 20 291  9.4 14.2 99.00 99.00 99.00 999 9999.0 999.0 999.0 999.0 99.0 99.00
2008 12 22 07 00 307  9.3 13.4 99.00 99.00 99.00 999 9999.0  -5.3   3.3 999.0 99.0 99.00
2008 12 22 07 10 308  9.2 13.4 99.00 99.00 99.00 999 9999.0 999.0 999.0 999.0 99.0 99.00
2008 12 22 08 00 309  9.6 14.0 99.00 99.00 99.00 999 9999.0  -6.5   3.2 999.0 99.0 99.00
2008 12 22 08 10 307  9.2 13.1 99.00 99.00 99.00 999 9999.0 999.0 999.0 999.0 99.0 99.00
2008 12 22 08 20 303  8.4 12.2 99.00 99.00 99.00 999 9999.0 999.0 999.0 999.0 99.0 99.00
2008 12 22 09 00 307  7.9 12.6 99.00 99.00 99.00 999 9999.0  -7.3   3.1 999.0 99.0 99.00
2008 12 22 09 10 302  8.1 10.9 99.00 99.00 99.00 999 9999.0 999.0 999.0 999.0 99.0 99.00
2008 12 22 11 00 316  6.6  9.5 99.00 99.00 99.00 999 9999.0  -8.4   2.9 999.0 99.0 99.00
2008 12 22 11 10 314  6.9  9.6 99.00 99.00 99.00 999 9999.0 999.0 999.0 999.0 99.0 99.00
2008 12 22 11 20 311  5.7  8.8 99.00 99.00 99.00 999 9999.0 999.0 999.0 999.0 99.0 99.00
2008 12 22 12 00 306  7.5 11.4 99.00 99.00 99.00 999 9999.0  -8.9   2.9 999.0 99.0 99.00
2008 12 22 12 20 308  7.9 11.2 99.00 99.00 99.00 999 9999.0 999.0 999.0 999.0 99.0 99.00
2008 12 22 13 00 295  6.9  8.6 99.00 99.00 99.00 999 9999.0  -8.9   2.8 999.0 99.0 99.00
2008 12 22 13 10 289  6.7 11.6 99.00 99.00 99.00 999 9999.0 999.0 999.0 999.0 99.0 99.00
2008 12 22 13 20 301  6.9  9.6 99.00 99.00 99.00 999 9999.0 999.0 999.0 999.0 99.0 99.00
2008 12 22 14 00 301  7.6 11.1 99.00 99.00 99.00 999 9999.0  -8.1   2.7 999.0 99.0 99.00
2008 12 22 14 10 301  8.7 12.2 99.00 99.00 99.00 999 9999.0 999.0 999.0 999.0 99.0 99.00
2008 12 22 14 20 300  7.3 11.1 99.00 99.00 99.00 999 9999.0 999.0 999.0 999.0 99.0 99.00
2008 12 22 15 00 298  8.6 13.1 99.00 99.00 99.00 999 9999.0  -7.3   2.6 999.0 99.0 99.00
2008 12 22 15 10 291  7.8 11.5 99.00 99.00 99.00 999 9999.0 999.0 999.0 999.0 99.0 99.00
2008 12 22 15 20 298  8.0 12.7 99.00 99.00 99.00 999 9999.0 999.0 999.0 999.0 99.0 99.00
2008 12 22 16 00 304  9.4 14.0 99.00 99.00 99.00 999 9999.0  -6.5   2.6 999.0 99.0 99.00
2008 12 22 16 10 305  8.2 11.2 99.00 99.00 99.00 999 9999.0 999.0 999.0 999.0 99.0 99.00
2008 12 22 16 20 310  9.7 13.3 99.00 99.00 99.00 999 9999.0 999.0 999.0 999.0 99.0 99.00
2008 12 22 18 00 314  7.6 10.9 99.00 99.00 99.00 999 9999.0  -4.4   2.5 999.0 99.0 99.00
2008 12 22 18 10 321  7.3 10.9 99.00 99.00 99.00 999 9999.0 999.0 999.0 999.0 99.0 99.00
2008 12 22 18 20 326  7.5 11.3 99.00 99.00 99.00 999 9999.0 999.0 999.0 999.0 99.0 99.00
2008 12 22 19 00 312  9.0 11.4 99.00 99.00 99.00 999 9999.0  -3.7   2.6 999.0 99.0 99.00
2008 12 22 19 10 317  7.9 11.7 99.00 99.00 99.00 999 9999.0 999.0 999.0 999.0 99.0 99.00
2008 12 22 19 20 315  9.7 12.3 99.00 99.00 99.00 999 9999.0 999.0 999.0 999.0 99.0 99.00
2008 12 22 20 00 306  8.0 11.8 99.00 99.00 99.00 999 9999.0  -3.1   2.5 999.0 99.0 99.00
2008 12 22 20 10 306  5.8  8.3 99.00 99.00 99.00 999 9999.0 999.0 999.0 999.0 99.0 99.00
2008 12 22 20 20 315  7.2 10.5 99.00 99.00 99.00 999 9999.0 999.0 999.0 999.0 99.0 99.00
2008 12 22 21 00 309  8.1 11.1 99.00 99.00 99.00 999 9999.0  -3.0   2.6 999.0 99.0 99.00
2008 12 22 21 10 311  8.6 11.6 99.00 99.00 99.00 999 9999.0 999.0 999.0 999.0 99.0 99.00
2008 12 22 21 20 316  7.1 10.0 99.00 99.00 99.00 999 9999.0 999.0 999.0 999.0 99.0 99.00
2008 12 22 22 00 308  6.1  8.5 99.00 99.00 99.00 999 9999.0  -3.6   2.7 999.0 99.0 99.00
2008 12 22 22 10 307  4.6  6.8 99.00 99.00 99.00 999 9999.0 999.0 999.0 999.0 99.0 99.00
2008 12 22 22 20 314  5.4  8.1 99.00 99.00 99.00 999 9999.0 999.0 999.0 999.0 99.0 99.00
2008 12 22 23 00 292  3.5  4.9 99.00 99.00 99.00 999 9999.0  -4.0   2.9 999.0 99.0 99.00
2008 12 22 23 10 292  2.8  4.5 99.00 99.00 99.00 999 9999.0 999.0 999.0 999.0 99.0 99.00
2008 12 22 23 20 291  3.6  4.9 99.00 99.00 99.00 999 9999.0 999.0 999.0 999.0 99.0 99.00
2008 12 23 00 00 304  5.4  8.3 99.00 99.00 99.00 999 9999.0  -4.2   2.8 999.0 99.0 99.00
2008 12 23 00 10 312  6.2  8.2 99.00 99.00 99.00 999 9999.0 999.0 999.0 999.0 99.0 99.00
2008 12 23 00 20 314  5.7  8.7 99.00 99.00 99.00 999 9999.0 999.0 999.0 999.0 99.0 99.00
2008 12 23 01 00 318  4.1  6.5 99.00 99.00 99.00 999 9999.0  -4.7   2.8 999.0 99.0 99.00
2008 12 23 01 10 309  4.1  7.1 99.00 99.00 99.00 999 9999.0 999.0 999.0 999.0 99.0 99.00
2008 12 23 02 00 296  4.7  7.0 99.00 99.00 99.00 999 9999.0  -5.2   2.5 999.0 99.0 99.00
2008 12 23 02 10 304  5.1  6.9 99.00 99.00 99.00 999 9999.0 999.0 999.0 999.0 99.0 99.00
2008 12 23 03 00 287  4.1  6.0 99.00 99.00 99.00 999 9999.0  -5.6   2.5 999.0 99.0 99.00
2008 12 23 03 10 297  4.5  5.7 99.00 99.00 99.00 999 9999.0 999.0 999.0 999.0 99.0 99.00
2008 12 23 03 20 282  3.7  5.8 99.00 99.00 99.00 999 9999.0 999.0 999.0 999.0 99.0 99.00
2008 12 23 04 00 291  3.7  4.4 99.00 99.00 99.00 999 9999.0  -6.2   2.8 999.0 99.0 99.00
2008 12 23 04 10 286  3.8  4.4 99.00 99.00 99.00 999 9999.0 999.0 999.0 999.0 99.0 99.00
2008 12 23 04 20 282  4.1  5.1 99.00 99.00 99.00 999 9999.0 999.0 999.0 999.0 99.0 99.00
2008 12 23 05 00 271  4.3  5.3 99.00 99.00 99.00 999 9999.0  -6.5   2.5 999.0 99.0 99.00
2008 12 23 05 10 275  4.5  5.4 99.00 99.00 99.00 999 9999.0 999.0 999.0 999.0 99.0 99.00
2008 12 23 05 20 271  4.4  5.7 99.00 99.00 99.00 999 9999.0 999.0 999.0 999.0 99.0 99.00
2008 12 23 06 00 284  4.2  5.4 99.00 99.00 99.00 999 9999.0  -7.1   2.3 999.0 99.0 99.00
2008 12 23 06 10 269  4.1  5.6 99.00 99.00 99.00 999 9999.0 999.0 999.0 999.0 99.0 99.00
2008 12 23 06 20 275  4.1  5.4 99.00 99.00 99.00 999 9999.0 999.0 999.0 999.0 99.0 99.00
2008 12 23 07 00 267  4.9  6.0 99.00 99.00 99.00 999 9999.0  -7.0   2.1 999.0 99.0 99.00
2008 12 23 07 10 268  4.8  5.7 99.00 99.00 99.00 999 9999.0 999.0 999.0 999.0 99.0 99.00
2008 12 23 07 20 267  5.1  6.0 99.00 99.00 99.00 999 9999.0 999.0 999.0 999.0 99.0 99.00
2008 12 23 08 00 277  5.4  6.3 99.00 99.00 99.00 999 9999.0  -7.2   1.9 999.0 99.0 99.00
2008 12 23 08 10 287  4.5  5.7 99.00 99.00 99.00 999 9999.0 999.0 999.0 999.0 99.0 99.00
2008 12 23 08 20 289  3.9  5.0 99.00 99.00 99.00 999 9999.0 999.0 999.0 999.0 99.0 99.00
2008 12 23 09 00 296  2.7  3.7 99.00 99.00 99.00 999 9999.0  -7.4   1.8 999.0 99.0 99.00
2008 12 23 09 10 301  2.6  3.5 99.00 99.00 99.00 999 9999.0 999.0 999.0 999.0 99.0 99.00
2008 12 23 09 20 305  2.3  3.3 99.00 99.00 99.00 999 9999.0 999.0 999.0 999.0 99.0 99.00
2008 12 23 10 00 312  2.3  3.7 99.00 99.00 99.00 999 9999.0  -7.6   1.7 999.0 99.0 99.00
2008 12 23 10 10 320  1.9  3.1 99.00 99.00 99.00 999 9999.0 999.0 999.0 999.0 99.0 99.00
2008 12 23 10 20 304  1.9  2.7 99.00 99.00 99.00 999 9999.0 999.0 999.0 999.0 99.0 99.00
2008 12 23 11 00 323  2.8  4.2 99.00 99.00 99.00 999 9999.0  -7.6   1.7 999.0 99.0 99.00
2008 12 23 11 10 329  2.5  3.3 99.00 99.00 99.00 999 9999.0 999.0 999.0 999.0 99.0 99.00
2008 12 23 11 20 308  2.5  3.8 99.00 99.00 99.00 999 9999.0 999.0 999.0 999.0 99.0 99.00
2008 12 23 12 00 280  2.2  3.1 99.00 99.00 99.00 999 9999.0  -7.6   1.6 999.0 99.0 99.00
2008 12 23 12 10 276  2.2  2.9 99.00 99.00 99.00 999 9999.0 999.0 999.0 999.0 99.0 99.00
2008 12 23 12 20 271  2.6  3.3 99.00 99.00 99.00 999 9999.0 999.0 999.0 999.0 99.0 99.00
2008 12 23 13 00 276  2.3  3.2 99.00 99.00 99.00 999 9999.0  -7.5   1.7 999.0 99.0 99.00
2008 12 23 13 10 283  2.0  3.0 99.00 99.00 99.00 999 9999.0 999.0 999.0 999.0 99.0 99.00
2008 12 23 13 20 310  2.0  2.9 99.00 99.00 99.00 999 9999.0 999.0 999.0 999.0 99.0 99.00
2008 12 23 14 00 357  3.3  5.2 99.00 99.00 99.00 999 9999.0  -6.3   2.0 999.0 99.0 99.00
2008 12 23 14 10 350  3.3  4.5 99.00 99.00 99.00 999 9999.0 999.0 999.0 999.0 99.0 99.00
2008 12 23 14 20 327  2.4  3.7 99.00 99.00 99.00 999 9999.0 999.0 999.0 999.0 99.0 99.00
2008 12 23 15 00 339  2.9  4.2 99.00 99.00 99.00 999 9999.0  -6.0   2.2 999.0 99.0 99.00
2008 12 23 15 10 353  2.2  3.2 99.00 99.00 99.00 999 9999.0 999.0 999.0 999.0 99.0 99.00
2008 12 23 15 20 330  1.7  2.7 99.00 99.00 99.00 999 9999.0 999.0 999.0 999.0 99.0 99.00
2008 12 23 16 00  85  0.5  1.3 99.00 99.00 99.00 999 9999.0  -4.1   2.1 999.0 99.0 99.00
2008 12 23 16 10 278  0.4  1.4 99.00 99.00 99.00 999 9999.0 999.0 999.0 999.0 99.0 99.00
2008 12 23 16 20 228  1.4  2.3 99.00 99.00 99.00 999 9999.0 999.0 999.0 999.0 99.0 99.00
2008 12 23 17 00 170  2.7  3.6 99.00 99.00 99.00 999 9999.0  -4.3   2.0 999.0 99.0 99.00
2008 12 23 17 10 175  2.7  3.5 99.00 99.00 99.00 999 9999.0 999.0 999.0 999.0 99.0 99.00
2008 12 23 17 20 174  2.3  3.3 99.00 99.00 99.00 999 9999.0 999.0 999.0 999.0 99.0 99.00
2008 12 23 19 00 157  3.5  4.9 99.00 99.00 99.00 999 9999.0  -3.8   1.9 999.0 99.0 99.00
2008 12 23 19 10 158  2.8  3.7 99.00 99.00 99.00 999 9999.0 999.0 999.0 999.0 99.0 99.00
2008 12 23 19 20 162  2.8  4.2 99.00 99.00 99.00 999 9999.0 999.0 999.0 999.0 99.0 99.00
2008 12 23 20 00 172  2.5  3.3 99.00 99.00 99.00 999 9999.0  -3.2   1.9 999.0 99.0 99.00
2008 12 23 20 10 188  1.7  3.1 99.00 99.00 99.00 999 9999.0 999.0 999.0 999.0 99.0 99.00
2008 12 23 20 20 191  2.0  2.8 99.00 99.00 99.00 999 9999.0 999.0 999.0 999.0 99.0 99.00
2008 12 23 21 00 205  3.5  4.6 99.00 99.00 99.00 999 9999.0  -2.3   1.9 999.0 99.0 99.00
2008 12 23 21 10 209  3.4  4.7 99.00 99.00 99.00 999 9999.0 999.0 999.0 999.0 99.0 99.00
2008 12 23 21 20 196  3.6  6.6 99.00 99.00 99.00 999 9999.0 999.0 999.0 999.0 99.0 99.00
2008 12 23 22 00 189  5.0  6.3 99.00 99.00 99.00 999 9999.0  -1.7   1.9 999.0 99.0 99.00
2008 12 23 22 10 190  4.4  5.5 99.00 99.00 99.00 999 9999.0 999.0 999.0 999.0 99.0 99.00
2008 12 23 22 20 192  4.8  5.9 99.00 99.00 99.00 999 9999.0 999.0 999.0 999.0 99.0 99.00
2008 12 23 23 00 192  5.2  6.9 99.00 99.00 99.00 999 9999.0  -1.3   1.8 999.0 99.0 99.00
2008 12 23 23 10 203  5.6  6.7 99.00 99.00 99.00 999 9999.0 999.0 999.0 999.0 99.0 99.00
2008 12 23 23 20 199  5.5  7.1 99.00 99.00 99.00 999 9999.0 999.0 999.0 999.0 99.0 99.00
2008 12 24 00 00 198  6.6  7.9 99.00 99.00 99.00 999 9999.0  -1.0   2.2 999.0 99.0 99.00
2008 12 24 00 10 197  7.1  8.3 99.00 99.00 99.00 999 9999.0 999.0 999.0 999.0 99.0 99.00
2008 12 24 01 00 199  5.4  6.4 99.00 99.00 99.00 999 9999.0  -1.0   2.2 999.0 99.0 99.00
2008 12 24 01 10 201  6.1  7.8 99.00 99.00 99.00 999 9999.0 999.0 999.0 999.0 99.0 99.00
2008 12 24 01 20 198  5.9  7.9 99.00 99.00 99.00 999 9999.0 999.0 999.0 999.0 99.0 99.00
2008 12 24 02 00 194  5.1  6.5 99.00 99.00 99.00 999 9999.0  -1.0   2.1 999.0 99.0 99.00
2008 12 24 02 10 194  5.4  6.6 99.00 99.00 99.00 999 9999.0 999.0 999.0 999.0 99.0 99.00
2008 12 24 02 20 191  5.3  6.7 99.00 99.00 99.00 999 9999.0 999.0 999.0 999.0 99.0 99.00
2008 12 24 03 00 190  5.4  6.4 99.00 99.00 99.00 999 9999.0  -0.5   2.0 999.0 99.0 99.00
2008 12 24 03 10 191  5.9  7.3 99.00 99.00 99.00 999 9999.0 999.0 999.0 999.0 99.0 99.00
2008 12 24 03 20 192  5.8  6.7 99.00 99.00 99.00 999 9999.0 999.0 999.0 999.0 99.0 99.00
2008 12 24 04 00 188  5.8  7.0 99.00 99.00 99.00 999 9999.0  -0.2   2.1 999.0 99.0 99.00
2008 12 24 04 10 190  5.8  6.8 99.00 99.00 99.00 999 9999.0 999.0 999.0 999.0 99.0 99.00
2008 12 24 04 20 194  4.9  6.3 99.00 99.00 99.00 999 9999.0 999.0 999.0 999.0 99.0 99.00
2008 12 24 05 00 200  4.0  5.1 99.00 99.00 99.00 999 9999.0   0.1   1.9 999.0 99.0 99.00
2008 12 24 05 10 194  4.3  5.2 99.00 99.00 99.00 999 9999.0 999.0 999.0 999.0 99.0 99.00
2008 12 24 05 20 191  4.3  5.3 99.00 99.00 99.00 999 9999.0 999.0 999.0 999.0 99.0 99.00
2008 12 24 07 00 192  5.3  6.7 99.00 99.00 99.00 999 9999.0   0.9 999.0 999.0 99.0 99.00
2008 12 24 08 00 201  4.2  5.0 99.00 99.00 99.00 999 9999.0   1.3   1.9 999.0 99.0 99.00
2008 12 24 08 10 197  4.8  5.7 99.00 99.00 99.00 999 9999.0 999.0 999.0 999.0 99.0 99.00
2008 12 24 08 20 197  4.6  5.1 99.00 99.00 99.00 999 9999.0 999.0 999.0 999.0 99.0 99.00
2008 12 24 09 00 202  2.6  3.3 99.00 99.00 99.00 999 9999.0   1.3   1.9 999.0 99.0 99.00
2008 12 24 09 10 203  1.7  2.3 99.00 99.00 99.00 999 9999.0 999.0 999.0 999.0 99.0 99.00
2008 12 24 09 20 194  1.0  1.3 99.00 99.00 99.00 999 9999.0 999.0 999.0 999.0 99.0 99.00
2008 12 24 10 00 109  2.1  2.6 99.00 99.00 99.00 999 9999.0   1.2   1.9 999.0 99.0 99.00
2008 12 24 11 00 126  2.8  3.2 99.00 99.00 99.00 999 9999.0   1.1   1.9 999.0 99.0 99.00
2008 12 24 11 10 137  2.9  3.3 99.00 99.00 99.00 999 9999.0 999.0 999.0 999.0 99.0 99.00
2008 12 24 11 20 142  3.3  3.9 99.00 99.00 99.00 999 9999.0 999.0 999.0 999.0 99.0 99.00
2008 12 24 12 00 165  3.8  4.4 99.00 99.00 99.00 999 9999.0   1.5   1.9 999.0 99.0 99.00
2008 12 24 12 10 163  4.2  4.7 99.00 99.00 99.00 999 9999.0 999.0 999.0 999.0 99.0 99.00
2008 12 24 12 20 163  4.1  4.7 99.00 99.00 99.00 999 9999.0 999.0 999.0 999.0 99.0 99.00
2008 12 24 13 00 173  4.2  4.9 99.00 99.00 99.00 999 9999.0   2.1   2.0 999.0 99.0 99.00
2008 12 24 13 10 175  3.9  4.6 99.00 99.00 99.00 999 9999.0 999.0 999.0 999.0 99.0 99.00
2008 12 24 13 20 186  3.5  4.1 99.00 99.00 99.00 999 9999.0 999.0 999.0 999.0 99.0 99.00
2008 12 24 14 00 183  3.2  4.1 99.00 99.00 99.00 999 9999.0   2.2   2.1 999.0 99.0 99.00
2008 12 24 14 10 181  3.5  4.1 99.00 99.00 99.00 999 9999.0 999.0 999.0 999.0 99.0 99.00
2008 12 24 14 20 179  3.7  4.7 99.00 99.00 99.00 999 9999.0 999.0 999.0 999.0 99.0 99.00
2008 12 24 15 00 194  3.0  5.0 99.00 99.00 99.00 999 9999.0   2.5   2.2 999.0 99.0 99.00
2008 12 24 15 10 196  3.7  5.0 99.00 99.00 99.00 999 9999.0 999.0 999.0 999.0 99.0 99.00
2008 12 24 15 20 184  4.0  4.9 99.00 99.00 99.00 999 9999.0 999.0 999.0 999.0 99.0 99.00
2008 12 24 16 00 166  1.8  2.2 99.00 99.00 99.00 999 9999.0   2.5   2.2 999.0 99.0 99.00
2008 12 24 16 20 171  2.9  3.9 99.00 99.00 99.00 999 9999.0 999.0 999.0 999.0 99.0 99.00
2008 12 24 18 00 172  2.6  3.8 99.00 99.00 99.00 999 9999.0   3.6   2.0 999.0 99.0 99.00
2008 12 24 18 10 139  2.5  2.9 99.00 99.00 99.00 999 9999.0 999.0 999.0 999.0 99.0 99.00
2008 12 24 18 20 135  2.7  3.3 99.00 99.00 99.00 999 9999.0 999.0 999.0 999.0 99.0 99.00
2008 12 24 19 00 129  2.3  2.7 99.00 99.00 99.00 999 9999.0   3.0   1.9 999.0 99.0 99.00
2008 12 24 19 10 115  1.7  2.3 99.00 99.00 99.00 999 9999.0 999.0 999.0 999.0 99.0 99.00
2008 12 24 19 20  99  1.4  2.1 99.00 99.00 99.00 999 9999.0 999.0 999.0 999.0 99.0 99.00
2008 12 24 20 00 128  2.6  2.9 99.00 99.00 99.00 999 9999.0   3.4   1.9 999.0 99.0 99.00
2008 12 24 20 10 142  2.7  3.1 99.00 99.00 99.00 999 9999.0 999.0 999.0 999.0 99.0 99.00
2008 12 24 20 20 147  3.3  4.2 99.00 99.00 99.00 999 9999.0 999.0 999.0 999.0 99.0 99.00
2008 12 24 21 00 215  4.3  5.3 99.00 99.00 99.00 999 9999.0   6.3   2.0 999.0 99.0 99.00
2008 12 24 21 10 233  4.5  6.2 99.00 99.00 99.00 999 9999.0 999.0 999.0 999.0 99.0 99.00
2008 12 24 21 20 227  5.9  7.9 99.00 99.00 99.00 999 9999.0 999.0 999.0 999.0 99.0 99.00
2008 12 24 22 00 234  5.6  6.8 99.00 99.00 99.00 999 9999.0   7.5   2.0 999.0 99.0 99.00
2008 12 24 22 10 236  5.9  7.6 99.00 99.00 99.00 999 9999.0 999.0 999.0 999.0 99.0 99.00
2008 12 24 22 20 239  5.6  7.0 99.00 99.00 99.00 999 9999.0 999.0 999.0 999.0 99.0 99.00
2008 12 24 23 00 236  4.4  5.5 99.00 99.00 99.00 999 9999.0   7.1   2.0 999.0 99.0 99.00
2008 12 24 23 10 234  4.3  4.8 99.00 99.00 99.00 999 9999.0 999.0 999.0 999.0 99.0 99.00
2008 12 24 23 20 238  4.6  5.3 99.00 99.00 99.00 999 9999.0 999.0 999.0 999.0 99.0 99.00
2008 12 25 00 00 250  4.3  5.4 99.00 99.00 99.00 999 9999.0   8.1   2.1 999.0 99.0 99.00
2008 12 25 00 10 246  5.0  6.4 99.00 99.00 99.00 999 9999.0 999.0 999.0 999.0 99.0 99.00
2008 12 25 00 20 250  4.4  5.2 99.00 99.00 99.00 999 9999.0 999.0 999.0 999.0 99.0 99.00
2008 12 25 01 00 245  4.6  5.7 99.00 99.00 99.00 999 9999.0   8.0   2.2 999.0 99.0 99.00
2008 12 25 01 10 248  4.7  5.2 99.00 99.00 99.00 999 9999.0 999.0 999.0 999.0 99.0 99.00
2008 12 25 01 20 245  5.2  6.3 99.00 99.00 99.00 999 9999.0 999.0 999.0 999.0 99.0 99.00
2008 12 25 02 00 269  4.0  5.2 99.00 99.00 99.00 999 9999.0   9.2   2.2 999.0 99.0 99.00
2008 12 25 02 10 270  3.7  4.4 99.00 99.00 99.00 999 9999.0 999.0 999.0 999.0 99.0 99.00
2008 12 25 02 20 257  4.0  4.6 99.00 99.00 99.00 999 9999.0 999.0 999.0 999.0 99.0 99.00
2008 12 25 03 00 246  6.4  7.8 99.00 99.00 99.00 999 9999.0  10.4   2.2 999.0 99.0 99.00
2008 12 25 03 10 238  6.9  8.5 99.00 99.00 99.00 999 9999.0 999.0 999.0 999.0 99.0 99.00
2008 12 25 03 20 235  7.3 10.0 99.00 99.00 99.00 999 9999.0 999.0 999.0 999.0 99.0 99.00
2008 12 25 04 00 237  8.2 10.5 99.00 99.00 99.00 999 9999.0  10.7   2.1 999.0 99.0 99.00
2008 12 25 04 10 242  7.9  9.7 99.00 99.00 99.00 999 9999.0 999.0 999.0 999.0 99.0 99.00
2008 12 25 04 20 244  6.6  7.7 99.00 99.00 99.00 999 9999.0 999.0 999.0 999.0 99.0 99.00
2008 12 25 05 00 260  4.7  5.7 99.00 99.00 99.00 999 9999.0   9.1   2.0 999.0 99.0 99.00
2008 12 25 05 10 268  4.8  6.3 99.00 99.00 99.00 999 9999.0 999.0 999.0 999.0 99.0 99.00
2008 12 25 05 20 265  5.8  7.7 99.00 99.00 99.00 999 9999.0 999.0 999.0 999.0 99.0 99.00
2008 12 25 06 00 304  8.4 11.9 99.00 99.00 99.00 999 9999.0  12.9   2.0 999.0 99.0 99.00
2008 12 25 06 10 296  8.4 12.1 99.00 99.00 99.00 999 9999.0 999.0 999.0 999.0 99.0 99.00
2008 12 25 06 20 299  8.0 12.7 99.00 99.00 99.00 999 9999.0 999.0 999.0 999.0 99.0 99.00
2008 12 25 07 00 296  8.2 11.6 99.00 99.00 99.00 999 9999.0  13.4   2.0 999.0 99.0 99.00
2008 12 25 07 10 306  8.1 11.0 99.00 99.00 99.00 999 9999.0 999.0 999.0 999.0 99.0 99.00
2008 12 25 07 20 307  8.8 13.4 99.00 99.00 99.00 999 9999.0 999.0 999.0 999.0 99.0 99.00
2008 12 25 08 00 310  8.6 12.7 99.00 99.00 99.00 999 9999.0  11.8   2.0 999.0 99.0 99.00
2008 12 25 08 10 316  9.1 12.8 99.00 99.00 99.00 999 9999.0 999.0 999.0 999.0 99.0 99.00
2008 12 25 08 20 317  9.7 14.3 99.00 99.00 99.00 999 9999.0 999.0 999.0 999.0 99.0 99.00
2008 12 25 09 00 328  8.6 11.2 99.00 99.00 99.00 999 9999.0   9.7   2.0 999.0 99.0 99.00
2008 12 25 09 10 330  8.2 12.0 99.00 99.00 99.00 999 9999.0 999.0 999.0 999.0 99.0 99.00
2008 12 25 09 20 327  9.6 14.5 99.00 99.00 99.00 999 9999.0 999.0 999.0 999.0 99.0 99.00
2008 12 25 10 00 322 10.0 15.7 99.00 99.00 99.00 999 9999.0   9.1   2.0 999.0 99.0 99.00
2008 12 25 10 10 322  9.3 12.8 99.00 99.00 99.00 999 9999.0 999.0 999.0 999.0 99.0 99.00
2008 12 25 10 20 325  8.5 12.5 99.00 99.00 99.00 999 9999.0 999.0 999.0 999.0 99.0 99.00
2008 12 25 11 00 323  5.3  6.7 99.00 99.00 99.00 999 9999.0   8.0   2.0 999.0 99.0 99.00
2008 12 25 11 10 316  5.0  8.6 99.00 99.00 99.00 999 9999.0 999.0 999.0 999.0 99.0 99.00
2008 12 25 11 20 318  5.7  8.4 99.00 99.00 99.00 999 9999.0 999.0 999.0 999.0 99.0 99.00
2008 12 25 12 00 312  6.0  8.5 99.00 99.00 99.00 999 9999.0   7.2   2.0 999.0 99.0 99.00
2008 12 25 12 10 315  6.9  9.5 99.00 99.00 99.00 999 9999.0 999.0 999.0 999.0 99.0 99.00
2008 12 25 12 20 311  6.1  9.9 99.00 99.00 99.00 999 9999.0 999.0 999.0 999.0 99.0 99.00
2008 12 25 13 00 306  5.1  6.9 99.00 99.00 99.00 999 9999.0   6.4   2.0 999.0 99.0 99.00
2008 12 25 13 10 304  5.5  7.6 99.00 99.00 99.00 999 9999.0 999.0 999.0 999.0 99.0 99.00
2008 12 25 13 20 305  4.5  6.7 99.00 99.00 99.00 999 9999.0 999.0 999.0 999.0 99.0 99.00
2008 12 25 14 00 307  4.5  5.7 99.00 99.00 99.00 999 9999.0   5.7   2.1 999.0 99.0 99.00
2008 12 25 14 10 316  5.0  8.1 99.00 99.00 99.00 999 9999.0 999.0 999.0 999.0 99.0 99.00
2008 12 25 14 20 320  5.0  7.1 99.00 99.00 99.00 999 9999.0 999.0 999.0 999.0 99.0 99.00
2008 12 25 15 00 339  3.5  5.5 99.00 99.00 99.00 999 9999.0   5.6   2.5 999.0 99.0 99.00
2008 12 25 15 10   8  2.1  3.9 99.00 99.00 99.00 999 9999.0 999.0 999.0 999.0 99.0 99.00
2008 12 25 15 20 359  3.7  7.7 99.00 99.00 99.00 999 9999.0 999.0 999.0 999.0 99.0 99.00
2008 12 25 16 00 351  5.2  6.9 99.00 99.00 99.00 999 9999.0   5.2   2.4 999.0 99.0 99.00
2008 12 25 16 10 347  5.5  7.2 99.00 99.00 99.00 999 9999.0 999.0 999.0 999.0 99.0 99.00
2008 12 25 16 20 345  5.9  8.0 99.00 99.00 99.00 999 9999.0 999.0 999.0 999.0 99.0 99.00
2008 12 25 17 00 339  3.9  5.1 99.00 99.00 99.00 999 9999.0   5.5   2.4 999.0 99.0 99.00
2008 12 25 17 10 351  4.3  6.0 99.00 99.00 99.00 999 9999.0 999.0 999.0 999.0 99.0 99.00
2008 12 25 17 20   0  4.4  5.5 99.00 99.00 99.00 999 9999.0 999.0 999.0 999.0 99.0 99.00
2008 12 25 18 00 350  4.6  5.8 99.00 99.00 99.00 999 9999.0   6.0   2.3 999.0 99.0 99.00
2008 12 25 18 10 352  4.5  5.4 99.00 99.00 99.00 999 9999.0 999.0 999.0 999.0 99.0 99.00
2008 12 25 18 20 355  4.7  7.4 99.00 99.00 99.00 999 9999.0 999.0 999.0 999.0 99.0 99.00
2008 12 25 19 00 350  5.7  6.8 99.00 99.00 99.00 999 9999.0   5.8   2.3 999.0 99.0 99.00
2008 12 25 19 10 349  5.4  7.4 99.00 99.00 99.00 999 9999.0 999.0 999.0 999.0 99.0 99.00
2008 12 25 19 20 352  5.2  6.6 99.00 99.00 99.00 999 9999.0 999.0 999.0 999.0 99.0 99.00
2008 12 25 20 00 348  5.5  7.2 99.00 99.00 99.00 999 9999.0   5.8   2.2 999.0 99.0 99.00
2008 12 25 20 10 350  6.1  8.1 99.00 99.00 99.00 999 9999.0 999.0 999.0 999.0 99.0 99.00
2008 12 25 20 20 354  5.7  8.2 99.00 99.00 99.00 999 9999.0 999.0 999.0 999.0 99.0 99.00
2008 12 25 21 00 348  5.5  7.9 99.00 99.00 99.00 999 9999.0   5.6   2.2 999.0 99.0 99.00
2008 12 25 21 10   5  4.6  6.3 99.00 99.00 99.00 999 9999.0 999.0 999.0 999.0 99.0 99.00
2008 12 25 21 20  10  5.2  7.5 99.00 99.00 99.00 999 9999.0 999.0 999.0 999.0 99.0 99.00
2008 12 25 22 00   5  5.5  7.3 99.00 99.00 99.00 999 9999.0   4.4   2.2 999.0 99.0 99.00
2008 12 25 22 10  12  5.4  7.3 99.00 99.00 99.00 999 9999.0 999.0 999.0 999.0 99.0 99.00
2008 12 25 22 20   5  5.1  6.1 99.00 99.00 99.00 999 9999.0 999.0 999.0 999.0 99.0 99.00
2008 12 25 23 00   9  4.0  4.9 99.00 99.00 99.00 999 9999.0   3.5   2.2 999.0 99.0 99.00
2008 12 25 23 10   1  4.0  6.2 99.00 99.00 99.00 999 9999.0 999.0 999.0 999.0 99.0 99.00
2008 12 25 23 20   8  3.3  4.9 99.00 99.00 99.00 999 9999.0 999.0 999.0 999.0 99.0 99.00
2008 12 26 00 00   7  2.7  3.5 99.00 99.00 99.00 999 9999.0   2.9   2.2 999.0 99.0 99.00
2008 12 26 00 10  30  2.0  2.8 99.00 99.00 99.00 999 9999.0 999.0 999.0 999.0 99.0 99.00
2008 12 26 00 20  20  1.7  2.5 99.00 99.00 99.00 999 9999.0 999.0 999.0 999.0 99.0 99.00
2008 12 26 01 00   8  2.0  2.5 99.00 99.00 99.00 999 9999.0   2.2   2.2 999.0 99.0 99.00
2008 12 26 01 10   8  1.9  2.4 99.00 99.00 99.00 999 9999.0 999.0 999.0 999.0 99.0 99.00
2008 12 26 01 20  18  1.4  1.7 99.00 99.00 99.00 999 9999.0 999.0 999.0 999.0 99.0 99.00
2008 12 26 02 00   2  2.5  2.8 99.00 99.00 99.00 999 9999.0   0.9   2.1 999.0 99.0 99.00
2008 12 26 02 10   8  2.5  3.0 99.00 99.00 99.00 999 9999.0 999.0 999.0 999.0 99.0 99.00
2008 12 26 02 20   6  3.1  3.6 99.00 99.00 99.00 999 9999.0 999.0 999.0 999.0 99.0 99.00
2008 12 26 03 00   9  3.2  3.8 99.00 99.00 99.00 999 9999.0   0.7   1.9 999.0 99.0 99.00
2008 12 26 03 10   5  3.3  4.0 99.00 99.00 99.00 999 9999.0 999.0 999.0 999.0 99.0 99.00
2008 12 26 03 20   6  3.6  4.3 99.00 99.00 99.00 999 9999.0 999.0 999.0 999.0 99.0 99.00
2008 12 26 04 00  10  3.9  4.6 99.00 99.00 99.00 999 9999.0   0.3   1.8 999.0 99.0 99.00
2008 12 26 04 10  13  3.8  4.3 99.00 99.00 99.00 999 9999.0 999.0 999.0 999.0 99.0 99.00
2008 12 26 04 20  10  3.8  4.5 99.00 99.00 99.00 999 9999.0 999.0 999.0 999.0 99.0 99.00
2008 12 26 05 00   4  3.8  4.5 99.00 99.00 99.00 999 9999.0   0.1   1.8 999.0 99.0 99.00
2008 12 26 05 10   6  4.0  4.7 99.00 99.00 99.00 999 9999.0 999.0 999.0 999.0 99.0 99.00
2008 12 26 05 20  12  4.2  5.0 99.00 99.00 99.00 999 9999.0 999.0 999.0 999.0 99.0 99.00
2008 12 26 06 00 352  4.3  5.1 99.00 99.00 99.00 999 9999.0  -0.1   1.7 999.0 99.0 99.00
2008 12 26 06 10 353  4.5  5.4 99.00 99.00 99.00 999 9999.0 999.0 999.0 999.0 99.0 99.00
2008 12 26 06 20 355  4.7  5.7 99.00 99.00 99.00 999 9999.0 999.0 999.0 999.0 99.0 99.00
2008 12 26 07 00 356  4.0  4.7 99.00 99.00 99.00 999 9999.0  -0.4   1.6 999.0 99.0 99.00
2008 12 26 07 10 360  3.5  4.0 99.00 99.00 99.00 999 9999.0 999.0 999.0 999.0 99.0 99.00
2008 12 26 07 20 353  3.7  4.6 99.00 99.00 99.00 999 9999.0 999.0 999.0 999.0 99.0 99.00
2008 12 26 08 00   2  4.2  5.2 99.00 99.00 99.00 999 9999.0  -0.5   1.7 999.0 99.0 99.00
2008 12 26 08 10   3  3.8  4.6 99.00 99.00 99.00 999 9999.0 999.0 999.0 999.0 99.0 99.00
2008 12 26 08 20   4  3.6  4.6 99.00 99.00 99.00 999 9999.0 999.0 999.0 999.0 99.0 99.00
2008 12 26 09 00   7  2.6  3.2 99.00 99.00 99.00 999 9999.0  -0.9   1.8 999.0 99.0 99.00
2008 12 26 09 10  30  3.1  3.7 99.00 99.00 99.00 999 9999.0 999.0 999.0 999.0 99.0 99.00
2008 12 26 09 20  29  3.0  3.8 99.00 99.00 99.00 999 9999.0 999.0 999.0 999.0 99.0 99.00
2008 12 26 10 00  21  1.3  1.7 99.00 99.00 99.00 999 9999.0  -1.2   1.8 999.0 99.0 99.00
2008 12 26 10 10  21  1.1  1.7 99.00 99.00 99.00 999 9999.0 999.0 999.0 999.0 99.0 99.00
2008 12 26 10 20  45  0.6  0.9 99.00 99.00 99.00 999 9999.0 999.0 999.0 999.0 99.0 99.00
2008 12 26 11 00 359  0.9  1.2 99.00 99.00 99.00 999 9999.0  -1.4   1.8 999.0 99.0 99.00
2008 12 26 11 10 353  1.1  1.4 99.00 99.00 99.00 999 9999.0 999.0 999.0 999.0 99.0 99.00
2008 12 26 11 20   5  1.2  1.6 99.00 99.00 99.00 999 9999.0 999.0 999.0 999.0 99.0 99.00
2008 12 26 12 00  10  2.3  2.8 99.00 99.00 99.00 999 9999.0  -1.2   1.8 999.0 99.0 99.00
2008 12 26 12 10   8  2.5  3.0 99.00 99.00 99.00 999 9999.0 999.0 999.0 999.0 99.0 99.00
2008 12 26 12 20   5  2.3  2.7 99.00 99.00 99.00 999 9999.0 999.0 999.0 999.0 99.0 99.00
2008 12 26 13 00   5  1.1  1.5 99.00 99.00 99.00 999 9999.0  -0.9   1.8 999.0 99.0 99.00
2008 12 26 13 10 346  1.7  2.1 99.00 99.00 99.00 999 9999.0 999.0 999.0 999.0 99.0 99.00
2008 12 26 13 20 346  1.8  2.3 99.00 99.00 99.00 999 9999.0 999.0 999.0 999.0 99.0 99.00
2008 12 26 14 00  10  1.2  1.5 99.00 99.00 99.00 999 9999.0  -0.6   1.8 999.0 99.0 99.00
2008 12 26 14 10 332  0.9  1.4 99.00 99.00 99.00 999 9999.0 999.0 999.0 999.0 99.0 99.00
2008 12 26 14 20 330  0.8  1.3 99.00 99.00 99.00 999 9999.0 999.0 999.0 999.0 99.0 99.00
2008 12 26 15 00 226  0.2  0.7 99.00 99.00 99.00 999 9999.0   1.5   1.6 999.0 99.0 99.00
2008 12 26 15 10 263  0.5  1.1 99.00 99.00 99.00 999 9999.0 999.0 999.0 999.0 99.0 99.00
2008 12 26 15 20 253  0.2  0.6 99.00 99.00 99.00 999 9999.0 999.0 999.0 999.0 99.0 99.00
2008 12 26 16 00 201  1.2  1.8 99.00 99.00 99.00 999 9999.0   1.2   1.5 999.0 99.0 99.00
2008 12 26 16 20 257  1.0  1.4 99.00 99.00 99.00 999 9999.0 999.0 999.0 999.0 99.0 99.00
2008 12 26 17 00 252  1.6  2.2 99.00 99.00 99.00 999 9999.0   1.4   1.4 999.0 99.0 99.00
2008 12 26 17 10 252  1.7  2.1 99.00 99.00 99.00 999 9999.0 999.0 999.0 999.0 99.0 99.00
2008 12 26 17 20 253  1.7  1.9 99.00 99.00 99.00 999 9999.0 999.0 999.0 999.0 99.0 99.00
2008 12 26 18 00 200  0.4  1.0 99.00 99.00 99.00 999 9999.0   2.8   1.3 999.0 99.0 99.00
2008 12 26 18 10 203  0.9  1.2 99.00 99.00 99.00 999 9999.0 999.0 999.0 999.0 99.0 99.00
2008 12 26 18 20 164  1.8  2.1 99.00 99.00 99.00 999 9999.0 999.0 999.0 999.0 99.0 99.00
2008 12 26 19 00 115  1.9  2.2 99.00 99.00 99.00 999 9999.0   1.8   1.3 999.0 99.0 99.00
2008 12 26 19 10 110  1.6  1.8 99.00 99.00 99.00 999 9999.0 999.0 999.0 999.0 99.0 99.00
2008 12 26 19 20 122  1.7  2.0 99.00 99.00 99.00 999 9999.0 999.0 999.0 999.0 99.0 99.00
2008 12 26 20 00 169  2.1  2.5 99.00 99.00 99.00 999 9999.0   2.1   1.3 999.0 99.0 99.00
2008 12 26 20 10 193  2.3  2.7 99.00 99.00 99.00 999 9999.0 999.0 999.0 999.0 99.0 99.00
2008 12 26 20 20 210  2.2  2.5 99.00 99.00 99.00 999 9999.0 999.0 999.0 999.0 99.0 99.00
2008 12 26 21 00 187  0.4  0.8 99.00 99.00 99.00 999 9999.0   2.3   1.4 999.0 99.0 99.00
2008 12 26 21 10 179  0.1  0.5 99.00 99.00 99.00 999 9999.0 999.0 999.0 999.0 99.0 99.00
2008 12 26 21 20  52  0.3  0.7 99.00 99.00 99.00 999 9999.0 999.0 999.0 999.0 99.0 99.00
2008 12 26 22 00  38 99.0  0.5 99.00 99.00 99.00 999 9999.0   2.6   1.6 999.0 99.0 99.00
2008 12 26 22 10  42  0.1  0.6 99.00 99.00 99.00 999 9999.0 999.0 999.0 999.0 99.0 99.00
2008 12 26 22 20 128  0.6  1.3 99.00 99.00 99.00 999 9999.0 999.0 999.0 999.0 99.0 99.00
2008 12 26 23 00 101  1.4  1.8 99.00 99.00 99.00 999 9999.0   2.2   1.5 999.0 99.0 99.00
2008 12 26 23 10  99  1.5  1.8 99.00 99.00 99.00 999 9999.0 999.0 999.0 999.0 99.0 99.00
2008 12 26 23 20 104  1.2  1.6 99.00 99.00 99.00 999 9999.0 999.0 999.0 999.0 99.0 99.00
2008 12 27 00 00 142  0.7  1.3 99.00 99.00 99.00 999 9999.0   1.9   1.3 999.0 99.0 99.00
2008 12 27 01 00 247  0.9  1.2 99.00 99.00 99.00 999 9999.0   1.7   1.3 999.0 99.0 99.00
2008 12 27 01 10 203  0.6  1.0 99.00 99.00 99.00 999 9999.0 999.0 999.0 999.0 99.0 99.00
2008 12 27 01 20 213  0.1  0.4 99.00 99.00 99.00 999 9999.0 999.0 999.0 999.0 99.0 99.00
2008 12 27 02 00 264  0.2  0.8 99.00 99.00 99.00 999 9999.0   1.4   1.2 999.0 99.0 99.00
2008 12 27 02 10  79  0.8  1.4 99.00 99.00 99.00 999 9999.0 999.0 999.0 999.0 99.0 99.00
2008 12 27 02 20 111  1.9  2.7 99.00 99.00 99.00 999 9999.0 999.0 999.0 999.0 99.0 99.00
2008 12 27 03 00 346  1.9  2.7 99.00 99.00 99.00 999 9999.0   1.7   1.2 999.0 99.0 99.00
2008 12 27 03 10 352  2.4  2.9 99.00 99.00 99.00 999 9999.0 999.0 999.0 999.0 99.0 99.00
2008 12 27 03 20   2  2.1  2.3 99.00 99.00 99.00 999 9999.0 999.0 999.0 999.0 99.0 99.00
2008 12 27 04 00  45  0.6  0.8 99.00 99.00 99.00 999 9999.0   1.9   1.3 999.0 99.0 99.00
2008 12 27 04 10 351  1.2  1.8 99.00 99.00 99.00 999 9999.0 999.0 999.0 999.0 99.0 99.00
2008 12 27 04 20   5  0.7  1.3 99.00 99.00 99.00 999 9999.0 999.0 999.0 999.0 99.0 99.00
2008 12 27 05 00 351  1.1  1.3 99.00 99.00 99.00 999 9999.0   1.5   1.2 999.0 99.0 99.00
2008 12 27 05 10 339  1.5  1.7 99.00 99.00 99.00 999 9999.0 999.0 999.0 999.0 99.0 99.00
2008 12 27 05 20 333  1.0  1.7 99.00 99.00 99.00 999 9999.0 999.0 999.0 999.0 99.0 99.00
2008 12 27 06 00  48  0.5  0.7 99.00 99.00 99.00 999 9999.0   1.9   1.1 999.0 99.0 99.00
2008 12 27 06 10  18  0.2  0.7 99.00 99.00 99.00 999 9999.0 999.0 999.0 999.0 99.0 99.00
2008 12 27 06 20 336  0.4  1.4 99.00 99.00 99.00 999 9999.0 999.0 999.0 999.0 99.0 99.00
2008 12 27 07 00 335 99.0 99.0 99.00 99.00 99.00 999 9999.0   2.0   1.1 999.0 99.0 99.00
2008 12 27 07 10 332  0.3  0.7 99.00 99.00 99.00 999 9999.0 999.0 999.0 999.0 99.0 99.00
2008 12 27 07 20 332 99.0  0.4 99.00 99.00 99.00 999 9999.0 999.0 999.0 999.0 99.0 99.00
2008 12 27 08 00 210  0.3  0.7 99.00 99.00 99.00 999 9999.0   1.7   1.0 999.0 99.0 99.00
2008 12 27 08 10 239  0.7  1.0 99.00 99.00 99.00 999 9999.0 999.0 999.0 999.0 99.0 99.00
2008 12 27 08 20 222  0.9  1.1 99.00 99.00 99.00 999 9999.0 999.0 999.0 999.0 99.0 99.00
2008 12 27 09 00 236 99.0 99.0 99.00 99.00 99.00 999 9999.0   1.5   1.0 999.0 99.0 99.00
2008 12 27 09 10 303  0.1  0.6 99.00 99.00 99.00 999 9999.0 999.0 999.0 999.0 99.0 99.00
2008 12 27 09 20 170  0.1  0.5 99.00 99.00 99.00 999 9999.0 999.0 999.0 999.0 99.0 99.00
2008 12 27 10 00  31  0.7  1.0 99.00 99.00 99.00 999 9999.0   1.9   1.0 999.0 99.0 99.00
2008 12 27 10 10  27  0.3  0.7 99.00 99.00 99.00 999 9999.0 999.0 999.0 999.0 99.0 99.00
2008 12 27 10 20 351  0.1  0.6 99.00 99.00 99.00 999 9999.0 999.0 999.0 999.0 99.0 99.00
2008 12 27 11 00 181  0.8  1.1 99.00 99.00 99.00 999 9999.0   2.4   0.9 999.0 99.0 99.00
2008 12 27 11 10 171  0.9  1.0 99.00 99.00 99.00 999 9999.0 999.0 999.0 999.0 99.0 99.00
2008 12 27 11 20 169  1.0  1.1 99.00 99.00 99.00 999 9999.0 999.0 999.0 999.0 99.0 99.00
2008 12 27 12 00 126  0.8  1.1 99.00 99.00 99.00 999 9999.0   2.0   0.9 999.0 99.0 99.00
2008 12 27 12 10  79  0.1  0.7 99.00 99.00 99.00 999 9999.0 999.0 999.0 999.0 99.0 99.00
2008 12 27 12 20 339 99.0  0.4 99.00 99.00 99.00 999 9999.0 999.0 999.0 999.0 99.0 99.00
2008 12 27 13 00 148  0.7  0.9 99.00 99.00 99.00 999 9999.0   2.0   0.9 999.0 99.0 99.00
2008 12 27 13 10 153  1.3  1.6 99.00 99.00 99.00 999 9999.0 999.0 999.0 999.0 99.0 99.00
2008 12 27 13 20 158  1.2  1.5 99.00 99.00 99.00 999 9999.0 999.0 999.0 999.0 99.0 99.00
2008 12 27 14 00 116  1.4  1.7 99.00 99.00 99.00 999 9999.0   2.3   1.0 999.0 99.0 99.00
2008 12 27 14 10 116  1.3  1.4 99.00 99.00 99.00 999 9999.0 999.0 999.0 999.0 99.0 99.00
2008 12 27 14 20 116  0.9  1.2 99.00 99.00 99.00 999 9999.0 999.0 999.0 999.0 99.0 99.00
2008 12 27 15 00  95  1.2  1.5 99.00 99.00 99.00 999 9999.0   3.3   1.0 999.0 99.0 99.00
2008 12 27 15 10 102  1.4  1.6 99.00 99.00 99.00 999 9999.0 999.0 999.0 999.0 99.0 99.00
2008 12 27 15 20  88  1.5  1.7 99.00 99.00 99.00 999 9999.0 999.0 999.0 999.0 99.0 99.00
2008 12 27 16 00  61  0.9  1.2 99.00 99.00 99.00 999 9999.0   3.8   1.1 999.0 99.0 99.00
2008 12 27 16 10  86  1.4  1.7 99.00 99.00 99.00 999 9999.0 999.0 999.0 999.0 99.0 99.00
2008 12 27 16 20 106  1.8  2.0 99.00 99.00 99.00 999 9999.0 999.0 999.0 999.0 99.0 99.00
2008 12 27 17 00  77  0.7  1.0 99.00 99.00 99.00 999 9999.0   4.7   1.2 999.0 99.0 99.00
2008 12 27 17 10  55  0.7  0.9 99.00 99.00 99.00 999 9999.0 999.0 999.0 999.0 99.0 99.00
2008 12 27 17 20  63  0.4  0.8 99.00 99.00 99.00 999 9999.0 999.0 999.0 999.0 99.0 99.00
2008 12 27 18 00  91  0.8  1.1 99.00 99.00 99.00 999 9999.0   4.2   1.2 999.0 99.0 99.00
2008 12 27 18 10 106  1.3  1.6 99.00 99.00 99.00 999 9999.0 999.0 999.0 999.0 99.0 99.00
2008 12 27 18 20 104  0.9  1.4 99.00 99.00 99.00 999 9999.0 999.0 999.0 999.0 99.0 99.00
2008 12 27 19 00 131  1.5  2.2 99.00 99.00 99.00 999 9999.0   4.8   1.1 999.0 99.0 99.00
2008 12 27 19 10  99  1.5  1.9 99.00 99.00 99.00 999 9999.0 999.0 999.0 999.0 99.0 99.00
2008 12 27 19 20  94  1.3  2.0 99.00 99.00 99.00 999 9999.0 999.0 999.0 999.0 99.0 99.00
2008 12 27 20 00  59  0.5  0.6 99.00 99.00 99.00 999 9999.0   6.2   1.1 999.0 99.0 99.00
2008 12 27 20 10  26  0.4  0.8 99.00 99.00 99.00 999 9999.0 999.0 999.0 999.0 99.0 99.00
2008 12 27 21 00 116  1.9  2.3 99.00 99.00 99.00 999 9999.0   6.1   1.2 999.0 99.0 99.00
2008 12 27 21 10 118  2.0  2.2 99.00 99.00 99.00 999 9999.0 999.0 999.0 999.0 99.0 99.00
2008 12 27 21 20  97  1.3  1.6 99.00 99.00 99.00 999 9999.0 999.0 999.0 999.0 99.0 99.00
2008 12 27 22 00 354  1.3  1.8 99.00 99.00 99.00 999 9999.0   4.6   1.1 999.0 99.0 99.00
2008 12 27 22 10 356  1.5  1.8 99.00 99.00 99.00 999 9999.0 999.0 999.0 999.0 99.0 99.00
2008 12 27 22 20 358  1.5  1.8 99.00 99.00 99.00 999 9999.0 999.0 999.0 999.0 99.0 99.00
2008 12 27 23 00 351  1.9  2.1 99.00 99.00 99.00 999 9999.0   4.8   1.1 999.0 99.0 99.00
2008 12 27 23 20 343  2.4  2.7 99.00 99.00 99.00 999 9999.0 999.0 999.0 999.0 99.0 99.00
2008 12 28 00 00 331  2.8  3.4 99.00 99.00 99.00 999 9999.0   3.4   1.2 999.0 99.0 99.00
2008 12 28 00 10 335  2.5  2.8 99.00 99.00 99.00 999 9999.0 999.0 999.0 999.0 99.0 99.00
2008 12 28 00 20 344  2.3  2.8 99.00 99.00 99.00 999 9999.0 999.0 999.0 999.0 99.0 99.00
2008 12 28 01 00 341  3.0  3.4 99.00 99.00 99.00 999 9999.0   3.5   1.2 999.0 99.0 99.00
2008 12 28 01 10 345  3.1  3.7 99.00 99.00 99.00 999 9999.0 999.0 999.0 999.0 99.0 99.00
2008 12 28 01 20 334  2.6  3.0 99.00 99.00 99.00 999 9999.0 999.0 999.0 999.0 99.0 99.00
2008 12 28 02 00 352  2.4  2.8 99.00 99.00 99.00 999 9999.0   4.2   1.3 999.0 99.0 99.00
2008 12 28 02 10 352  2.5  2.9 99.00 99.00 99.00 999 9999.0 999.0 999.0 999.0 99.0 99.00
2008 12 28 02 20 355  2.2  2.9 99.00 99.00 99.00 999 9999.0 999.0 999.0 999.0 99.0 99.00
2008 12 28 03 00  80  0.2  0.8 99.00 99.00 99.00 999 9999.0   2.9   1.4 999.0 99.0 99.00
2008 12 28 03 10 113  0.7  0.9 99.00 99.00 99.00 999 9999.0 999.0 999.0 999.0 99.0 99.00
2008 12 28 03 20  85  0.7  1.1 99.00 99.00 99.00 999 9999.0 999.0 999.0 999.0 99.0 99.00
2008 12 28 04 00  26  0.3  0.8 99.00 99.00 99.00 999 9999.0   3.3   1.5 999.0 99.0 99.00
2008 12 28 04 10  92  0.7  1.3 99.00 99.00 99.00 999 9999.0 999.0 999.0 999.0 99.0 99.00
2008 12 28 04 20  99  1.3  1.7 99.00 99.00 99.00 999 9999.0 999.0 999.0 999.0 99.0 99.00
2008 12 28 05 00 233  5.5  7.0 99.00 99.00 99.00 999 9999.0   8.7   1.5 999.0 99.0 99.00
2008 12 28 05 10 238  4.6  5.6 99.00 99.00 99.00 999 9999.0 999.0 999.0 999.0 99.0 99.00
2008 12 28 05 20 237  3.9  4.8 99.00 99.00 99.00 999 9999.0 999.0 999.0 999.0 99.0 99.00
2008 12 28 06 00 240  4.4  5.2 99.00 99.00 99.00 999 9999.0   8.2   1.5 999.0 99.0 99.00
2008 12 28 06 10 239  4.8  5.9 99.00 99.00 99.00 999 9999.0 999.0 999.0 999.0 99.0 99.00
2008 12 28 06 20 240  5.2  6.3 99.00 99.00 99.00 999 9999.0 999.0 999.0 999.0 99.0 99.00
2008 12 28 07 00 202  2.0  3.2 99.00 99.00 99.00 999 9999.0   6.9   1.5 999.0 99.0 99.00
2008 12 28 07 10 201  2.4  3.7 99.00 99.00 99.00 999 9999.0 999.0 999.0 999.0 99.0 99.00
2008 12 28 07 20 219  4.5  5.7 99.00 99.00 99.00 999 9999.0 999.0 999.0 999.0 99.0 99.00
2008 12 28 08 00 220  5.4  7.0 99.00 99.00 99.00 999 9999.0   8.6   1.6 999.0 99.0 99.00
2008 12 28 08 20 218  4.1  5.0 99.00 99.00 99.00 999 9999.0 999.0 999.0 999.0 99.0 99.00
2008 12 28 09 00 149  1.6  2.9 99.00 99.00 99.00 999 9999.0   8.1   1.6 999.0 99.0 99.00
2008 12 28 09 10 188  1.8  2.3 99.00 99.00 99.00 999 9999.0 999.0 999.0 999.0 99.0 99.00
2008 12 28 09 20 195  2.1  2.9 99.00 99.00 99.00 999 9999.0 999.0 999.0 999.0 99.0 99.00
2008 12 28 10 00 199  1.5  2.2 99.00 99.00 99.00 999 9999.0   7.9   1.6 999.0 99.0 99.00
2008 12 28 10 10 223  2.8  3.6 99.00 99.00 99.00 999 9999.0 999.0 999.0 999.0 99.0 99.00
2008 12 28 10 20 216  3.2  3.5 99.00 99.00 99.00 999 9999.0 999.0 999.0 999.0 99.0 99.00
2008 12 28 11 00 222  3.4  4.0 99.00 99.00 99.00 999 9999.0   7.7   1.7 999.0 99.0 99.00
2008 12 28 11 10 224  3.5  5.1 99.00 99.00 99.00 999 9999.0 999.0 999.0 999.0 99.0 99.00
2008 12 28 11 20 221  3.6  4.9 99.00 99.00 99.00 999 9999.0 999.0 999.0 999.0 99.0 99.00
2008 12 28 12 00 229  4.3  5.2 99.00 99.00 99.00 999 9999.0   8.6   1.8 999.0 99.0 99.00
2008 12 28 12 10 221  2.4  3.3 99.00 99.00 99.00 999 9999.0 999.0 999.0 999.0 99.0 99.00
2008 12 28 12 20 198  2.1  3.0 99.00 99.00 99.00 999 9999.0 999.0 999.0 999.0 99.0 99.00
2008 12 28 13 00 191  5.0  7.4 99.00 99.00 99.00 999 9999.0   7.5   1.9 999.0 99.0 99.00
2008 12 28 13 20 217  4.6  6.8 99.00 99.00 99.00 999 9999.0 999.0 999.0 999.0 99.0 99.00
2008 12 28 14 00 214  4.5  5.1 99.00 99.00 99.00 999 9999.0   8.4   2.0 999.0 99.0 99.00
2008 12 28 14 10 207  3.8  4.4 99.00 99.00 99.00 999 9999.0 999.0 999.0 999.0 99.0 99.00
2008 12 28 14 20 212  5.2  6.1 99.00 99.00 99.00 999 9999.0 999.0 999.0 999.0 99.0 99.00
2008 12 28 15 00 210  4.7  5.6 99.00 99.00 99.00 999 9999.0   8.8   2.1 999.0 99.0 99.00
2008 12 28 15 10 217  5.0  5.9 99.00 99.00 99.00 999 9999.0 999.0 999.0 999.0 99.0 99.00
2008 12 28 15 20 226  4.7  6.4 99.00 99.00 99.00 999 9999.0 999.0 999.0 999.0 99.0 99.00
2008 12 28 16 00 230  7.7  9.9 99.00 99.00 99.00 999 9999.0  11.2   2.2 999.0 99.0 99.00
2008 12 28 16 10 226  6.4  8.1 99.00 99.00 99.00 999 9999.0 999.0 999.0 999.0 99.0 99.00
2008 12 28 17 00 223  6.2  7.4 99.00 99.00 99.00 999 9999.0  11.2   2.4 999.0 99.0 99.00
2008 12 28 17 10 224  5.8  7.8 99.00 99.00 99.00 999 9999.0 999.0 999.0 999.0 99.0 99.00
2008 12 28 17 20 229  5.8  6.9 99.00 99.00 99.00 999 9999.0 999.0 999.0 999.0 99.0 99.00
2008 12 28 19 00 262  3.5  4.6 99.00 99.00 99.00 999 9999.0  12.2   2.4 999.0 99.0 99.00
2008 12 28 19 10 265  3.3  4.0 99.00 99.00 99.00 999 9999.0 999.0 999.0 999.0 99.0 99.00
2008 12 28 19 20 269  2.9  3.6 99.00 99.00 99.00 999 9999.0 999.0 999.0 999.0 99.0 99.00
2008 12 28 20 00 295  6.3 10.8 99.00 99.00 99.00 999 9999.0  17.0   2.6 999.0 99.0 99.00
2008 12 28 20 10 295  7.9 11.8 99.00 99.00 99.00 999 9999.0 999.0 999.0 999.0 99.0 99.00
2008 12 28 20 20 297  7.3 10.8 99.00 99.00 99.00 999 9999.0 999.0 999.0 999.0 99.0 99.00
2008 12 28 21 00 295  6.1  8.5 99.00 99.00 99.00 999 9999.0  17.4   2.6 999.0 99.0 99.00
2008 12 28 21 10 295  6.2  7.9 99.00 99.00 99.00 999 9999.0 999.0 999.0 999.0 99.0 99.00
2008 12 28 21 20 303  5.1  9.6 99.00 99.00 99.00 999 9999.0 999.0 999.0 999.0 99.0 99.00
2008 12 28 22 00 303  8.1 11.4 99.00 99.00 99.00 999 9999.0  16.4   2.7 999.0 99.0 99.00
2008 12 28 22 10 309  6.5 10.1 99.00 99.00 99.00 999 9999.0 999.0 999.0 999.0 99.0 99.00
2008 12 28 22 20 301  4.4  6.8 99.00 99.00 99.00 999 9999.0 999.0 999.0 999.0 99.0 99.00
2008 12 28 23 00 296  4.7  7.0 99.00 99.00 99.00 999 9999.0  15.4   2.8 999.0 99.0 99.00
2008 12 28 23 20 314  3.6  4.5 99.00 99.00 99.00 999 9999.0 999.0 999.0 999.0 99.0 99.00
2008 12 29 00 00 292  3.9  5.1 99.00 99.00 99.00 999 9999.0  14.0   2.9 999.0 99.0 99.00
2008 12 29 00 10 301  2.8  4.1 99.00 99.00 99.00 999 9999.0 999.0 999.0 999.0 99.0 99.00
2008 12 29 00 20 294  2.4  3.2 99.00 99.00 99.00 999 9999.0 999.0 999.0 999.0 99.0 99.00
2008 12 29 01 00 294  3.3  4.0 99.00 99.00 99.00 999 9999.0  12.8   2.8 999.0 99.0 99.00
2008 12 29 01 10 302  3.1  5.1 99.00 99.00 99.00 999 9999.0 999.0 999.0 999.0 99.0 99.00
2008 12 29 01 20 306  3.7  7.1 99.00 99.00 99.00 999 9999.0 999.0 999.0 999.0 99.0 99.00
2008 12 29 02 00 300  2.5  4.2 99.00 99.00 99.00 999 9999.0  12.0   2.9 999.0 99.0 99.00
2008 12 29 02 10 312  3.7  4.6 99.00 99.00 99.00 999 9999.0 999.0 999.0 999.0 99.0 99.00
2008 12 29 02 20 316  3.1  4.3 99.00 99.00 99.00 999 9999.0 999.0 999.0 999.0 99.0 99.00
2008 12 29 03 00 310  4.2  6.1 99.00 99.00 99.00 999 9999.0  11.1   2.9 999.0 99.0 99.00
2008 12 29 03 10 305  4.2  7.5 99.00 99.00 99.00 999 9999.0 999.0 999.0 999.0 99.0 99.00
2008 12 29 03 20 316  5.0  6.9 99.00 99.00 99.00 999 9999.0 999.0 999.0 999.0 99.0 99.00
2008 12 29 04 00 320  4.5  6.7 99.00 99.00 99.00 999 9999.0  10.0   2.9 999.0 99.0 99.00
2008 12 29 04 10 323  4.0  5.6 99.00 99.00 99.00 999 9999.0 999.0 999.0 999.0 99.0 99.00
2008 12 29 04 20 319  4.5  5.8 99.00 99.00 99.00 999 9999.0 999.0 999.0 999.0 99.0 99.00
2008 12 29 05 00 300  2.6  4.0 99.00 99.00 99.00 999 9999.0   9.2   2.9 999.0 99.0 99.00
2008 12 29 05 10 306  3.0  3.7 99.00 99.00 99.00 999 9999.0 999.0 999.0 999.0 99.0 99.00
2008 12 29 05 20 315  2.9  3.8 99.00 99.00 99.00 999 9999.0 999.0 999.0 999.0 99.0 99.00
2008 12 29 06 00 324  2.2  3.2 99.00 99.00 99.00 999 9999.0   7.9   2.8 999.0 99.0 99.00
2008 12 29 06 10 324  2.1  2.7 99.00 99.00 99.00 999 9999.0 999.0 999.0 999.0 99.0 99.00
2008 12 29 06 20 333  1.9  2.7 99.00 99.00 99.00 999 9999.0 999.0 999.0 999.0 99.0 99.00
2008 12 29 07 00 323  0.5  1.7 99.00 99.00 99.00 999 9999.0   6.4   2.8 999.0 99.0 99.00
2008 12 29 07 10  14  1.1  1.8 99.00 99.00 99.00 999 9999.0 999.0 999.0 999.0 99.0 99.00
2008 12 29 07 20  18  0.7  1.7 99.00 99.00 99.00 999 9999.0 999.0 999.0 999.0 99.0 99.00
2008 12 29 08 00 338  1.3  1.9 99.00 99.00 99.00 999 9999.0   5.7   2.7 999.0 99.0 99.00
2008 12 29 08 10 322  0.7  1.4 99.00 99.00 99.00 999 9999.0 999.0 999.0 999.0 99.0 99.00
2008 12 29 08 20 302  0.3  1.0 99.00 99.00 99.00 999 9999.0 999.0 999.0 999.0 99.0 99.00
2008 12 29 09 00 351  1.8  2.4 99.00 99.00 99.00 999 9999.0   3.8   2.6 999.0 99.0 99.00
2008 12 29 09 10 354  1.9  2.3 99.00 99.00 99.00 999 9999.0 999.0 999.0 999.0 99.0 99.00
2008 12 29 09 20 350  1.6  2.2 99.00 99.00 99.00 999 9999.0 999.0 999.0 999.0 99.0 99.00
2008 12 29 10 00 343  1.2  2.1 99.00 99.00 99.00 999 9999.0   2.4   2.6 999.0 99.0 99.00
2008 12 29 10 10 337  1.3  1.8 99.00 99.00 99.00 999 9999.0 999.0 999.0 999.0 99.0 99.00
2008 12 29 10 20 319  1.0  1.7 99.00 99.00 99.00 999 9999.0 999.0 999.0 999.0 99.0 99.00
2008 12 29 11 00 343  0.5  1.5 99.00 99.00 99.00 999 9999.0   2.0   2.8 999.0 99.0 99.00
2008 12 29 11 10 304  1.0  1.6 99.00 99.00 99.00 999 9999.0 999.0 999.0 999.0 99.0 99.00
2008 12 29 11 20 333  1.3  2.7 99.00 99.00 99.00 999 9999.0 999.0 999.0 999.0 99.0 99.00
2008 12 29 12 00 357  1.8  2.5 99.00 99.00 99.00 999 9999.0   1.5   3.0 999.0 99.0 99.00
2008 12 29 12 10 356  1.5  2.2 99.00 99.00 99.00 999 9999.0 999.0 999.0 999.0 99.0 99.00
2008 12 29 12 20 354  1.2  1.5 99.00 99.00 99.00 999 9999.0 999.0 999.0 999.0 99.0 99.00
2008 12 29 13 00 359  1.3  1.7 99.00 99.00 99.00 999 9999.0   1.3   2.9 999.0 99.0 99.00
2008 12 29 13 10 336  1.2  1.5 99.00 99.00 99.00 999 9999.0 999.0 999.0 999.0 99.0 99.00
2008 12 29 13 20 306  1.3  1.6 99.00 99.00 99.00 999 9999.0 999.0 999.0 999.0 99.0 99.00
2008 12 29 14 00 238  2.5  3.1 99.00 99.00 99.00 999 9999.0   3.0   3.0 999.0 99.0 99.00
2008 12 29 14 10 248  2.3  2.6 99.00 99.00 99.00 999 9999.0 999.0 999.0 999.0 99.0 99.00
2008 12 29 14 20 256  2.3  2.8 99.00 99.00 99.00 999 9999.0 999.0 999.0 999.0 99.0 99.00
2008 12 29 15 00 280  2.4  4.4 99.00 99.00 99.00 999 9999.0   5.0   3.1 999.0 99.0 99.00
2008 12 29 15 10 292  3.5  6.4 99.00 99.00 99.00 999 9999.0 999.0 999.0 999.0 99.0 99.00
2008 12 29 15 20 303  4.9  8.8 99.00 99.00 99.00 999 9999.0 999.0 999.0 999.0 99.0 99.00
2008 12 29 16 00 309  5.9  8.0 99.00 99.00 99.00 999 9999.0   6.4   3.0 999.0 99.0 99.00
2008 12 29 16 10 313  6.0  8.6 99.00 99.00 99.00 999 9999.0 999.0 999.0 999.0 99.0 99.00
2008 12 29 16 20 322  6.3  9.1 99.00 99.00 99.00 999 9999.0 999.0 999.0 999.0 99.0 99.00
2008 12 29 17 00 324  6.0 10.2 99.00 99.00 99.00 999 9999.0   7.5   3.1 999.0 99.0 99.00
2008 12 29 17 10 313  6.5  8.8 99.00 99.00 99.00 999 9999.0 999.0 999.0 999.0 99.0 99.00
2008 12 29 17 20 322  6.8 10.0 99.00 99.00 99.00 999 9999.0 999.0 999.0 999.0 99.0 99.00
2008 12 29 18 00 324  6.5  9.4 99.00 99.00 99.00 999 9999.0   8.0   3.1 999.0 99.0 99.00
2008 12 29 18 10 331  7.9 10.3 99.00 99.00 99.00 999 9999.0 999.0 999.0 999.0 99.0 99.00
2008 12 29 18 20 328  6.9  9.5 99.00 99.00 99.00 999 9999.0 999.0 999.0 999.0 99.0 99.00
2008 12 29 19 00 332  6.9  9.2 99.00 99.00 99.00 999 9999.0   8.5   3.2 999.0 99.0 99.00
2008 12 29 19 10 325  7.2 10.5 99.00 99.00 99.00 999 9999.0 999.0 999.0 999.0 99.0 99.00
2008 12 29 19 20 330  6.9  9.3 99.00 99.00 99.00 999 9999.0 999.0 999.0 999.0 99.0 99.00
2008 12 29 20 00 317  6.0  9.0 99.00 99.00 99.00 999 9999.0   8.7   3.2 999.0 99.0 99.00
2008 12 29 20 10 317  5.7  8.5 99.00 99.00 99.00 999 9999.0 999.0 999.0 999.0 99.0 99.00
2008 12 29 20 20 321  7.0  9.8 99.00 99.00 99.00 999 9999.0 999.0 999.0 999.0 99.0 99.00
2008 12 29 21 00 312  6.2  9.1 99.00 99.00 99.00 999 9999.0   8.6   3.2 999.0 99.0 99.00
2008 12 29 21 10 311  4.7  7.2 99.00 99.00 99.00 999 9999.0 999.0 999.0 999.0 99.0 99.00
2008 12 29 21 20 291  5.4  7.2 99.00 99.00 99.00 999 9999.0 999.0 999.0 999.0 99.0 99.00
2008 12 29 22 00 288  3.1  4.2 99.00 99.00 99.00 999 9999.0   7.9   3.3 999.0 99.0 99.00
2008 12 29 22 10 283  3.2  4.8 99.00 99.00 99.00 999 9999.0 999.0 999.0 999.0 99.0 99.00
2008 12 29 22 20 284  2.5  3.2 99.00 99.00 99.00 999 9999.0 999.0 999.0 999.0 99.0 99.00
2008 12 29 23 00 256  2.3  2.5 99.00 99.00 99.00 999 9999.0   6.1   3.3 999.0 99.0 99.00
2008 12 29 23 10 255  1.6  2.1 99.00 99.00 99.00 999 9999.0 999.0 999.0 999.0 99.0 99.00
2008 12 29 23 20 245  1.0  1.3 99.00 99.00 99.00 999 9999.0 999.0 999.0 999.0 99.0 99.00
2008 12 30 00 00 248  0.4  1.0 99.00 99.00 99.00 999 9999.0   5.5   3.3 999.0 99.0 99.00
2008 12 30 00 10 165  0.6  1.0 99.00 99.00 99.00 999 9999.0 999.0 999.0 999.0 99.0 99.00
2008 12 30 00 20 177  0.7  1.1 99.00 99.00 99.00 999 9999.0 999.0 999.0 999.0 99.0 99.00
2008 12 30 01 00  24  0.8  1.4 99.00 99.00 99.00 999 9999.0   3.8   3.3 999.0 99.0 99.00
2008 12 30 01 10   9  1.3  1.5 99.00 99.00 99.00 999 9999.0 999.0 999.0 999.0 99.0 99.00
2008 12 30 01 20  24  0.7  1.3 99.00 99.00 99.00 999 9999.0 999.0 999.0 999.0 99.0 99.00
2008 12 30 02 00  77  0.2  0.8 99.00 99.00 99.00 999 9999.0   2.4   3.2 999.0 99.0 99.00
2008 12 30 02 10  88  0.6  1.1 99.00 99.00 99.00 999 9999.0 999.0 999.0 999.0 99.0 99.00
2008 12 30 02 20  45  0.9  1.3 99.00 99.00 99.00 999 9999.0 999.0 999.0 999.0 99.0 99.00
2008 12 30 03 00  99  0.8  1.3 99.00 99.00 99.00 999 9999.0   2.0   3.2 999.0 99.0 99.00
2008 12 30 03 10  39  1.5  1.9 99.00 99.00 99.00 999 9999.0 999.0 999.0 999.0 99.0 99.00
2008 12 30 03 20  33  0.4  1.4 99.00 99.00 99.00 999 9999.0 999.0 999.0 999.0 99.0 99.00
2008 12 30 04 00 265  2.7  3.0 99.00 99.00 99.00 999 9999.0   3.6   3.1 999.0 99.0 99.00
2008 12 30 04 10 266  3.1  4.3 99.00 99.00 99.00 999 9999.0 999.0 999.0 999.0 99.0 99.00
2008 12 30 04 20 266  4.5  5.4 99.00 99.00 99.00 999 9999.0 999.0 999.0 999.0 99.0 99.00
2008 12 30 05 00 282  4.1  5.0 99.00 99.00 99.00 999 9999.0   4.4   3.0 999.0 99.0 99.00
2008 12 30 05 10 277  4.6  5.7 99.00 99.00 99.00 999 9999.0 999.0 999.0 999.0 99.0 99.00
2008 12 30 05 20 279  4.3  5.2 99.00 99.00 99.00 999 9999.0 999.0 999.0 999.0 99.0 99.00
2008 12 30 06 00 280  3.6  4.4 99.00 99.00 99.00 999 9999.0   3.9   2.9 999.0 99.0 99.00
2008 12 30 06 10 282  3.8  4.8 99.00 99.00 99.00 999 9999.0 999.0 999.0 999.0 99.0 99.00
2008 12 30 06 20 287  4.1  5.1 99.00 99.00 99.00 999 9999.0 999.0 999.0 999.0 99.0 99.00
2008 12 30 07 00 279  4.5  5.0 99.00 99.00 99.00 999 9999.0   4.3   2.8 999.0 99.0 99.00
2008 12 30 07 10 278  4.4  5.0 99.00 99.00 99.00 999 9999.0 999.0 999.0 999.0 99.0 99.00
2008 12 30 07 20 278  4.0  4.6 99.00 99.00 99.00 999 9999.0 999.0 999.0 999.0 99.0 99.00
2008 12 30 08 00 309  6.6  9.0 99.00 99.00 99.00 999 9999.0   7.0   2.8 999.0 99.0 99.00
2008 12 30 08 10 315  8.7 13.6 99.00 99.00 99.00 999 9999.0 999.0 999.0 999.0 99.0 99.00
2008 12 30 08 20 318  9.3 12.7 99.00 99.00 99.00 999 9999.0 999.0 999.0 999.0 99.0 99.00
2008 12 30 09 00 313  6.9 10.7 99.00 99.00 99.00 999 9999.0   7.5   2.7 999.0 99.0 99.00
2008 12 30 09 10 319  9.6 14.9 99.00 99.00 99.00 999 9999.0 999.0 999.0 999.0 99.0 99.00
2008 12 30 09 20 322 10.1 13.4 99.00 99.00 99.00 999 9999.0 999.0 999.0 999.0 99.0 99.00
2008 12 30 10 00 319  7.0 10.2 99.00 99.00 99.00 999 9999.0   6.9   2.8 999.0 99.0 99.00
2008 12 30 10 10 320  7.2 11.0 99.00 99.00 99.00 999 9999.0 999.0 999.0 999.0 99.0 99.00
2008 12 30 10 20 321  8.4 12.6 99.00 99.00 99.00 999 9999.0 999.0 999.0 999.0 99.0 99.00
2008 12 30 11 00 322  9.6 12.9 99.00 99.00 99.00 999 9999.0   6.2   2.9 999.0 99.0 99.00
2008 12 30 11 10 317  7.5  9.5 99.00 99.00 99.00 999 9999.0 999.0 999.0 999.0 99.0 99.00
2008 12 30 11 20 316  7.1 10.0 99.00 99.00 99.00 999 9999.0 999.0 999.0 999.0 99.0 99.00
2008 12 30 12 00 314  7.1  9.4 99.00 99.00 99.00 999 9999.0   5.3   3.0 999.0 99.0 99.00
2008 12 30 12 10 313  7.0 12.1 99.00 99.00 99.00 999 9999.0 999.0 999.0 999.0 99.0 99.00
2008 12 30 12 20 316  7.5 10.9 99.00 99.00 99.00 999 9999.0 999.0 999.0 999.0 99.0 99.00
2008 12 30 13 00 316  7.0 10.2 99.00 99.00 99.00 999 9999.0   5.3   3.0 999.0 99.0 99.00
2008 12 30 13 10 321  7.1 10.5 99.00 99.00 99.00 999 9999.0 999.0 999.0 999.0 99.0 99.00
2008 12 30 13 20 323  6.9 11.4 99.00 99.00 99.00 999 9999.0 999.0 999.0 999.0 99.0 99.00
2008 12 30 14 00 323  6.5  9.6 99.00 99.00 99.00 999 9999.0   5.7   3.2 999.0 99.0 99.00
2008 12 30 14 10 323  6.7 11.0 99.00 99.00 99.00 999 9999.0 999.0 999.0 999.0 99.0 99.00
2008 12 30 14 20 318  6.3 10.3 99.00 99.00 99.00 999 9999.0 999.0 999.0 999.0 99.0 99.00
2008 12 30 15 00 337  6.4 10.3 99.00 99.00 99.00 999 9999.0   5.9   3.3 999.0 99.0 99.00
2008 12 30 15 10 343  6.7  9.1 99.00 99.00 99.00 999 9999.0 999.0 999.0 999.0 99.0 99.00
2008 12 30 15 20 336  6.9  9.0 99.00 99.00 99.00 999 9999.0 999.0 999.0 999.0 99.0 99.00
2008 12 30 16 00 348  3.6  6.6 99.00 99.00 99.00 999 9999.0   6.4   3.4 999.0 99.0 99.00
2008 12 30 16 10 357  4.2  5.6 99.00 99.00 99.00 999 9999.0 999.0 999.0 999.0 99.0 99.00
2008 12 30 16 20   0  4.2  5.8 99.00 99.00 99.00 999 9999.0 999.0 999.0 999.0 99.0 99.00
2008 12 30 17 00 343  5.1  7.5 99.00 99.00 99.00 999 9999.0   6.5   3.4 999.0 99.0 99.00
2008 12 30 17 10 346  5.8  9.9 99.00 99.00 99.00 999 9999.0 999.0 999.0 999.0 99.0 99.00
2008 12 30 17 20 344  4.8  7.0 99.00 99.00 99.00 999 9999.0 999.0 999.0 999.0 99.0 99.00
2008 12 30 18 00 353  4.8  6.0 99.00 99.00 99.00 999 9999.0   7.2   3.4 999.0 99.0 99.00
2008 12 30 18 10   1  4.6  6.3 99.00 99.00 99.00 999 9999.0 999.0 999.0 999.0 99.0 99.00
2008 12 30 18 20   2  4.4  6.7 99.00 99.00 99.00 999 9999.0 999.0 999.0 999.0 99.0 99.00
2008 12 30 19 00   4  5.3  7.7 99.00 99.00 99.00 999 9999.0   7.7   3.3 999.0 99.0 99.00
2008 12 30 19 10 353  5.1  6.5 99.00 99.00 99.00 999 9999.0 999.0 999.0 999.0 99.0 99.00
2008 12 30 19 20 351  6.0  7.7 99.00 99.00 99.00 999 9999.0 999.0 999.0 999.0 99.0 99.00
2008 12 30 20 00 346  5.5  7.2 99.00 99.00 99.00 999 9999.0   8.0   3.3 999.0 99.0 99.00
2008 12 30 20 10 344  4.4  5.6 99.00 99.00 99.00 999 9999.0 999.0 999.0 999.0 99.0 99.00
2008 12 30 20 20 348  4.8  6.4 99.00 99.00 99.00 999 9999.0 999.0 999.0 999.0 99.0 99.00
2008 12 30 21 00 337  5.3  7.5 99.00 99.00 99.00 999 9999.0   8.3   3.3 999.0 99.0 99.00
2008 12 30 21 10 345  5.7  8.3 99.00 99.00 99.00 999 9999.0 999.0 999.0 999.0 99.0 99.00
2008 12 30 21 20 358  3.6  4.7 99.00 99.00 99.00 999 9999.0 999.0 999.0 999.0 99.0 99.00
2008 12 30 22 00 352  3.5  4.8 99.00 99.00 99.00 999 9999.0   7.2   3.4 999.0 99.0 99.00
2008 12 30 22 10 358  3.7  4.1 99.00 99.00 99.00 999 9999.0 999.0 999.0 999.0 99.0 99.00
2008 12 30 22 20   3  3.2  4.2 99.00 99.00 99.00 999 9999.0 999.0 999.0 999.0 99.0 99.00
2008 12 30 23 00 343  1.7  2.2 99.00 99.00 99.00 999 9999.0   5.9   3.4 999.0 99.0 99.00
2008 12 30 23 10 340  2.4  3.4 99.00 99.00 99.00 999 9999.0 999.0 999.0 999.0 99.0 99.00
2008 12 30 23 20 338  3.0  3.9 99.00 99.00 99.00 999 9999.0 999.0 999.0 999.0 99.0 99.00
2008 12 31 00 00  64  2.8  3.3 99.00 99.00 99.00 999 9999.0   5.2   3.6 999.0 99.0 99.00
2008 12 31 00 10  89  1.4  2.5 99.00 99.00 99.00 999 9999.0 999.0 999.0 999.0 99.0 99.00
2008 12 31 00 20  73  0.2  0.9 99.00 99.00 99.00 999 9999.0 999.0 999.0 999.0 99.0 99.00
2008 12 31 01 00  75  1.0  1.6 99.00 99.00 99.00 999 9999.0   3.3   3.4 999.0 99.0 99.00
2008 12 31 01 10  95  1.2  1.7 99.00 99.00 99.00 999 9999.0 999.0 999.0 999.0 99.0 99.00
2008 12 31 01 20 132  1.3  2.1 99.00 99.00 99.00 999 9999.0 999.0 999.0 999.0 99.0 99.00
2008 12 31 02 00  20  1.5  1.8 99.00 99.00 99.00 999 9999.0   1.8   3.3 999.0 99.0 99.00
2008 12 31 02 10  16  0.9  1.6 99.00 99.00 99.00 999 9999.0 999.0 999.0 999.0 99.0 99.00
2008 12 31 02 20  17  1.3  1.9 99.00 99.00 99.00 999 9999.0 999.0 999.0 999.0 99.0 99.00
2008 12 31 03 00 352  1.4  1.6 99.00 99.00 99.00 999 9999.0   1.3   3.5 999.0 99.0 99.00
2008 12 31 03 10   4  0.9  1.3 99.00 99.00 99.00 999 9999.0 999.0 999.0 999.0 99.0 99.00
2008 12 31 03 20 358  0.9  1.1 99.00 99.00 99.00 999 9999.0 999.0 999.0 999.0 99.0 99.00
2008 12 31 04 00  42  0.4  0.8 99.00 99.00 99.00 999 9999.0   2.0   3.5 999.0 99.0 99.00
2008 12 31 04 10  63  0.6  1.2 99.00 99.00 99.00 999 9999.0 999.0 999.0 999.0 99.0 99.00
2008 12 31 04 20  73  1.0  1.6 99.00 99.00 99.00 999 9999.0 999.0 999.0 999.0 99.0 99.00
2008 12 31 05 00 113  1.6  2.3 99.00 99.00 99.00 999 9999.0   2.9   3.5 999.0 99.0 99.00
2008 12 31 05 10 117  1.7  2.2 99.00 99.00 99.00 999 9999.0 999.0 999.0 999.0 99.0 99.00
2008 12 31 05 20 109  2.2  2.7 99.00 99.00 99.00 999 9999.0 999.0 999.0 999.0 99.0 99.00
2008 12 31 06 00 132  4.0  4.7 99.00 99.00 99.00 999 9999.0   3.5   3.5 999.0 99.0 99.00
2008 12 31 06 10 127  2.9  4.5 99.00 99.00 99.00 999 9999.0 999.0 999.0 999.0 99.0 99.00
2008 12 31 06 20 101  2.6  3.6 99.00 99.00 99.00 999 9999.0 999.0 999.0 999.0 99.0 99.00
2008 12 31 07 00  84  4.5  5.5 99.00 99.00 99.00 999 9999.0   3.0   3.5 999.0 99.0 99.00
2008 12 31 07 10  86  4.8  6.3 99.00 99.00 99.00 999 9999.0 999.0 999.0 999.0 99.0 99.00
2008 12 31 07 20  94  4.6  5.9 99.00 99.00 99.00 999 9999.0 999.0 999.0 999.0 99.0 99.00
2008 12 31 08 00  90  2.9  3.8 99.00 99.00 99.00 999 9999.0   3.4   3.7 999.0 99.0 99.00
2008 12 31 08 10  95  2.7  3.6 99.00 99.00 99.00 999 9999.0 999.0 999.0 999.0 99.0 99.00
2008 12 31 08 20  99  3.1  4.1 99.00 99.00 99.00 999 9999.0 999.0 999.0 999.0 99.0 99.00
2008 12 31 09 00  90  2.9  4.3 99.00 99.00 99.00 999 9999.0   3.5   3.7 999.0 99.0 99.00
2008 12 31 10 00  59  1.9  3.3 99.00 99.00 99.00 999 9999.0   2.8   3.7 999.0 99.0 99.00
2008 12 31 10 10  55  1.5  2.6 99.00 99.00 99.00 999 9999.0 999.0 999.0 999.0 99.0 99.00
2008 12 31 10 20  33  1.7  2.3 99.00 99.00 99.00 999 9999.0 999.0 999.0 999.0 99.0 99.00
2008 12 31 11 00  94  1.7  2.5 99.00 99.00 99.00 999 9999.0   2.8   3.7 999.0 99.0 99.00
2008 12 31 11 10  21  1.5  2.1 99.00 99.00 99.00 999 9999.0 999.0 999.0 999.0 99.0 99.00
2008 12 31 11 20 351  1.7  2.1 99.00 99.00 99.00 999 9999.0 999.0 999.0 999.0 99.0 99.00
2008 12 31 12 00   4  1.8  2.4 99.00 99.00 99.00 999 9999.0   2.7   3.8 999.0 99.0 99.00
2008 12 31 12 10  13  1.5  2.2 99.00 99.00 99.00 999 9999.0 999.0 999.0 999.0 99.0 99.00
2008 12 31 12 20 350  2.5  3.5 99.00 99.00 99.00 999 9999.0 999.0 999.0 999.0 99.0 99.00
2008 12 31 13 00 354  4.8  5.8 99.00 99.00 99.00 999 9999.0   2.9   4.0 999.0 99.0 99.00
2008 12 31 13 10 341  3.6  4.7 99.00 99.00 99.00 999 9999.0 999.0 999.0 999.0 99.0 99.00
2008 12 31 13 20 339  3.0  4.0 99.00 99.00 99.00 999 9999.0 999.0 999.0 999.0 99.0 99.00
2008 12 31 14 00 333  7.5  9.6 99.00 99.00 99.00 999 9999.0   4.0   3.9 999.0 99.0 99.00
2008 12 31 14 10 309  8.0 11.3 99.00 99.00 99.00 999 9999.0 999.0 999.0 999.0 99.0 99.00
2008 12 31 14 20 303  9.1 12.5 99.00 99.00 99.00 999 9999.0 999.0 999.0 999.0 99.0 99.00
2008 12 31 15 00 305 13.7 18.9 99.00 99.00 99.00 999 9999.0   7.5   3.9 999.0 99.0 99.00
2008 12 31 15 10 300 11.5 18.5 99.00 99.00 99.00 999 9999.0 999.0 999.0 999.0 99.0 99.00
2008 12 31 15 20 296 12.2 16.7 99.00 99.00 99.00 999 9999.0 999.0 999.0 999.0 99.0 99.00
2008 12 31 16 00 317 11.9 17.8 99.00 99.00 99.00 999 9999.0   5.9   3.7 999.0 99.0 99.00
2008 12 31 16 10 308 12.3 17.5 99.00 99.00 99.00 999 9999.0 999.0 999.0 999.0 99.0 99.00
2008 12 31 16 20 325 13.7 18.7 99.00 99.00 99.00 999 9999.0 999.0 999.0 999.0 99.0 99.00
2008 12 31 17 00 325 14.4 18.5 99.00 99.00 99.00 999 9999.0   3.3   3.8 999.0 99.0 99.00
2008 12 31 17 10 332 14.4 19.3 99.00 99.00 99.00 999 9999.0 999.0 999.0 999.0 99.0 99.00
2008 12 31 17 20 334 14.4 18.9 99.00 99.00 99.00 999 9999.0 999.0 999.0 999.0 99.0 99.00
2008 12 31 18 00 343 13.9 19.0 99.00 99.00 99.00 999 9999.0   2.2   3.8 999.0 99.0 99.00
2008 12 31 18 10 338 13.8 19.8 99.00 99.00 99.00 999 9999.0 999.0 999.0 999.0 99.0 99.00
2008 12 31 18 20 340 13.5 17.5 99.00 99.00 99.00 999 9999.0 999.0 999.0 999.0 99.0 99.00
2008 12 31 19 00 337 14.3 19.3 99.00 99.00 99.00 999 9999.0   1.9   3.7 999.0 99.0 99.00
2008 12 31 19 10 333 14.2 18.2 99.00 99.00 99.00 999 9999.0 999.0 999.0 999.0 99.0 99.00
2008 12 31 19 20 333 13.1 16.5 99.00 99.00 99.00 999 9999.0 999.0 999.0 999.0 99.0 99.00
2008 12 31 20 00 334 13.6 19.3 99.00 99.00 99.00 999 9999.0   1.7   3.7 999.0 99.0 99.00
2008 12 31 20 10 328 12.3 17.2 99.00 99.00 99.00 999 9999.0 999.0 999.0 999.0 99.0 99.00
2008 12 31 20 20 326 12.7 17.3 99.00 99.00 99.00 999 9999.0 999.0 999.0 999.0 99.0 99.00
2008 12 31 21 00 333 11.8 15.3 99.00 99.00 99.00 999 9999.0   1.2   3.6 999.0 99.0 99.00
2008 12 31 21 10 332 11.7 15.5 99.00 99.00 99.00 999 9999.0 999.0 999.0 999.0 99.0 99.00
2008 12 31 21 20 337 12.4 16.0 99.00 99.00 99.00 999 9999.0 999.0 999.0 999.0 99.0 99.00
2008 12 31 22 00 329 11.2 16.3 99.00 99.00 99.00 999 9999.0   0.4   3.4 999.0 99.0 99.00
2008 12 31 22 10 333 10.8 14.3 99.00 99.00 99.00 999 9999.0 999.0 999.0 999.0 99.0 99.00
2008 12 31 22 20 329  9.8 14.4 99.00 99.00 99.00 999 9999.0 999.0 999.0 999.0 99.0 99.00
2008 12 31 23 00 329 11.0 14.3 99.00 99.00 99.00 999 9999.0  -0.9   3.3 999.0 99.0 99.00
2008 12 31 23 10 329 11.0 16.2 99.00 99.00 99.00 999 9999.0 999.0 999.0 999.0 99.0 99.00
2008 12 31 23 20 333 10.8 15.4 99.00 99.00 99.00 999 9999.0 999.0 999.0 999.0 99.0 99.00
