YY  MM DD hh mm   DEPTH  OTMP   COND   SAL   O2% O2PPM  CLCON  TURB    PH    EH
yr  mo dy hr   mn     m  degC  mS/cm   psu     %   ppm   ug/l   FTU     -    mv
2008 11 01 00 00     1.0 99.00 999.00 99.00 999.0 99.00   3.60     2 99.00 99.00
2008 11 01 01 00     1.0 99.00 999.00 99.00 999.0 99.00   3.30     3 99.00 99.00
2008 11 01 02 00     1.0 99.00 999.00 99.00 999.0 99.00   3.00     2 99.00 99.00
2008 11 01 03 00     1.0 99.00 999.00 99.00 999.0 99.00   3.50     2 99.00 99.00
2008 11 01 04 00     1.0 99.00 999.00 99.00 999.0 99.00   3.70     2 99.00 99.00
2008 11 01 05 00     1.0 99.00 999.00 99.00 999.0 99.00   3.60     2 99.00 99.00
2008 11 01 06 00     1.0 99.00 999.00 99.00 999.0 99.00   3.40     2 99.00 99.00
2008 11 01 07 00     1.0 99.00 999.00 99.00 999.0 99.00   3.40     2 99.00 99.00
2008 11 01 08 00     1.0 99.00 999.00 99.00 999.0 99.00   3.30     2 99.00 99.00
2008 11 01 09 00     1.0 99.00 999.00 99.00 999.0 99.00   3.40     2 99.00 99.00
2008 11 01 10 00     1.0 99.00 999.00 99.00 999.0 99.00   3.50     2 99.00 99.00
2008 11 01 11 00     1.0 99.00 999.00 99.00 999.0 99.00   3.60     2 99.00 99.00
2008 11 01 12 00     1.0 99.00 999.00 99.00 999.0 99.00   3.30     2 99.00 99.00
2008 11 01 13 00     1.0 99.00 999.00 99.00 999.0 99.00   3.20     2 99.00 99.00
2008 11 01 14 00     1.0 99.00 999.00 99.00 999.0 99.00   3.10     2 99.00 99.00
2008 11 01 15 00     1.0 99.00 999.00 99.00 999.0 99.00   2.60     2 99.00 99.00
2008 11 01 16 00     1.0 99.00 999.00 99.00 999.0 99.00   2.40     2 99.00 99.00
2008 11 01 17 00     1.0 99.00 999.00 99.00 999.0 99.00   2.80     2 99.00 99.00
2008 11 01 18 00     1.0 99.00 999.00 99.00 999.0 99.00   2.70     2 99.00 99.00
2008 11 01 19 00     1.0 99.00 999.00 99.00 999.0 99.00   3.00     2 99.00 99.00
2008 11 01 20 00     1.0 99.00 999.00 99.00 999.0 99.00   3.50     2 99.00 99.00
2008 11 01 21 00     1.0 99.00 999.00 99.00 999.0 99.00   3.70     2 99.00 99.00
2008 11 01 22 00     1.0 99.00 999.00 99.00 999.0 99.00   4.40     2 99.00 99.00
2008 11 01 23 00     1.0 99.00 999.00 99.00 999.0 99.00   4.80     2 99.00 99.00
2008 11 02 00 00     1.0 99.00 999.00 99.00 999.0 99.00   4.50     2 99.00 99.00
2008 11 02 01 00     1.0 99.00 999.00 99.00 999.0 99.00   4.20     1 99.00 99.00
2008 11 02 02 00     1.0 99.00 999.00 99.00 999.0 99.00   4.00     2 99.00 99.00
2008 11 02 03 00     1.0 99.00 999.00 99.00 999.0 99.00   3.60     2 99.00 99.00
2008 11 02 04 00     1.0 99.00 999.00 99.00 999.0 99.00   3.60     2 99.00 99.00
2008 11 02 05 00     1.0 99.00 999.00 99.00 999.0 99.00   3.40     2 99.00 99.00
2008 11 02 06 00     1.0 99.00 999.00 99.00 999.0 99.00   3.10     4 99.00 99.00
2008 11 02 07 00     1.0 99.00 999.00 99.00 999.0 99.00   3.10     3 99.00 99.00
2008 11 02 08 00     1.0 99.00 999.00 99.00 999.0 99.00   3.20     2 99.00 99.00
2008 11 02 09 00     1.0 99.00 999.00 99.00 999.0 99.00   3.10     2 99.00 99.00
2008 11 02 10 00     1.0 99.00 999.00 99.00 999.0 99.00   3.20     2 99.00 99.00
2008 11 02 11 00     1.0 99.00 999.00 99.00 999.0 99.00   3.20     2 99.00 99.00
2008 11 02 12 00     1.0 99.00 999.00 99.00 999.0 99.00   3.20     3 99.00 99.00
2008 11 02 13 00     1.0 99.00 999.00 99.00 999.0 99.00   3.10     2 99.00 99.00
2008 11 02 14 00     1.0 99.00 999.00 99.00 999.0 99.00   2.70     2 99.00 99.00
2008 11 02 15 00     1.0 99.00 999.00 99.00 999.0 99.00   2.30     2 99.00 99.00
2008 11 02 16 00     1.0 99.00 999.00 99.00 999.0 99.00   1.90     2 99.00 99.00
2008 11 02 17 00     1.0 99.00 999.00 99.00 999.0 99.00   2.10     2 99.00 99.00
2008 11 02 18 00     1.0 99.00 999.00 99.00 999.0 99.00   2.50     2 99.00 99.00
2008 11 02 19 00     1.0 99.00 999.00 99.00 999.0 99.00   3.10     2 99.00 99.00
2008 11 02 20 00     1.0 99.00 999.00 99.00 999.0 99.00   3.00     2 99.00 99.00
2008 11 02 21 00     1.0 99.00 999.00 99.00 999.0 99.00   3.10     2 99.00 99.00
2008 11 02 22 00     1.0 99.00 999.00 99.00 999.0 99.00   3.10     2 99.00 99.00
2008 11 02 23 00     1.0 99.00 999.00 99.00 999.0 99.00   3.60     2 99.00 99.00
2008 11 03 00 00     1.0 99.00 999.00 99.00 999.0 99.00   3.40     3 99.00 99.00
2008 11 03 01 00     1.0 99.00 999.00 99.00 999.0 99.00   3.30     2 99.00 99.00
2008 11 03 02 00     1.0 99.00 999.00 99.00 999.0 99.00   2.70     2 99.00 99.00
2008 11 03 03 00     1.0 99.00 999.00 99.00 999.0 99.00   1.90     2 99.00 99.00
2008 11 03 04 00     1.0 99.00 999.00 99.00 999.0 99.00   4.10     2 99.00 99.00
2008 11 03 05 00     1.0 99.00 999.00 99.00 999.0 99.00   4.10     2 99.00 99.00
2008 11 03 06 00     1.0 99.00 999.00 99.00 999.0 99.00   4.30     2 99.00 99.00
2008 11 03 07 00     1.0 99.00 999.00 99.00 999.0 99.00   3.90     2 99.00 99.00
2008 11 03 08 00     1.0 99.00 999.00 99.00 999.0 99.00   3.50     2 99.00 99.00
2008 11 03 09 00     1.0 99.00 999.00 99.00 999.0 99.00   3.40     2 99.00 99.00
2008 11 03 10 00     1.0 99.00 999.00 99.00 999.0 99.00   3.60     2 99.00 99.00
2008 11 03 11 00     1.0 99.00 999.00 99.00 999.0 99.00   3.60     2 99.00 99.00
2008 11 03 12 00     1.0 99.00 999.00 99.00 999.0 99.00   3.60     2 99.00 99.00
2008 11 03 13 00     1.0 99.00 999.00 99.00 999.0 99.00   3.50     3 99.00 99.00
2008 11 03 14 00     1.0 99.00 999.00 99.00 999.0 99.00   3.40     3 99.00 99.00
2008 11 03 15 00     1.0 99.00 999.00 99.00 999.0 99.00   3.00     3 99.00 99.00
2008 11 03 16 00     1.0 99.00 999.00 99.00 999.0 10.40   2.50     3 99.00 99.00
2008 11 03 17 00     1.0 99.00 999.00 99.00 999.0 10.50   2.30     2 99.00 99.00
2008 11 03 18 00     1.0 99.00 999.00 99.00 999.0 10.30   3.00     2 99.00 99.00
2008 11 03 19 00     1.0 99.00 999.00 99.00 999.0 10.90   3.20     2 99.00 99.00
2008 11 03 20 00     1.0 99.00 999.00 99.00 999.0 10.20   3.80     2 99.00 99.00
2008 11 03 21 00     1.0 99.00 999.00 99.00 999.0  9.90   4.00     2 99.00 99.00
2008 11 03 22 00     1.0 99.00 999.00 99.00 999.0  9.50   3.70     2 99.00 99.00
2008 11 03 23 00     1.0 99.00 999.00 99.00 999.0  9.40   3.70     2 99.00 99.00
2008 11 04 00 00     1.0 99.00 999.00 99.00 999.0  9.20   3.20     3 99.00 99.00
2008 11 04 01 00     1.0 99.00 999.00 99.00 999.0  9.20   3.30     3 99.00 99.00
2008 11 04 02 00     1.0 99.00 999.00 99.00 999.0  9.10   4.30     3 99.00 99.00
2008 11 04 03 00     1.0 99.00 999.00 99.00 999.0  9.30   5.70     4 99.00 99.00
2008 11 04 04 00     1.0 99.00 999.00 99.00 999.0  9.40   6.00     3 99.00 99.00
2008 11 04 05 00     1.0 99.00 999.00 99.00 999.0  9.40   6.60     3 99.00 99.00
2008 11 04 06 00     1.0 99.00 999.00 99.00 999.0  9.30   6.20     3 99.00 99.00
2008 11 04 07 00     1.0 99.00 999.00 99.00 999.0  9.30   5.90     3 99.00 99.00
2008 11 04 13 00     1.0 99.00 999.00 99.00 999.0  9.30   4.90     3 99.00 99.00
2008 11 04 14 00     1.0 99.00 999.00 99.00 999.0  9.40   4.90     3 99.00 99.00
2008 11 04 15 00     1.0 99.00 999.00 99.00 999.0  9.40   4.80     3 99.00 99.00
2008 11 04 16 00     1.0 99.00 999.00 99.00 999.0  9.50   5.50     2 99.00 99.00
2008 11 04 17 00     1.0 99.00 999.00 99.00 999.0  9.60   5.40     2 99.00 99.00
2008 11 04 18 00     1.0 99.00 999.00 99.00 999.0  9.60   5.10     2 99.00 99.00
2008 11 04 19 00     1.0 99.00 999.00 99.00 999.0  9.50   5.00     2 99.00 99.00
2008 11 04 20 00     1.0 99.00 999.00 99.00 999.0  9.80   7.10     2 99.00 99.00
2008 11 04 21 00     1.0 99.00 999.00 99.00 999.0  9.70   6.80     2 99.00 99.00
2008 11 04 22 00     1.0 99.00 999.00 99.00 999.0  9.80   7.40     2 99.00 99.00
2008 11 04 23 00     1.0 99.00 999.00 99.00 999.0  9.90   6.20     2 99.00 99.00
2008 11 05 00 00     1.0 99.00 999.00 99.00 999.0  9.90   5.70     2 99.00 99.00
2008 11 05 01 00     1.0 99.00 999.00 99.00 999.0  9.80   4.30     2 99.00 99.00
2008 11 05 02 00     1.0 99.00 999.00 99.00 999.0  9.60   5.10     2 99.00 99.00
2008 11 05 03 00     1.0 99.00 999.00 99.00 999.0  9.40  19.70    21 99.00 99.00
2008 11 05 04 00     1.0 99.00 999.00 99.00 999.0  9.30   5.10     3 99.00 99.00
2008 11 05 05 00     1.0 99.00 999.00 99.00 999.0  9.40   4.90     3 99.00 99.00
2008 11 05 06 00     1.0 99.00 999.00 99.00 999.0  9.40   4.50     2 99.00 99.00
2008 11 05 07 00     1.0 99.00 999.00 99.00 999.0  9.50   4.40     2 99.00 99.00
2008 11 05 08 00     1.0 99.00 999.00 99.00 999.0  9.50   4.50     2 99.00 99.00
2008 11 05 09 00     1.0 99.00 999.00 99.00 999.0  9.40   4.10     2 99.00 99.00
2008 11 05 15 00     1.0 99.00 999.00 99.00 999.0  9.10   3.10     3 99.00 99.00
2008 11 05 16 00     1.0 99.00 999.00 99.00 999.0  9.20   3.40     3 99.00 99.00
2008 11 05 17 00     1.0 99.00 999.00 99.00 999.0  9.30   3.40    14 99.00 99.00
2008 11 05 18 00     1.0 99.00 999.00 99.00 999.0  9.30   3.60     5 99.00 99.00
2008 11 05 19 00     1.0 99.00 999.00 99.00 999.0  9.30   3.80     4 99.00 99.00
2008 11 05 20 00     1.0 99.00 999.00 99.00 999.0  9.30   3.30     4 99.00 99.00
2008 11 05 21 00     1.0 99.00 999.00 99.00 999.0  9.30   3.40     3 99.00 99.00
2008 11 05 22 00     1.0 99.00 999.00 99.00 999.0  9.30   3.60     2 99.00 99.00
2008 11 05 23 00     1.0 99.00 999.00 99.00 999.0  9.40   4.40     3 99.00 99.00
2008 11 06 00 00     1.0 99.00 999.00 99.00 999.0  9.70   4.30     2 99.00 99.00
2008 11 06 01 00     1.0 99.00 999.00 99.00 999.0  9.90   3.90     2 99.00 99.00
2008 11 06 02 00     1.0 99.00 999.00 99.00 999.0 10.00   3.60     3 99.00 99.00
2008 11 06 03 00     1.0 99.00 999.00 99.00 999.0  9.80   3.40     4 99.00 99.00
2008 11 06 04 00     1.0 99.00 999.00 99.00 999.0  9.60   3.20     4 99.00 99.00
2008 11 06 05 00     1.0 99.00 999.00 99.00 999.0  9.60   3.20     3 99.00 99.00
2008 11 06 06 00     1.0 99.00 999.00 99.00 999.0  9.60   3.10     3 99.00 99.00
2008 11 06 07 00     1.0 99.00 999.00 99.00 999.0  9.50   3.10     3 99.00 99.00
2008 11 06 08 00     1.0 99.00 999.00 99.00 999.0  9.50   3.10     3 99.00 99.00
2008 11 06 23 00     1.0 99.00 999.00 99.00 999.0 10.10   3.00     2 99.00 99.00
2008 11 07 00 00     1.0 99.00 999.00 99.00 999.0 10.00   3.50     4 99.00 99.00
2008 11 07 01 00     1.0 99.00 999.00 99.00 999.0 10.00   3.70     3 99.00 99.00
2008 11 07 02 00     1.0 99.00 999.00 99.00 999.0  9.90   3.20     2 99.00 99.00
2008 11 07 03 00     1.0 99.00 999.00 99.00 999.0  9.90   3.10     2 99.00 99.00
2008 11 07 04 00     1.0 99.00 999.00 99.00 999.0  9.90   3.30     2 99.00 99.00
2008 11 07 05 00     1.0 99.00 999.00 99.00 999.0  9.90   3.30     2 99.00 99.00
2008 11 07 06 00     1.0 99.00 999.00 99.00 999.0  9.70   1.80     2 99.00 99.00
2008 11 07 07 00     1.0 99.00 999.00 99.00 999.0  9.60   1.90     2 99.00 99.00
2008 11 07 08 00     1.0 99.00 999.00 99.00 999.0  9.60   1.80     2 99.00 99.00
2008 11 07 09 00     1.0 99.00 999.00 99.00 999.0  9.70   2.00     2 99.00 99.00
2008 11 07 10 00     1.0 99.00 999.00 99.00 999.0  9.60   2.40     2 99.00 99.00
2008 11 07 11 00     1.0 99.00 999.00 99.00 999.0  9.50   2.20     1 99.00 99.00
2008 11 07 12 00     1.0 99.00 999.00 99.00 999.0  9.60   2.50     2 99.00 99.00
2008 11 07 13 00     1.0 99.00 999.00 99.00 999.0  9.70   2.70     2 99.00 99.00
2008 11 07 14 00     1.0 99.00 999.00 99.00 999.0  9.80   3.30     2 99.00 99.00
2008 11 07 15 00     1.0 99.00 999.00 99.00 999.0  9.80   3.20     2 99.00 99.00
2008 11 07 16 00     1.0 99.00 999.00 99.00 999.0  9.90   3.20     2 99.00 99.00
2008 11 07 17 00     1.0 99.00 999.00 99.00 999.0  9.90   3.60     2 99.00 99.00
2008 11 07 18 00     1.0 99.00 999.00 99.00 999.0 10.00   3.00     2 99.00 99.00
2008 11 07 19 00     1.0 99.00 999.00 99.00 999.0  9.80   2.10     2 99.00 99.00
2008 11 07 20 00     1.0 99.00 999.00 99.00 999.0  9.80   3.00     2 99.00 99.00
2008 11 07 21 00     1.0 99.00 999.00 99.00 999.0  9.80   2.80     2 99.00 99.00
2008 11 07 22 00     1.0 99.00 999.00 99.00 999.0  9.90   3.30     2 99.00 99.00
2008 11 07 23 00     1.0 99.00 999.00 99.00 999.0  9.90   3.40     2 99.00 99.00
2008 11 08 00 00     1.0 99.00 999.00 99.00 999.0 10.00   3.90     2 99.00 99.00
2008 11 08 01 00     1.0 99.00 999.00 99.00 999.0 10.10   3.70     2 99.00 99.00
2008 11 08 02 00     1.0 99.00 999.00 99.00 999.0 10.10   3.50     2 99.00 99.00
2008 11 08 03 00     1.0 99.00 999.00 99.00 999.0  9.90   3.70     2 99.00 99.00
2008 11 08 04 00     1.0 99.00 999.00 99.00 999.0  9.70   4.00     2 99.00 99.00
2008 11 08 05 00     1.0 99.00 999.00 99.00 999.0  9.70   3.90     2 99.00 99.00
2008 11 08 06 00     1.0 99.00 999.00 99.00 999.0  9.80   3.30     2 99.00 99.00
2008 11 08 07 00     1.0 99.00 999.00 99.00 999.0  9.50   2.70     3 99.00 99.00
2008 11 08 08 00     1.0 99.00 999.00 99.00 999.0  9.50   2.80     2 99.00 99.00
2008 11 08 10 00     1.0 99.00 999.00 99.00 999.0  9.50   2.50     2 99.00 99.00
2008 11 08 11 00     1.0 99.00 999.00 99.00 999.0  9.60   2.80     2 99.00 99.00
2008 11 08 12 00     1.0 99.00 999.00 99.00 999.0  9.50   2.60     2 99.00 99.00
2008 11 08 13 00     1.0 99.00 999.00 99.00 999.0  9.60   2.80     2 99.00 99.00
2008 11 08 14 00     1.0 99.00 999.00 99.00 999.0  9.50   3.30     2 99.00 99.00
2008 11 08 15 00     1.0 99.00 999.00 99.00 999.0  9.60   4.20     2 99.00 99.00
2008 11 08 16 00     1.0 99.00 999.00 99.00 999.0  9.60   3.80     2 99.00 99.00
2008 11 08 17 00     1.0 99.00 999.00 99.00 999.0  9.60   3.80     2 99.00 99.00
2008 11 08 18 00     1.0 99.00 999.00 99.00 999.0  9.60   4.20     2 99.00 99.00
2008 11 08 19 00     1.0 99.00 999.00 99.00 999.0  9.80   4.30     2 99.00 99.00
2008 11 08 20 00     1.0 99.00 999.00 99.00 999.0  9.60   3.90     3 99.00 99.00
2008 11 08 21 00     1.0 99.00 999.00 99.00 999.0  9.50   3.10     3 99.00 99.00
2008 11 08 23 00     1.0 99.00 999.00 99.00 999.0  9.50   3.50     2 99.00 99.00
2008 11 09 00 00     1.0 99.00 999.00 99.00 999.0  9.80   4.10     2 99.00 99.00
2008 11 09 01 00     1.0 99.00 999.00 99.00 999.0  9.60   3.40     2 99.00 99.00
2008 11 09 02 00     1.0 99.00 999.00 99.00 999.0  9.50   3.30     2 99.00 99.00
2008 11 09 03 00     1.0 99.00 999.00 99.00 999.0  9.50   3.30     2 99.00 99.00
2008 11 09 04 00     1.0 99.00 999.00 99.00 999.0  9.50   3.30     2 99.00 99.00
2008 11 09 05 00     1.0 99.00 999.00 99.00 999.0  9.60   3.50     2 99.00 99.00
2008 11 09 07 00     1.0 99.00 999.00 99.00 999.0  9.40   3.30     2 99.00 99.00
2008 11 09 08 00     1.0 99.00 999.00 99.00 999.0  9.50   3.20     2 99.00 99.00
2008 11 09 09 00     1.0 99.00 999.00 99.00 999.0  9.40   3.10     3 99.00 99.00
2008 11 10 02 00     1.0 99.00 999.00 99.00 999.0  9.40   2.90     2 99.00 99.00
2008 11 10 03 00     1.0 99.00 999.00 99.00 999.0  9.40   3.00     2 99.00 99.00
2008 11 10 04 00     1.0 99.00 999.00 99.00 999.0  9.50   3.20     2 99.00 99.00
2008 11 10 05 00     1.0 99.00 999.00 99.00 999.0  9.50   3.20     2 99.00 99.00
2008 11 10 06 00     1.0 99.00 999.00 99.00 999.0  9.60   3.20     2 99.00 99.00
2008 11 10 07 00     1.0 99.00 999.00 99.00 999.0  9.60   3.30     2 99.00 99.00
2008 11 10 08 00     1.0 99.00 999.00 99.00 999.0  9.40   2.80     2 99.00 99.00
2008 11 10 09 00     1.0 99.00 999.00 99.00 999.0  9.30   2.40     2 99.00 99.00
2008 11 10 10 00     1.0 99.00 999.00 99.00 999.0  9.20   2.30     2 99.00 99.00
2008 11 10 11 00     1.0 99.00 999.00 99.00 999.0  9.30   2.40     2 99.00 99.00
2008 11 10 12 00     1.0 99.00 999.00 99.00 999.0  9.50   2.40     2 99.00 99.00
2008 11 10 13 00     1.0 99.00 999.00 99.00 999.0  9.50   2.20     2 99.00 99.00
2008 11 10 14 00     1.0 99.00 999.00 99.00 999.0  9.40   2.60     2 99.00 99.00
2008 11 10 15 00     1.0 99.00 999.00 99.00 999.0  9.50   2.60     2 99.00 99.00
2008 11 10 16 00     1.0 99.00 999.00 99.00 999.0  9.30   2.00     2 99.00 99.00
2008 11 10 17 00     1.0 99.00 999.00 99.00 999.0  9.30   2.30     2 99.00 99.00
2008 11 10 19 00     1.0 99.00 999.00 99.00 999.0  9.40   2.30     2 99.00 99.00
2008 11 10 20 00     1.0 99.00 999.00 99.00 999.0  9.40   2.30     2 99.00 99.00
2008 11 10 21 00     1.0 99.00 999.00 99.00 999.0  9.40   2.10     2 99.00 99.00
2008 11 10 22 00     1.0 99.00 999.00 99.00 999.0  9.40   2.30     2 99.00 99.00
2008 11 10 23 00     1.0 99.00 999.00 99.00 999.0  9.40   2.20     2 99.00 99.00
2008 11 11 00 00     1.0 99.00 999.00 99.00 999.0  9.40   2.10     2 99.00 99.00
2008 11 11 01 00     1.0 99.00 999.00 99.00 999.0  9.30   2.50     2 99.00 99.00
2008 11 11 02 00     1.0 99.00 999.00 99.00 999.0  9.40   2.60     2 99.00 99.00
2008 11 11 03 00     1.0 99.00 999.00 99.00 999.0  9.40   2.10     2 99.00 99.00
2008 11 11 04 00     1.0 99.00 999.00 99.00 999.0  9.50   2.00     2 99.00 99.00
2008 11 11 05 00     1.0 99.00 999.00 99.00 999.0  9.50   1.80     2 99.00 99.00
2008 11 11 06 00     1.0 99.00 999.00 99.00 999.0  9.60   1.70     2 99.00 99.00
2008 11 11 07 00     1.0 99.00 999.00 99.00 999.0  9.50   1.70     2 99.00 99.00
2008 11 11 08 00     1.0 99.00 999.00 99.00 999.0  9.40   1.80     2 99.00 99.00
2008 11 11 09 00     1.0 99.00 999.00 99.00 999.0  9.40   1.70     2 99.00 99.00
2008 11 11 10 00     1.0 99.00 999.00 99.00 999.0  9.40   1.60     2 99.00 99.00
2008 11 11 11 00     1.0 99.00 999.00 99.00 999.0  9.40   1.60     2 99.00 99.00
2008 11 11 12 00     1.0 99.00 999.00 99.00 999.0  9.40   1.60     3 99.00 99.00
2008 11 11 13 00     1.0 99.00 999.00 99.00 999.0  9.50   1.40     2 99.00 99.00
2008 11 11 14 00     1.0 99.00 999.00 99.00 999.0  9.50   1.50     2 99.00 99.00
2008 11 11 15 00     1.0 99.00 999.00 99.00 999.0  9.40   1.60     2 99.00 99.00
2008 11 11 16 00     1.0 99.00 999.00 99.00 999.0  9.30   1.60     2 99.00 99.00
2008 11 11 17 00     1.0 99.00 999.00 99.00 999.0  9.30   2.20     2 99.00 99.00
2008 11 11 18 00     1.0 99.00 999.00 99.00 999.0  9.30   2.10     2 99.00 99.00
2008 11 11 19 00     1.0 99.00 999.00 99.00 999.0  9.30   2.30     2 99.00 99.00
2008 11 11 20 00     1.0 99.00 999.00 99.00 999.0  9.40   2.50     2 99.00 99.00
2008 11 11 21 00     1.0 99.00 999.00 99.00 999.0  9.30   2.20     2 99.00 99.00
2008 11 11 22 00     1.0 99.00 999.00 99.00 999.0  9.30   2.10     2 99.00 99.00
2008 11 11 23 00     1.0 99.00 999.00 99.00 999.0  9.20   1.80     2 99.00 99.00
2008 11 12 00 00     1.0 99.00 999.00 99.00 999.0  9.20   1.60     2 99.00 99.00
2008 11 12 01 00     1.0 99.00 999.00 99.00 999.0  9.30   1.50     2 99.00 99.00
2008 11 12 02 00     1.0 99.00 999.00 99.00 999.0  9.40   2.60     2 99.00 99.00
2008 11 12 03 00     1.0 99.00 999.00 99.00 999.0  9.50   2.70     2 99.00 99.00
2008 11 12 04 00     1.0 99.00 999.00 99.00 999.0  9.80   2.60     2 99.00 99.00
2008 11 12 05 00     1.0 99.00 999.00 99.00 999.0  9.90   2.70     2 99.00 99.00
2008 11 12 06 00     1.0 99.00 999.00 99.00 999.0  9.70   2.80     2 99.00 99.00
2008 11 12 07 00     1.0 99.00 999.00 99.00 999.0  9.50   2.70     2 99.00 99.00
2008 11 12 08 00     1.0 99.00 999.00 99.00 999.0  9.40   2.70     2 99.00 99.00
2008 11 12 09 00     1.0 99.00 999.00 99.00 999.0  9.40   2.80     2 99.00 99.00
2008 11 12 10 00     1.0 99.00 999.00 99.00 999.0  9.40   2.90     2 99.00 99.00
2008 11 12 11 00     1.0 99.00 999.00 99.00 999.0  9.30   2.30     2 99.00 99.00
2008 11 12 12 00     1.0 99.00 999.00 99.00 999.0  9.30   2.40     3 99.00 99.00
2008 11 12 13 00     1.0 99.00 999.00 99.00 999.0  9.30   2.20     3 99.00 99.00
2008 11 12 14 00     1.0 99.00 999.00 99.00 999.0  9.50   2.00     2 99.00 99.00
2008 11 12 16 00     1.0 99.00 999.00 99.00 999.0  9.40   2.90     2 99.00 99.00
2008 11 12 17 00     1.0 99.00 999.00 99.00 999.0  9.70   3.20     2 99.00 99.00
2008 11 12 18 00     1.0 99.00 999.00 99.00 999.0  9.90   2.80     2 99.00 99.00
2008 11 12 19 00     1.0 99.00 999.00 99.00 999.0  9.80   2.90     2 99.00 99.00
2008 11 12 20 00     1.0 99.00 999.00 99.00 999.0  9.60   2.70     2 99.00 99.00
2008 11 12 21 00     1.0 99.00 999.00 99.00 999.0  9.70   3.10     2 99.00 99.00
2008 11 12 22 00     1.0 99.00 999.00 99.00 999.0  9.50   2.80     2 99.00 99.00
2008 11 12 23 00     1.0 99.00 999.00 99.00 999.0  9.40   2.60     3 99.00 99.00
2008 11 13 00 00     1.0 99.00 999.00 99.00 999.0  9.40   2.50     2 99.00 99.00
2008 11 13 01 00     1.0 99.00 999.00 99.00 999.0  9.20   2.30     3 99.00 99.00
2008 11 13 02 00     1.0 99.00 999.00 99.00 999.0  9.40   2.40     2 99.00 99.00
2008 11 13 03 00     1.0 99.00 999.00 99.00 999.0  9.40   2.50     2 99.00 99.00
2008 11 13 04 00     1.0 99.00 999.00 99.00 999.0  9.40   2.50     2 99.00 99.00
2008 11 13 05 00     1.0 99.00 999.00 99.00 999.0  9.50   2.70     2 99.00 99.00
2008 11 13 06 00     1.0 99.00 999.00 99.00 999.0  9.70   2.70     2 99.00 99.00
2008 11 13 07 00     1.0 99.00 999.00 99.00 999.0  9.70   2.80     2 99.00 99.00
2008 11 13 08 00     1.0 99.00 999.00 99.00 999.0  9.80   2.80     2 99.00 99.00
2008 11 13 10 00     1.0 99.00 999.00 99.00 999.0  9.50   3.10     2 99.00 99.00
2008 11 13 13 00     1.0 99.00 999.00 99.00 999.0  9.50   2.20     2 99.00 99.00
2008 11 13 14 00     1.0 99.00 999.00 99.00 999.0  9.60   2.70     2 99.00 99.00
2008 11 13 15 00     1.0 99.00 999.00 99.00 999.0  9.60   3.00     2 99.00 99.00
2008 11 13 16 00     1.0 99.00 999.00 99.00 999.0  9.50   2.30     3 99.00 99.00
2008 11 13 17 00     1.0 99.00 999.00 99.00 999.0  9.20   2.40     2 99.00 99.00
2008 11 13 18 00     1.0 99.00 999.00 99.00 999.0  9.00   2.50     2 99.00 99.00
2008 11 13 19 00     1.0 99.00 999.00 99.00 999.0  9.00   2.20     2 99.00 99.00
2008 11 13 20 00     1.0 99.00 999.00 99.00 999.0  9.00   2.10     2 99.00 99.00
2008 11 13 21 00     1.0 99.00 999.00 99.00 999.0  9.00   2.50     3 99.00 99.00
2008 11 13 22 00     1.0 99.00 999.00 99.00 999.0  9.00   2.50     3 99.00 99.00
2008 11 13 23 00     1.0 99.00 999.00 99.00 999.0  9.00   2.30     2 99.00 99.00
2008 11 14 00 00     1.0 99.00 999.00 99.00 999.0  8.90   2.00     3 99.00 99.00
2008 11 14 01 00     1.0 99.00 999.00 99.00 999.0  9.00   2.30     3 99.00 99.00
2008 11 14 02 00     1.0 99.00 999.00 99.00 999.0  9.30   2.20     3 99.00 99.00
2008 11 14 03 00     1.0 99.00 999.00 99.00 999.0  9.00   2.20     2 99.00 99.00
2008 11 14 04 00     1.0 99.00 999.00 99.00 999.0  9.20   2.80     2 99.00 99.00
2008 11 14 05 00     1.0 99.00 999.00 99.00 999.0  9.20   2.70     2 99.00 99.00
2008 11 14 06 00     1.0 99.00 999.00 99.00 999.0  9.40   2.60     2 99.00 99.00
2008 11 14 07 00     1.0 99.00 999.00 99.00 999.0  9.40   2.50     2 99.00 99.00
2008 11 14 08 00     1.0 99.00 999.00 99.00 999.0  9.40   2.40     2 99.00 99.00
2008 11 14 09 00     1.0 99.00 999.00 99.00 999.0  9.40   2.40     2 99.00 99.00
2008 11 14 10 00     1.0 99.00 999.00 99.00 999.0  9.40   2.30     2 99.00 99.00
2008 11 14 11 00     1.0 99.00 999.00 99.00 999.0  9.40   2.50     2 99.00 99.00
2008 11 14 12 00     1.0 99.00 999.00 99.00 999.0  9.30   2.30     2 99.00 99.00
2008 11 14 13 00     1.0 99.00 999.00 99.00 999.0  9.30   2.20     3 99.00 99.00
2008 11 14 14 00     1.0 99.00 999.00 99.00 999.0  9.20   2.40     2 99.00 99.00
2008 11 14 15 00     1.0 99.00 999.00 99.00 999.0  9.60   2.20     2 99.00 99.00
2008 11 14 16 00     1.0 99.00 999.00 99.00 999.0  9.60   2.50     2 99.00 99.00
2008 11 14 17 00     1.0 99.00 999.00 99.00 999.0  9.40   2.30     2 99.00 99.00
2008 11 14 18 00     1.0 99.00 999.00 99.00 999.0  9.20   2.00     2 99.00 99.00
2008 11 14 19 00     1.0 99.00 999.00 99.00 999.0  9.20   2.70     2 99.00 99.00
2008 11 14 20 00     1.0 99.00 999.00 99.00 999.0  9.10   2.60     2 99.00 99.00
2008 11 14 21 00     1.0 99.00 999.00 99.00 999.0  8.90   2.30     3 99.00 99.00
2008 11 14 22 00     1.0 99.00 999.00 99.00 999.0  8.90   2.40     3 99.00 99.00
2008 11 14 23 00     1.0 99.00 999.00 99.00 999.0  9.10   2.40     2 99.00 99.00
2008 11 15 00 00     1.0 99.00 999.00 99.00 999.0  8.90   2.10     4 99.00 99.00
2008 11 15 01 00     1.0 99.00 999.00 99.00 999.0  9.00   1.90     3 99.00 99.00
2008 11 15 02 00     1.0 99.00 999.00 99.00 999.0  9.20   2.00     3 99.00 99.00
2008 11 15 03 00     1.0 99.00 999.00 99.00 999.0  9.20   1.80     3 99.00 99.00
2008 11 15 04 00     1.0 99.00 999.00 99.00 999.0  9.10   1.80     3 99.00 99.00
2008 11 15 05 00     1.0 99.00 999.00 99.00 999.0  9.10   1.80     3 99.00 99.00
2008 11 15 06 00     1.0 99.00 999.00 99.00 999.0  8.90   2.30     2 99.00 99.00
2008 11 15 07 00     1.0 99.00 999.00 99.00 999.0  8.80   2.30     3 99.00 99.00
2008 11 15 08 00     1.0 99.00 999.00 99.00 999.0  8.90   2.50     2 99.00 99.00
2008 11 15 09 00     1.0 99.00 999.00 99.00 999.0  8.90   2.40     2 99.00 99.00
2008 11 15 10 00     1.0 99.00 999.00 99.00 999.0  8.90   2.30     2 99.00 99.00
2008 11 15 11 00     1.0 99.00 999.00 99.00 999.0  8.80   2.30     2 99.00 99.00
2008 11 15 12 00     1.0 99.00 999.00 99.00 999.0  8.80   2.40     2 99.00 99.00
2008 11 15 13 00     1.0 99.00 999.00 99.00 999.0  8.80   2.00     2 99.00 99.00
2008 11 15 14 00     1.0 99.00 999.00 99.00 999.0  8.80   1.90     3 99.00 99.00
2008 11 15 15 00     1.0 99.00 999.00 99.00 999.0  8.80   1.90     3 99.00 99.00
2008 11 15 16 00     1.0 99.00 999.00 99.00 999.0  8.80   1.70     3 99.00 99.00
2008 11 15 17 00     1.0 99.00 999.00 99.00 999.0  8.80   1.60     3 99.00 99.00
2008 11 15 18 00     1.0 99.00 999.00 99.00 999.0  8.80   1.80     3 99.00 99.00
2008 11 17 01 00     1.0 99.00 999.00 99.00 999.0  8.90   2.70     4 99.00 99.00
2008 11 17 03 00     1.0 99.00 999.00 99.00 999.0  9.00   2.20     3 99.00 99.00
2008 11 17 04 00     1.0 99.00 999.00 99.00 999.0  8.70   2.10     3 99.00 99.00
2008 11 17 05 00     1.0 99.00 999.00 99.00 999.0  8.70   2.20     3 99.00 99.00
2008 11 17 06 00     1.0 99.00 999.00 99.00 999.0  8.70   2.20     3 99.00 99.00
2008 11 17 07 00     1.0 99.00 999.00 99.00 999.0  8.90   2.30     3 99.00 99.00
2008 11 17 08 00     1.0 99.00 999.00 99.00 999.0  9.00   2.30     3 99.00 99.00
2008 11 17 09 00     1.0 99.00 999.00 99.00 999.0  8.90   2.50     3 99.00 99.00
2008 11 17 15 00     1.0 99.00 999.00 99.00 999.0  8.80   2.00     3 99.00 99.00
2008 11 17 16 00     1.0 99.00 999.00 99.00 999.0  8.90   2.10     3 99.00 99.00
2008 11 17 17 00     1.0 99.00 999.00 99.00 999.0  8.90   2.10     3 99.00 99.00
2008 11 17 18 00     1.0 99.00 999.00 99.00 999.0  8.90   2.20     3 99.00 99.00
2008 11 17 19 00     1.0 99.00 999.00 99.00 999.0  9.00   2.40     2 99.00 99.00
2008 11 17 20 00     1.0 99.00 999.00 99.00 999.0  9.00   2.20     3 99.00 99.00
2008 11 17 21 00     1.0 99.00 999.00 99.00 999.0  9.00   2.20     3 99.00 99.00
2008 11 17 22 00     1.0 99.00 999.00 99.00 999.0  8.90   2.20     3 99.00 99.00
2008 11 17 23 00     1.0 99.00 999.00 99.00 999.0  8.90   2.40     3 99.00 99.00
2008 11 18 00 00     1.0 99.00 999.00 99.00 999.0  8.90   2.40     3 99.00 99.00
2008 11 18 01 00     1.0 99.00 999.00 99.00 999.0  8.90   2.00     3 99.00 99.00
2008 11 18 02 00     1.0 99.00 999.00 99.00 999.0  9.00   2.00     2 99.00 99.00
2008 11 18 03 00     1.0 99.00 999.00 99.00 999.0  8.90   1.90     3 99.00 99.00
2008 11 18 04 00     1.0 99.00 999.00 99.00 999.0  8.90   1.90     3 99.00 99.00
2008 11 18 05 00     1.0 99.00 999.00 99.00 999.0  8.90   1.80     2 99.00 99.00
2008 11 18 06 00     1.0 99.00 999.00 99.00 999.0  8.90   1.80     2 99.00 99.00
2008 11 18 07 00     1.0 99.00 999.00 99.00 999.0  8.80   1.70     3 99.00 99.00
2008 11 18 08 00     1.0 99.00 999.00 99.00 999.0  8.80   1.60     3 99.00 99.00
2008 11 18 09 00     1.0 99.00 999.00 99.00 999.0  9.00   1.80     2 99.00 99.00
2008 11 18 10 00     1.0 99.00 999.00 99.00 999.0  9.10   1.90     3 99.00 99.00
2008 11 18 11 00     1.0 99.00 999.00 99.00 999.0  9.10   1.90     3 99.00 99.00
2008 11 18 12 00     1.0 99.00 999.00 99.00 999.0  9.10   2.00     3 99.00 99.00
2008 11 18 13 00     1.0 99.00 999.00 99.00 999.0  9.10   1.90     3 99.00 99.00
2008 11 18 14 00     1.0 99.00 999.00 99.00 999.0  8.90   2.20     4 99.00 99.00
2008 11 18 15 00     1.0 99.00 999.00 99.00 999.0  8.80   2.20     5 99.00 99.00
2008 11 18 16 00     1.0 99.00 999.00 99.00 999.0  8.80   2.40     4 99.00 99.00
2008 11 18 17 00     1.0 99.00 999.00 99.00 999.0  8.80   2.20     4 99.00 99.00
2008 11 18 18 00     1.0 99.00 999.00 99.00 999.0  8.90   2.30     4 99.00 99.00
2008 11 18 19 00     1.0 99.00 999.00 99.00 999.0  8.90   2.30     4 99.00 99.00
2008 11 18 20 00     1.0 99.00 999.00 99.00 999.0  9.10   2.20     4 99.00 99.00
2008 11 18 21 00     1.0 99.00 999.00 99.00 999.0  9.00   2.30     4 99.00 99.00
2008 11 18 22 00     1.0 99.00 999.00 99.00 999.0  9.00   2.50     3 99.00 99.00
2008 11 18 23 00     1.0 99.00 999.00 99.00 999.0  9.00   2.70     3 99.00 99.00
2008 11 19 00 00     1.0 99.00 999.00 99.00 999.0  9.10   2.40     4 99.00 99.00
2008 11 19 01 00     1.0 99.00 999.00 99.00 999.0  9.10   2.40     4 99.00 99.00
2008 11 19 02 00     1.0 99.00 999.00 99.00 999.0  9.10   2.60     5 99.00 99.00
2008 11 19 03 00     1.0 99.00 999.00 99.00 999.0  9.00   2.60     4 99.00 99.00
2008 11 19 04 00     1.0 99.00 999.00 99.00 999.0  9.10   2.60     4 99.00 99.00
2008 11 19 05 00     1.0 99.00 999.00 99.00 999.0  9.10   2.60     4 99.00 99.00
2008 11 19 06 00     1.0 99.00 999.00 99.00 999.0  9.10   2.50     4 99.00 99.00
2008 11 19 07 00     1.0 99.00 999.00 99.00 999.0  9.10   2.50     4 99.00 99.00
2008 11 19 08 00     1.0 99.00 999.00 99.00 999.0  9.20   2.50     4 99.00 99.00
2008 11 19 09 00     1.0 99.00 999.00 99.00 999.0  9.20   2.50     4 99.00 99.00
2008 11 19 10 00     1.0 99.00 999.00 99.00 999.0  9.30   2.50     4 99.00 99.00
2008 11 19 11 00     1.0 99.00 999.00 99.00 999.0  9.40   2.50     5 99.00 99.00
2008 11 19 12 00     1.0 99.00 999.00 99.00 999.0  9.30   2.50     4 99.00 99.00
2008 11 19 13 00     1.0 99.00 999.00 99.00 999.0  9.20   2.40     4 99.00 99.00
2008 11 19 14 00     1.0 99.00 999.00 99.00 999.0  9.30   2.20     5 99.00 99.00
2008 11 19 15 00     1.0 99.00 999.00 99.00 999.0  9.50   2.10     5 99.00 99.00
2008 11 19 16 00     1.0 99.00 999.00 99.00 999.0  9.40   2.20     5 99.00 99.00
2008 11 19 17 00     1.0 99.00 999.00 99.00 999.0  9.50   2.10     4 99.00 99.00
2008 11 19 18 00     1.0 99.00 999.00 99.00 999.0  9.60   2.00     4 99.00 99.00
2008 11 19 19 00     1.0 99.00 999.00 99.00 999.0  9.70   2.10     4 99.00 99.00
2008 11 19 20 00     1.0 99.00 999.00 99.00 999.0  9.50   2.10     4 99.00 99.00
2008 11 19 21 00     1.0 99.00 999.00 99.00 999.0  9.70   1.80     3 99.00 99.00
2008 11 19 22 00     1.0 99.00 999.00 99.00 999.0  9.60   2.00     3 99.00 99.00
2008 11 19 23 00     1.0 99.00 999.00 99.00 999.0  9.50   2.30     4 99.00 99.00
2008 11 20 00 00     1.0 99.00 999.00 99.00 999.0  9.40   2.60     4 99.00 99.00
2008 11 20 02 00     1.0 99.00 999.00 99.00 999.0  9.40   2.30     4 99.00 99.00
2008 11 20 03 00     1.0 99.00 999.00 99.00 999.0  9.30   2.50     4 99.00 99.00
2008 11 20 04 00     1.0 99.00 999.00 99.00 999.0  9.30   2.60     4 99.00 99.00
2008 11 20 05 00     1.0 99.00 999.00 99.00 999.0  9.40   2.50     3 99.00 99.00
2008 11 20 06 00     1.0 99.00 999.00 99.00 999.0  9.30   2.20     3 99.00 99.00
2008 11 20 07 00     1.0 99.00 999.00 99.00 999.0  9.30   2.10     3 99.00 99.00
2008 11 20 08 00     1.0 99.00 999.00 99.00 999.0  9.30   2.00     3 99.00 99.00
2008 11 20 09 00     1.0 99.00 999.00 99.00 999.0  9.30   2.10     3 99.00 99.00
2008 11 20 10 00     1.0 99.00 999.00 99.00 999.0  9.30   2.20     3 99.00 99.00
2008 11 20 11 00     1.0 99.00 999.00 99.00 999.0  9.30   2.40     3 99.00 99.00
2008 11 20 12 00     1.0 99.00 999.00 99.00 999.0  9.30   2.30     3 99.00 99.00
2008 11 20 13 00     1.0 99.00 999.00 99.00 999.0  9.30   2.30     3 99.00 99.00
2008 11 20 15 00     1.0 99.00 999.00 99.00 999.0  9.50   2.20     4 99.00 99.00
2008 11 20 16 00     1.0 99.00 999.00 99.00 999.0  9.50   2.30     4 99.00 99.00
2008 11 20 17 00     1.0 99.00 999.00 99.00 999.0  9.50   2.30     4 99.00 99.00
2008 11 20 18 00     1.0 99.00 999.00 99.00 999.0  9.50   2.30     4 99.00 99.00
2008 11 20 19 00     1.0 99.00 999.00 99.00 999.0  9.50   2.30     3 99.00 99.00
2008 11 20 20 00     1.0 99.00 999.00 99.00 999.0  9.60   2.20     3 99.00 99.00
2008 11 20 21 00     1.0 99.00 999.00 99.00 999.0  9.60   2.20     3 99.00 99.00
2008 11 20 22 00     1.0 99.00 999.00 99.00 999.0  9.60   2.50     3 99.00 99.00
2008 11 20 23 00     1.0 99.00 999.00 99.00 999.0  9.50   2.60     3 99.00 99.00
2008 11 21 00 00     1.0 99.00 999.00 99.00 999.0  9.60   2.40     3 99.00 99.00
2008 11 21 01 00     1.0 99.00 999.00 99.00 999.0 10.00   2.20     3 99.00 99.00
2008 11 21 02 00     1.0 99.00 999.00 99.00 999.0  9.80   2.10     4 99.00 99.00
2008 11 21 03 00     1.0 99.00 999.00 99.00 999.0  9.50   2.20     4 99.00 99.00
2008 11 21 04 00     1.0 99.00 999.00 99.00 999.0  9.50   2.40     4 99.00 99.00
2008 11 21 05 00     1.0 99.00 999.00 99.00 999.0  9.50   2.60     3 99.00 99.00
2008 11 21 06 00     1.0 99.00 999.00 99.00 999.0  9.50   2.30     3 99.00 99.00
2008 11 21 07 00     1.0 99.00 999.00 99.00 999.0  9.40   2.10     3 99.00 99.00
2008 11 21 08 00     1.0 99.00 999.00 99.00 999.0  9.50   2.10     3 99.00 99.00
2008 11 21 09 00     1.0 99.00 999.00 99.00 999.0  9.50   1.90     3 99.00 99.00
2008 11 21 10 00     1.0 99.00 999.00 99.00 999.0  9.60   1.90     3 99.00 99.00
2008 11 21 11 00     1.0 99.00 999.00 99.00 999.0  9.50   2.00     3 99.00 99.00
2008 11 21 12 00     1.0 99.00 999.00 99.00 999.0  9.50   2.20     3 99.00 99.00
2008 11 21 13 00     1.0 99.00 999.00 99.00 999.0  9.40   2.10     3 99.00 99.00
2008 11 21 14 00     1.0 99.00 999.00 99.00 999.0  9.50   2.10     3 99.00 99.00
2008 11 21 15 00     1.0 99.00 999.00 99.00 999.0  9.50   2.20     3 99.00 99.00
2008 11 21 16 00     1.0 99.00 999.00 99.00 999.0  9.60   2.20     4 99.00 99.00
2008 11 21 17 00     1.0 99.00 999.00 99.00 999.0  9.70   2.20     4 99.00 99.00
2008 11 21 20 00     1.0 99.00 999.00 99.00 999.0  9.70   2.10     3 99.00 99.00
2008 11 21 21 00     1.0 99.00 999.00 99.00 999.0  9.70   2.10     3 99.00 99.00
2008 11 21 22 00     1.0 99.00 999.00 99.00 999.0  9.70   2.20     2 99.00 99.00
2008 11 21 23 00     1.0 99.00 999.00 99.00 999.0  9.70   2.30     3 99.00 99.00
2008 11 22 00 00     1.0 99.00 999.00 99.00 999.0  9.80   2.30     3 99.00 99.00
2008 11 22 01 00     1.0 99.00 999.00 99.00 999.0  9.90   2.30     3 99.00 99.00
2008 11 22 02 00     1.0 99.00 999.00 99.00 999.0 10.00   2.20     3 99.00 99.00
2008 11 22 03 00     1.0 99.00 999.00 99.00 999.0 10.10   2.20     4 99.00 99.00
2008 11 22 04 00     1.0 99.00 999.00 99.00 999.0  9.90   2.20     4 99.00 99.00
2008 11 22 05 00     1.0 99.00 999.00 99.00 999.0  9.80   2.20     4 99.00 99.00
2008 11 22 06 00     1.0 99.00 999.00 99.00 999.0  9.80   2.20     4 99.00 99.00
2008 11 22 07 00     1.0 99.00 999.00 99.00 999.0  9.80   2.30     3 99.00 99.00
2008 11 22 08 00     1.0 99.00 999.00 99.00 999.0  9.80   2.20     3 99.00 99.00
2008 11 22 09 00     1.0 99.00 999.00 99.00 999.0  9.80   2.10     3 99.00 99.00
2008 11 22 11 00     1.0 99.00 999.00 99.00 999.0  9.80   2.00     3 99.00 99.00
2008 11 22 13 00     1.0 99.00 999.00 99.00 999.0  9.80   2.00     3 99.00 99.00
2008 11 22 14 00     1.0 99.00 999.00 99.00 999.0  9.90   1.80     3 99.00 99.00
2008 11 22 15 00     1.0 99.00 999.00 99.00 999.0  9.90 999.00     3 99.00 99.00
2008 11 22 16 00     1.0 99.00 999.00 99.00 999.0  9.90   1.80     3 99.00 99.00
2008 11 22 17 00     1.0 99.00 999.00 99.00 999.0 10.00   2.00     3 99.00 99.00
2008 11 22 18 00     1.0 99.00 999.00 99.00 999.0 10.10   1.90     4 99.00 99.00
2008 11 22 19 00     1.0 99.00 999.00 99.00 999.0 10.20   1.80     4 99.00 99.00
2008 11 22 20 00     1.0 99.00 999.00 99.00 999.0 10.10   1.90     3 99.00 99.00
2008 11 22 21 00     1.0 99.00 999.00 99.00 999.0 10.10   1.90     3 99.00 99.00
2008 11 22 22 00     1.0 99.00 999.00 99.00 999.0 10.10   2.00     2 99.00 99.00
2008 11 22 23 00     1.0 99.00 999.00 99.00 999.0 10.10   2.10     3 99.00 99.00
2008 11 23 00 00     1.0 99.00 999.00 99.00 999.0 10.00   1.90     2 99.00 99.00
2008 11 23 01 00     1.0 99.00 999.00 99.00 999.0 10.20   2.20     3 99.00 99.00
2008 11 23 02 00     1.0 99.00 999.00 99.00 999.0 10.30   2.10     3 99.00 99.00
2008 11 23 03 00     1.0 99.00 999.00 99.00 999.0 10.40   2.10     3 99.00 99.00
2008 11 23 04 00     1.0 99.00 999.00 99.00 999.0 10.40   2.10     3 99.00 99.00
2008 11 23 05 00     1.0 99.00 999.00 99.00 999.0 10.40   2.10     3 99.00 99.00
2008 11 23 06 00     1.0 99.00 999.00 99.00 999.0 10.40   2.20     3 99.00 99.00
2008 11 23 08 00     1.0 99.00 999.00 99.00 999.0 10.40   2.10     3 99.00 99.00
2008 11 23 12 00     1.0 99.00 999.00 99.00 999.0 10.40   1.90     2 99.00 99.00
2008 11 23 13 00     1.0 99.00 999.00 99.00 999.0 10.30   1.70     2 99.00 99.00
2008 11 23 14 00     1.0 99.00 999.00 99.00 999.0 10.30   1.70     2 99.00 99.00
2008 11 23 15 00     1.0 99.00 999.00 99.00 999.0 10.40   1.60     3 99.00 99.00
2008 11 23 16 00     1.0 99.00 999.00 99.00 999.0 10.40   1.60     2 99.00 99.00
2008 11 23 17 00     1.0 99.00 999.00 99.00 999.0 10.40   1.60     3 99.00 99.00
2008 11 23 18 00     1.0 99.00 999.00 99.00 999.0 10.40   1.70     3 99.00 99.00
2008 11 23 19 00     1.0 99.00 999.00 99.00 999.0 10.40   1.60     3 99.00 99.00
2008 11 23 20 00     1.0 99.00 999.00 99.00 999.0 10.50   1.70     2 99.00 99.00
2008 11 23 21 00     1.0 99.00 999.00 99.00 999.0 10.50   1.60     2 99.00 99.00
2008 11 23 22 00     1.0 99.00 999.00 99.00 999.0 10.50   1.60     2 99.00 99.00
2008 11 23 23 00     1.0 99.00 999.00 99.00 999.0 10.30   1.90     2 99.00 99.00
2008 11 24 00 00     1.0 99.00 999.00 99.00 999.0 10.30   1.70     2 99.00 99.00
2008 11 24 01 00     1.0 99.00 999.00 99.00 999.0 10.20   1.90     2 99.00 99.00
2008 11 24 02 00     1.0 99.00 999.00 99.00 999.0 10.10   1.80     3 99.00 99.00
2008 11 24 03 00     1.0 99.00 999.00 99.00 999.0 10.10   1.90     3 99.00 99.00
2008 11 24 04 00     1.0 99.00 999.00 99.00 999.0 10.10   1.90     3 99.00 99.00
2008 11 24 05 00     1.0 99.00 999.00 99.00 999.0 10.20   1.80     3 99.00 99.00
2008 11 24 07 00     1.0 99.00 999.00 99.00 999.0 10.20   1.90     3 99.00 99.00
2008 11 24 08 00     1.0 99.00 999.00 99.00 999.0 10.30   2.10     3 99.00 99.00
2008 11 24 09 00     1.0 99.00 999.00 99.00 999.0 10.20   1.90     2 99.00 99.00
2008 11 24 10 00     1.0 99.00 999.00 99.00 999.0 10.10   1.80     2 99.00 99.00
2008 11 24 11 00     1.0 99.00 999.00 99.00 999.0 10.10   1.80     2 99.00 99.00
2008 11 24 12 00     1.0 99.00 999.00 99.00 999.0 10.10   1.80     2 99.00 99.00
2008 11 24 13 00     1.0 99.00 999.00 99.00 999.0 10.20   1.60     2 99.00 99.00
2008 11 24 14 00     1.0 99.00 999.00 99.00 999.0 10.30   1.60     2 99.00 99.00
2008 11 24 15 00     1.0 99.00 999.00 99.00 999.0 10.40   1.70     3 99.00 99.00
2008 11 24 16 00     1.0 99.00 999.00 99.00 999.0 10.50   1.50     3 99.00 99.00
2008 11 24 17 00     1.0 99.00 999.00 99.00 999.0 10.60   1.40     2 99.00 99.00
2008 11 24 18 00     1.0 99.00 999.00 99.00 999.0 10.70   1.50     2 99.00 99.00
2008 11 24 19 00     1.0 99.00 999.00 99.00 999.0 10.70   1.70     2 99.00 99.00
2008 11 24 20 00     1.0 99.00 999.00 99.00 999.0 10.70   1.60     2 99.00 99.00
2008 11 24 21 00     1.0 99.00 999.00 99.00 999.0 10.70   1.70     2 99.00 99.00
2008 11 24 22 00     1.0 99.00 999.00 99.00 999.0 10.60   1.80     2 99.00 99.00
2008 11 24 23 00     1.0 99.00 999.00 99.00 999.0 10.60   1.70     2 99.00 99.00
2008 11 25 00 00     1.0 99.00 999.00 99.00 999.0 10.60   1.70     2 99.00 99.00
2008 11 25 01 00     1.0 99.00 999.00 99.00 999.0 10.90   1.60     2 99.00 99.00
2008 11 25 02 00     1.0 99.00 999.00 99.00 999.0 10.70   1.50     2 99.00 99.00
2008 11 25 03 00     1.0 99.00 999.00 99.00 999.0 11.00   1.60     3 99.00 99.00
2008 11 25 04 00     1.0 99.00 999.00 99.00 999.0 10.80   1.70     3 99.00 99.00
2008 11 25 05 00     1.0 99.00 999.00 99.00 999.0 99.00 999.00    99 99.00 99.00
2008 11 25 06 00     1.0 99.00 999.00 99.00 999.0 10.40   1.70     3 99.00 99.00
2008 11 25 07 00     1.0 99.00 999.00 99.00 999.0 10.30   1.70     3 99.00 99.00
2008 11 25 08 00     1.0 99.00 999.00 99.00 999.0 10.30   1.70     3 99.00 99.00
2008 11 25 09 00     1.0 99.00 999.00 99.00 999.0 10.30   1.80     3 99.00 99.00
2008 11 25 10 00     1.0 99.00 999.00 99.00 999.0 10.30   1.90     2 99.00 99.00
2008 11 25 11 00     1.0 99.00 999.00 99.00 999.0 10.20   1.70     2 99.00 99.00
2008 11 25 12 00     1.0 99.00 999.00 99.00 999.0 10.30   1.80     2 99.00 99.00
2008 11 25 13 00     1.0 99.00 999.00 99.00 999.0 10.30   1.60     2 99.00 99.00
2008 11 25 14 00     1.0 99.00 999.00 99.00 999.0 10.30   1.60     3 99.00 99.00
2008 11 25 15 00     1.0 99.00 999.00 99.00 999.0 10.40   1.70     3 99.00 99.00
2008 11 25 16 00     1.0 99.00 999.00 99.00 999.0 10.40   1.50     3 99.00 99.00
2008 11 25 18 00     1.0 99.00 999.00 99.00 999.0 10.90   1.50     3 99.00 99.00
2008 11 25 19 00     1.0 99.00 999.00 99.00 999.0 11.00   1.50     3 99.00 99.00
2008 11 25 20 00     1.0 99.00 999.00 99.00 999.0 11.00   1.60     3 99.00 99.00
2008 11 25 21 00     1.0 99.00 999.00 99.00 999.0 11.00   1.60     3 99.00 99.00
2008 11 25 22 00     1.0 99.00 999.00 99.00 999.0 10.90   1.70     3 99.00 99.00
2008 11 25 23 00     1.0 99.00 999.00 99.00 999.0 10.70   1.80     2 99.00 99.00
2008 11 26 00 00     1.0 99.00 999.00 99.00 999.0 10.80   1.70     3 99.00 99.00
2008 11 26 01 00     1.0 99.00 999.00 99.00 999.0 10.50   1.70     3 99.00 99.00
2008 11 26 02 00     1.0 99.00 999.00 99.00 999.0 10.30   1.60     3 99.00 99.00
2008 11 26 03 00     1.0 99.00 999.00 99.00 999.0 10.30   1.60     3 99.00 99.00
2008 11 26 04 00     1.0 99.00 999.00 99.00 999.0 10.30   1.70     3 99.00 99.00
2008 11 26 05 00     1.0 99.00 999.00 99.00 999.0 10.30   1.70     3 99.00 99.00
2008 11 26 06 00     1.0 99.00 999.00 99.00 999.0 10.30   1.90     3 99.00 99.00
2008 11 26 07 00     1.0 99.00 999.00 99.00 999.0 10.30   2.00     3 99.00 99.00
2008 11 26 08 00     1.0 99.00 999.00 99.00 999.0 10.30   2.00     3 99.00 99.00
2008 11 26 09 00     1.0 99.00 999.00 99.00 999.0 10.30   2.10     3 99.00 99.00
2008 11 26 10 00     1.0 99.00 999.00 99.00 999.0 10.30   2.00     3 99.00 99.00
2008 11 26 11 00     1.0 99.00 999.00 99.00 999.0 10.30   2.10     3 99.00 99.00
2008 11 26 12 00     1.0 99.00 999.00 99.00 999.0 10.30   2.00     3 99.00 99.00
2008 11 26 13 00     1.0 99.00 999.00 99.00 999.0 10.30   1.80     2 99.00 99.00
2008 11 26 14 00     1.0 99.00 999.00 99.00 999.0 10.30   1.90     3 99.00 99.00
2008 11 26 15 00     1.0 99.00 999.00 99.00 999.0 10.40   1.80     3 99.00 99.00
2008 11 26 16 00     1.0 99.00 999.00 99.00 999.0 10.40   1.70     3 99.00 99.00
2008 11 26 17 00     1.0 99.00 999.00 99.00 999.0 10.50   1.90     3 99.00 99.00
2008 11 26 18 00     1.0 99.00 999.00 99.00 999.0 10.50   1.80     3 99.00 99.00
2008 11 26 19 00     1.0 99.00 999.00 99.00 999.0 10.50   1.90     3 99.00 99.00
2008 11 26 20 00     1.0 99.00 999.00 99.00 999.0 10.50   1.90     3 99.00 99.00
2008 11 26 21 00     1.0 99.00 999.00 99.00 999.0 10.50   2.10     3 99.00 99.00
2008 11 26 22 00     1.0 99.00 999.00 99.00 999.0 10.50   2.10     3 99.00 99.00
2008 11 26 23 00     1.0 99.00 999.00 99.00 999.0 10.50   2.00     3 99.00 99.00
2008 11 27 00 00     1.0 99.00 999.00 99.00 999.0 10.60   1.90     3 99.00 99.00
2008 11 27 01 00     1.0 99.00 999.00 99.00 999.0 10.60   1.90     3 99.00 99.00
2008 11 27 02 00     1.0 99.00 999.00 99.00 999.0 10.50   2.00     3 99.00 99.00
2008 11 27 03 00     1.0 99.00 999.00 99.00 999.0 11.10   1.70     3 99.00 99.00
2008 11 27 04 00     1.0 99.00 999.00 99.00 999.0 10.90   1.80     3 99.00 99.00
2008 11 27 05 00     1.0 99.00 999.00 99.00 999.0 10.70   1.90     3 99.00 99.00
2008 11 27 06 00     1.0 99.00 999.00 99.00 999.0 10.60   1.80     3 99.00 99.00
2008 11 27 07 00     1.0 99.00 999.00 99.00 999.0 10.60   1.80     3 99.00 99.00
2008 11 27 08 00     1.0 99.00 999.00 99.00 999.0 10.60   1.70     3 99.00 99.00
2008 11 27 09 00     1.0 99.00 999.00 99.00 999.0 10.60   1.80     3 99.00 99.00
2008 11 27 10 00     1.0 99.00 999.00 99.00 999.0 10.50   1.80     3 99.00 99.00
2008 11 27 11 00     1.0 99.00 999.00 99.00 999.0 10.50   1.70     3 99.00 99.00
2008 11 27 12 00     1.0 99.00 999.00 99.00 999.0 10.50   1.70     3 99.00 99.00
2008 11 27 13 00     1.0 99.00 999.00 99.00 999.0 10.50   1.60     3 99.00 99.00
2008 11 27 14 00     1.0 99.00 999.00 99.00 999.0 10.50   1.50     2 99.00 99.00
2008 11 27 15 00     1.0 99.00 999.00 99.00 999.0 10.50   1.50     2 99.00 99.00
2008 11 27 16 00     1.0 99.00 999.00 99.00 999.0 10.60   1.50     2 99.00 99.00
2008 11 27 17 00     1.0 99.00 999.00 99.00 999.0 10.70   1.40     2 99.00 99.00
2008 11 27 18 00     1.0 99.00 999.00 99.00 999.0 10.60   1.40     2 99.00 99.00
2008 11 27 19 00     1.0 99.00 999.00 99.00 999.0 10.50   1.40     3 99.00 99.00
2008 11 27 20 00     1.0 99.00 999.00 99.00 999.0 10.50   1.40     3 99.00 99.00
2008 11 27 21 00     1.0 99.00 999.00 99.00 999.0 10.60   1.50     3 99.00 99.00
2008 11 27 22 00     1.0 99.00 999.00 99.00 999.0 10.50   1.70     3 99.00 99.00
2008 11 27 23 00     1.0 99.00 999.00 99.00 999.0 10.50   1.60     2 99.00 99.00
2008 11 28 00 00     1.0 99.00 999.00 99.00 999.0 10.70   1.60     2 99.00 99.00
2008 11 28 01 00     1.0 99.00 999.00 99.00 999.0 10.70   1.50     2 99.00 99.00
2008 11 28 02 00     1.0 99.00 999.00 99.00 999.0 10.70   1.50     2 99.00 99.00
2008 11 28 03 00     1.0 99.00 999.00 99.00 999.0 10.70   1.50     2 99.00 99.00
2008 11 28 04 00     1.0 99.00 999.00 99.00 999.0 10.60   1.50     2 99.00 99.00
2008 11 28 05 00     1.0 99.00 999.00 99.00 999.0 10.50   1.50     2 99.00 99.00
2008 11 28 06 00     1.0 99.00 999.00 99.00 999.0 10.80   1.40     2 99.00 99.00
2008 11 28 08 00     1.0 99.00 999.00 99.00 999.0 10.50   1.50     2 99.00 99.00
2008 11 28 09 00     1.0 99.00 999.00 99.00 999.0 10.40   1.60     2 99.00 99.00
2008 11 28 10 00     1.0 99.00 999.00 99.00 999.0 10.40   1.70     2 99.00 99.00
2008 11 28 11 00     1.0 99.00 999.00 99.00 999.0 10.40   1.70     2 99.00 99.00
2008 11 28 12 00     1.0 99.00 999.00 99.00 999.0 10.40   1.60     3 99.00 99.00
2008 11 28 13 00     1.0 99.00 999.00 99.00 999.0 10.40   1.40     3 99.00 99.00
2008 11 28 14 00     1.0 99.00 999.00 99.00 999.0 10.40   1.50     2 99.00 99.00
2008 11 28 15 00     1.0 99.00 999.00 99.00 999.0 10.40   1.40     2 99.00 99.00
2008 11 28 16 00     1.0 99.00 999.00 99.00 999.0 10.50   1.20     2 99.00 99.00
2008 11 28 17 00     1.0 99.00 999.00 99.00 999.0 10.40   1.20     2 99.00 99.00
2008 11 28 18 00     1.0 99.00 999.00 99.00 999.0 10.40   1.20     2 99.00 99.00
2008 11 28 19 00     1.0 99.00 999.00 99.00 999.0 10.40   1.40     2 99.00 99.00
2008 11 28 20 00     1.0 99.00 999.00 99.00 999.0 10.40   1.40     2 99.00 99.00
2008 11 28 21 00     1.0 99.00 999.00 99.00 999.0 10.40   1.60     2 99.00 99.00
2008 11 28 22 00     1.0 99.00 999.00 99.00 999.0 10.40   1.60     2 99.00 99.00
2008 11 28 23 00     1.0 99.00 999.00 99.00 999.0 10.40   1.70     2 99.00 99.00
2008 11 29 00 00     1.0 99.00 999.00 99.00 999.0 10.40   1.60     2 99.00 99.00
2008 11 29 01 00     1.0 99.00 999.00 99.00 999.0 10.40   1.50     2 99.00 99.00
2008 11 29 02 00     1.0 99.00 999.00 99.00 999.0 10.40   1.60     2 99.00 99.00
2008 11 29 03 00     1.0 99.00 999.00 99.00 999.0 10.40   1.60     2 99.00 99.00
2008 11 29 04 00     1.0 99.00 999.00 99.00 999.0 10.40   1.60     2 99.00 99.00
2008 11 29 05 00     1.0 99.00 999.00 99.00 999.0 10.30   1.50     3 99.00 99.00
2008 11 29 06 00     1.0 99.00 999.00 99.00 999.0 10.30   1.60     3 99.00 99.00
2008 11 29 07 00     1.0 99.00 999.00 99.00 999.0 10.40   1.60     2 99.00 99.00
2008 11 29 08 00     1.0 99.00 999.00 99.00 999.0 10.40   1.60     2 99.00 99.00
2008 11 29 09 00     1.0 99.00 999.00 99.00 999.0 10.50   1.60     2 99.00 99.00
2008 11 29 10 00     1.0 99.00 999.00 99.00 999.0 10.50   1.70     2 99.00 99.00
2008 11 29 11 00     1.0 99.00 999.00 99.00 999.0 10.60   1.70     2 99.00 99.00
2008 11 29 12 00     1.0 99.00 999.00 99.00 999.0 10.60   1.80     2 99.00 99.00
2008 11 29 13 00     1.0 99.00 999.00 99.00 999.0 10.50   1.50     2 99.00 99.00
2008 11 29 14 00     1.0 99.00 999.00 99.00 999.0 10.50   1.40     2 99.00 99.00
2008 11 29 15 00     1.0 99.00 999.00 99.00 999.0 10.40   1.40     2 99.00 99.00
2008 11 29 16 00     1.0 99.00 999.00 99.00 999.0 10.40   1.30     2 99.00 99.00
2008 11 29 17 00     1.0 99.00 999.00 99.00 999.0 10.50   1.30     2 99.00 99.00
2008 11 29 18 00     1.0 99.00 999.00 99.00 999.0 10.50   1.30     2 99.00 99.00
2008 11 29 19 00     1.0 99.00 999.00 99.00 999.0 10.60   1.30     2 99.00 99.00
2008 11 29 20 00     1.0 99.00 999.00 99.00 999.0 10.90   1.50     2 99.00 99.00
2008 11 29 21 00     1.0 99.00 999.00 99.00 999.0 10.90   1.40     3 99.00 99.00
2008 11 29 22 00     1.0 99.00 999.00 99.00 999.0 11.00   1.60     2 99.00 99.00
2008 11 29 23 00     1.0 99.00 999.00 99.00 999.0 11.10   1.60     3 99.00 99.00
2008 11 30 00 00     1.0 99.00 999.00 99.00 999.0 11.10   1.60     2 99.00 99.00
2008 11 30 01 00     1.0 99.00 999.00 99.00 999.0 11.00   1.70     2 99.00 99.00
2008 11 30 02 00     1.0 99.00 999.00 99.00 999.0 11.00   1.70     2 99.00 99.00
2008 11 30 03 00     1.0 99.00 999.00 99.00 999.0 10.90   1.60     2 99.00 99.00
2008 11 30 04 00     1.0 99.00 999.00 99.00 999.0 10.90   1.60     2 99.00 99.00
2008 11 30 05 00     1.0 99.00 999.00 99.00 999.0 10.90   1.60     2 99.00 99.00
2008 11 30 06 00     1.0 99.00 999.00 99.00 999.0 11.10   1.60     2 99.00 99.00
2008 11 30 07 00     1.0 99.00 999.00 99.00 999.0 11.60   1.70     2 99.00 99.00
2008 11 30 08 00     1.0 99.00 999.00 99.00 999.0 11.90   1.70     2 99.00 99.00
2008 11 30 09 00     1.0 99.00 999.00 99.00 999.0 11.90   1.70     2 99.00 99.00
2008 11 30 10 00     1.0 99.00 999.00 99.00 999.0 11.80   1.70     2 99.00 99.00
2008 11 30 11 00     1.0 99.00 999.00 99.00 999.0 11.80   1.70     2 99.00 99.00
2008 11 30 12 00     1.0 99.00 999.00 99.00 999.0 11.70   1.70     2 99.00 99.00
2008 11 30 13 00     1.0 99.00 999.00 99.00 999.0 11.80   1.70     2 99.00 99.00
2008 11 30 14 00     1.0 99.00 999.00 99.00 999.0 11.70   1.60     2 99.00 99.00
2008 11 30 15 00     1.0 99.00 999.00 99.00 999.0 11.60   1.50     2 99.00 99.00
2008 11 30 16 00     1.0 99.00 999.00 99.00 999.0 11.60   1.60     2 99.00 99.00
2008 11 30 17 00     1.0 99.00 999.00 99.00 999.0 11.60   1.50     2 99.00 99.00
2008 11 30 18 00     1.0 99.00 999.00 99.00 999.0 11.70   1.50     2 99.00 99.00
2008 11 30 19 00     1.0 99.00 999.00 99.00 999.0 11.70   1.50     2 99.00 99.00
2008 11 30 20 00     1.0 99.00 999.00 99.00 999.0 11.70   1.50     2 99.00 99.00
2008 11 30 21 00     1.0 99.00 999.00 99.00 999.0 11.50   1.50     2 99.00 99.00
2008 11 30 22 00     1.0 99.00 999.00 99.00 999.0 11.10   1.50     2 99.00 99.00
2008 11 30 23 00     1.0 99.00 999.00 99.00 999.0 11.70   1.60     2 99.00 99.00
2008 12 01 00 00     1.0 99.00 999.00 99.00 999.0 11.80   1.60     2 99.00 99.00
2008 12 01 01 00     1.0 99.00 999.00 99.00 999.0 11.70   1.60     2 99.00 99.00
2008 12 01 02 00     1.0 99.00 999.00 99.00 999.0 11.90   1.60     2 99.00 99.00
2008 12 01 03 00     1.0 99.00 999.00 99.00 999.0 11.90   1.60     2 99.00 99.00
2008 12 01 04 00     1.0 99.00 999.00 99.00 999.0 11.70   1.70     2 99.00 99.00
2008 12 01 05 00     1.0 99.00 999.00 99.00 999.0 11.90   1.80     2 99.00 99.00
2008 12 01 06 00     1.0 99.00 999.00 99.00 999.0 12.00   1.70     2 99.00 99.00
2008 12 01 07 00     1.0 99.00 999.00 99.00 999.0 12.00   1.80     2 99.00 99.00
2008 12 01 08 00     1.0 99.00 999.00 99.00 999.0 12.00   1.80     2 99.00 99.00
2008 12 01 09 00     1.0 99.00 999.00 99.00 999.0 11.80   1.80     2 99.00 99.00
2008 12 01 10 00     1.0 99.00 999.00 99.00 999.0 11.70   1.80     2 99.00 99.00
2008 12 01 11 00     1.0 99.00 999.00 99.00 999.0 11.60   1.80     2 99.00 99.00
2008 12 01 13 00     1.0 99.00 999.00 99.00 999.0 11.50   1.70     2 99.00 99.00
2008 12 01 14 00     1.0 99.00 999.00 99.00 999.0 11.40   1.60     2 99.00 99.00
2008 12 01 15 00     1.0 99.00 999.00 99.00 999.0 11.30   1.60     3 99.00 99.00
2008 12 01 16 00     1.0 99.00 999.00 99.00 999.0 11.00   1.40     3 99.00 99.00
2008 12 01 17 00     1.0 99.00 999.00 99.00 999.0 10.80   1.30     3 99.00 99.00
2008 12 01 18 00     1.0 99.00 999.00 99.00 999.0 10.90   1.30     3 99.00 99.00
2008 12 01 22 00     1.0 99.00 999.00 99.00 999.0 10.80   1.60     3 99.00 99.00
2008 12 01 23 00     1.0 99.00 999.00 99.00 999.0 10.90   1.60     3 99.00 99.00
2008 12 02 00 00     1.0 99.00 999.00 99.00 999.0 10.80   1.70     3 99.00 99.00
2008 12 02 01 00     1.0 99.00 999.00 99.00 999.0 10.90   2.10     3 99.00 99.00
2008 12 02 02 00     1.0 99.00 999.00 99.00 999.0 10.90   2.30     3 99.00 99.00
2008 12 02 03 00     1.0 99.00 999.00 99.00 999.0 11.00   2.20     2 99.00 99.00
2008 12 02 04 00     1.0 99.00 999.00 99.00 999.0 11.00   2.60     2 99.00 99.00
2008 12 02 05 00     1.0 99.00 999.00 99.00 999.0 11.00   2.50     2 99.00 99.00
2008 12 02 06 00     1.0 99.00 999.00 99.00 999.0 11.00   2.30     2 99.00 99.00
2008 12 02 07 00     1.0 99.00 999.00 99.00 999.0 11.00   2.30     2 99.00 99.00
2008 12 02 08 00     1.0 99.00 999.00 99.00 999.0 10.90   2.20     2 99.00 99.00
2008 12 02 09 00     1.0 99.00 999.00 99.00 999.0 10.90   2.10     2 99.00 99.00
2008 12 02 10 00     1.0 99.00 999.00 99.00 999.0 10.90   2.10     2 99.00 99.00
2008 12 02 11 00     1.0 99.00 999.00 99.00 999.0 10.90   2.10     2 99.00 99.00
2008 12 02 12 00     1.0 99.00 999.00 99.00 999.0 10.90   2.30     3 99.00 99.00
2008 12 02 13 00     1.0 99.00 999.00 99.00 999.0 10.80   1.90     2 99.00 99.00
2008 12 02 14 00     1.0 99.00 999.00 99.00 999.0 10.70   1.50     3 99.00 99.00
2008 12 02 15 00     1.0 99.00 999.00 99.00 999.0 10.60   1.60     3 99.00 99.00
2008 12 02 16 00     1.0 99.00 999.00 99.00 999.0 10.60   1.80     3 99.00 99.00
2008 12 02 17 00     1.0 99.00 999.00 99.00 999.0 10.60   2.60     3 99.00 99.00
2008 12 02 18 00     1.0 99.00 999.00 99.00 999.0 10.80   2.60     3 99.00 99.00
2008 12 02 19 00     1.0 99.00 999.00 99.00 999.0 11.00   2.60     3 99.00 99.00
2008 12 02 20 00     1.0 99.00 999.00 99.00 999.0 11.20   2.80     3 99.00 99.00
2008 12 02 21 00     1.0 99.00 999.00 99.00 999.0 11.30   2.80     3 99.00 99.00
2008 12 02 22 00     1.0 99.00 999.00 99.00 999.0 11.20   2.80     3 99.00 99.00
2008 12 02 23 00     1.0 99.00 999.00 99.00 999.0 10.90   2.30     3 99.00 99.00
2008 12 03 00 00     1.0 99.00 999.00 99.00 999.0 10.70   2.00     4 99.00 99.00
2008 12 03 01 00     1.0 99.00 999.00 99.00 999.0 10.60   2.40     4 99.00 99.00
2008 12 03 02 00     1.0 99.00 999.00 99.00 999.0 10.60   3.50     5 99.00 99.00
2008 12 03 03 00     1.0 99.00 999.00 99.00 999.0 10.80   4.30     4 99.00 99.00
2008 12 03 04 00     1.0 99.00 999.00 99.00 999.0 10.90   4.80     4 99.00 99.00
2008 12 03 05 00     1.0 99.00 999.00 99.00 999.0 10.90   5.00     4 99.00 99.00
2008 12 03 06 00     1.0 99.00 999.00 99.00 999.0 10.90   4.70     4 99.00 99.00
2008 12 03 07 00     1.0 99.00 999.00 99.00 999.0 10.90   4.50     4 99.00 99.00
2008 12 03 08 00     1.0 99.00 999.00 99.00 999.0 11.00   4.50     4 99.00 99.00
2008 12 03 09 00     1.0 99.00 999.00 99.00 999.0 11.00   3.70     4 99.00 99.00
2008 12 03 10 00     1.0 99.00 999.00 99.00 999.0 11.10   3.60     4 99.00 99.00
2008 12 03 11 00     1.0 99.00 999.00 99.00 999.0 11.10   3.60     4 99.00 99.00
2008 12 03 12 00     1.0 99.00 999.00 99.00 999.0 11.10   4.00     4 99.00 99.00
2008 12 03 13 00     1.0 99.00 999.00 99.00 999.0 11.20   3.20     4 99.00 99.00
2008 12 03 14 00     1.0 99.00 999.00 99.00 999.0 11.50   2.70     4 99.00 99.00
2008 12 03 15 00     1.0 99.00 999.00 99.00 999.0 11.60   2.40     4 99.00 99.00
2008 12 03 16 00     1.0 99.00 999.00 99.00 999.0 11.70   2.40     4 99.00 99.00
2008 12 03 17 00     1.0 99.00 999.00 99.00 999.0 11.70   2.30     4 99.00 99.00
2008 12 03 18 00     1.0 99.00 999.00 99.00 999.0 11.70   2.50     4 99.00 99.00
2008 12 03 19 00     1.0 99.00 999.00 99.00 999.0 11.70   2.70     4 99.00 99.00
2008 12 03 20 00     1.0 99.00 999.00 99.00 999.0 11.70   2.60     3 99.00 99.00
2008 12 03 21 00     1.0 99.00 999.00 99.00 999.0 11.70   2.70     3 99.00 99.00
2008 12 03 22 00     1.0 99.00 999.00 99.00 999.0 11.60   3.00     4 99.00 99.00
2008 12 03 23 00     1.0 99.00 999.00 99.00 999.0 11.30   2.70     4 99.00 99.00
2008 12 04 00 00     1.0 99.00 999.00 99.00 999.0 11.10   2.40     4 99.00 99.00
2008 12 04 01 00     1.0 99.00 999.00 99.00 999.0 11.10   2.40     5 99.00 99.00
2008 12 04 02 00     1.0 99.00 999.00 99.00 999.0 11.00   2.30     5 99.00 99.00
2008 12 04 03 00     1.0 99.00 999.00 99.00 999.0 11.00   2.30     4 99.00 99.00
2008 12 04 04 00     1.0 99.00 999.00 99.00 999.0 11.00   2.40     4 99.00 99.00
2008 12 04 05 00     1.0 99.00 999.00 99.00 999.0 11.00   2.40     4 99.00 99.00
2008 12 04 06 00     1.0 99.00 999.00 99.00 999.0 11.00   2.40     4 99.00 99.00
2008 12 04 07 00     1.0 99.00 999.00 99.00 999.0 11.00   2.50     4 99.00 99.00
2008 12 04 08 00     1.0 99.00 999.00 99.00 999.0 11.00   2.60     4 99.00 99.00
2008 12 04 09 00     1.0 99.00 999.00 99.00 999.0 11.00   2.70     4 99.00 99.00
2008 12 04 10 00     1.0 99.00 999.00 99.00 999.0 11.00   2.60     4 99.00 99.00
2008 12 04 11 00     1.0 99.00 999.00 99.00 999.0 11.10   2.90     4 99.00 99.00
2008 12 04 12 00     1.0 99.00 999.00 99.00 999.0 11.20   3.20     4 99.00 99.00
2008 12 04 13 00     1.0 99.00 999.00 99.00 999.0 11.30   3.20     4 99.00 99.00
2008 12 04 14 00     1.0 99.00 999.00 99.00 999.0 11.40   3.10     4 99.00 99.00
2008 12 04 15 00     1.0 99.00 999.00 99.00 999.0 11.60   2.90     4 99.00 99.00
2008 12 04 16 00     1.0 99.00 999.00 99.00 999.0 11.80   2.70     4 99.00 99.00
2008 12 04 17 00     1.0 99.00 999.00 99.00 999.0 11.90   2.70     3 99.00 99.00
2008 12 04 18 00     1.0 99.00 999.00 99.00 999.0 12.00   2.90     3 99.00 99.00
2008 12 04 19 00     1.0 99.00 999.00 99.00 999.0 12.30   3.00     4 99.00 99.00
2008 12 04 20 00     1.0 99.00 999.00 99.00 999.0 12.20   3.20     3 99.00 99.00
2008 12 04 21 00     1.0 99.00 999.00 99.00 999.0 12.30   3.40     3 99.00 99.00
2008 12 04 22 00     1.0 99.00 999.00 99.00 999.0 12.00   3.60     3 99.00 99.00
2008 12 04 23 00     1.0 99.00 999.00 99.00 999.0 12.00   3.30     3 99.00 99.00
2008 12 05 00 00     1.0 99.00 999.00 99.00 999.0 11.70   2.90     4 99.00 99.00
2008 12 05 01 00     1.0 99.00 999.00 99.00 999.0 11.70   3.00     3 99.00 99.00
2008 12 05 02 00     1.0 99.00 999.00 99.00 999.0 11.50   2.70     4 99.00 99.00
2008 12 05 03 00     1.0 99.00 999.00 99.00 999.0 11.40   2.60     4 99.00 99.00
2008 12 05 04 00     1.0 99.00 999.00 99.00 999.0 11.30   2.70     4 99.00 99.00
2008 12 05 05 00     1.0 99.00 999.00 99.00 999.0 11.30   3.00     3 99.00 99.00
2008 12 05 06 00     1.0 99.00 999.00 99.00 999.0 11.30   2.80     3 99.00 99.00
2008 12 05 07 00     1.0 99.00 999.00 99.00 999.0 11.30   2.80     3 99.00 99.00
2008 12 05 08 00     1.0 99.00 999.00 99.00 999.0 11.30   2.90     3 99.00 99.00
2008 12 05 09 00     1.0 99.00 999.00 99.00 999.0 11.20   2.80     3 99.00 99.00
2008 12 05 10 00     1.0 99.00 999.00 99.00 999.0 11.20   2.70     3 99.00 99.00
2008 12 05 11 00     1.0 99.00 999.00 99.00 999.0 11.20   2.80     3 99.00 99.00
2008 12 05 12 00     1.0 99.00 999.00 99.00 999.0 11.20   3.20     3 99.00 99.00
2008 12 05 13 00     1.0 99.00 999.00 99.00 999.0 11.30   3.10     3 99.00 99.00
2008 12 05 14 00     1.0 99.00 999.00 99.00 999.0 11.50   2.80     3 99.00 99.00
2008 12 05 15 00     1.0 99.00 999.00 99.00 999.0 11.70   2.50     3 99.00 99.00
2008 12 05 16 00     1.0 99.00 999.00 99.00 999.0 11.90   2.50     4 99.00 99.00
2008 12 05 17 00     1.0 99.00 999.00 99.00 999.0 11.90   2.50     4 99.00 99.00
2008 12 05 18 00     1.0 99.00 999.00 99.00 999.0 11.70   2.80     4 99.00 99.00
2008 12 05 19 00     1.0 99.00 999.00 99.00 999.0 11.80   3.30     3 99.00 99.00
2008 12 05 20 00     1.0 99.00 999.00 99.00 999.0 11.90   3.40     3 99.00 99.00
2008 12 05 21 00     1.0 99.00 999.00 99.00 999.0 11.90   3.50     3 99.00 99.00
2008 12 05 22 00     1.0 99.00 999.00 99.00 999.0 11.90 999.00     3 99.00 99.00
2008 12 05 23 00     1.0 99.00 999.00 99.00 999.0 11.80   4.10     3 99.00 99.00
2008 12 06 00 00     1.0 99.00 999.00 99.00 999.0 11.90   3.80     3 99.00 99.00
2008 12 06 01 00     1.0 99.00 999.00 99.00 999.0 11.80   3.50     3 99.00 99.00
2008 12 06 02 00     1.0 99.00 999.00 99.00 999.0 11.60   3.40     4 99.00 99.00
2008 12 06 03 00     1.0 99.00 999.00 99.00 999.0 11.50   3.30     4 99.00 99.00
2008 12 06 04 00     1.0 99.00 999.00 99.00 999.0 11.50   3.50     4 99.00 99.00
2008 12 06 05 00     1.0 99.00 999.00 99.00 999.0 11.40   3.80     4 99.00 99.00
2008 12 06 06 00     1.0 99.00 999.00 99.00 999.0 11.50   3.50     3 99.00 99.00
2008 12 06 07 00     1.0 99.00 999.00 99.00 999.0 11.50   3.50     3 99.00 99.00
2008 12 06 08 00     1.0 99.00 999.00 99.00 999.0 11.40   3.40     3 99.00 99.00
2008 12 06 09 00     1.0 99.00 999.00 99.00 999.0 11.40   3.50     3 99.00 99.00
2008 12 06 10 00     1.0 99.00 999.00 99.00 999.0 11.40   3.40     4 99.00 99.00
2008 12 06 11 00     1.0 99.00 999.00 99.00 999.0 11.40   3.80     3 99.00 99.00
2008 12 06 12 00     1.0 99.00 999.00 99.00 999.0 11.40   3.80     3 99.00 99.00
2008 12 06 13 00     1.0 99.00 999.00 99.00 999.0 11.40   3.40     3 99.00 99.00
2008 12 06 14 00     1.0 99.00 999.00 99.00 999.0 11.40   2.40     3 99.00 99.00
2008 12 06 15 00     1.0 99.00 999.00 99.00 999.0 11.70   2.90     4 99.00 99.00
2008 12 06 16 00     1.0 99.00 999.00 99.00 999.0 12.10   2.50     4 99.00 99.00
2008 12 06 17 00     1.0 99.00 999.00 99.00 999.0 12.20   3.00     3 99.00 99.00
2008 12 06 18 00     1.0 99.00 999.00 99.00 999.0 12.20   3.30     3 99.00 99.00
2008 12 06 19 00     1.0 99.00 999.00 99.00 999.0 12.20   3.40     3 99.00 99.00
2008 12 06 20 00     1.0 99.00 999.00 99.00 999.0 12.20   3.70     3 99.00 99.00
2008 12 06 21 00     1.0 99.00 999.00 99.00 999.0 12.10   3.80     3 99.00 99.00
2008 12 06 22 00     1.0 99.00 999.00 99.00 999.0 12.10   3.80     3 99.00 99.00
2008 12 06 23 00     1.0 99.00 999.00 99.00 999.0 12.10   4.00     4 99.00 99.00
2008 12 07 00 00     1.0 99.00 999.00 99.00 999.0 12.00   3.60     3 99.00 99.00
2008 12 07 01 00     1.0 99.00 999.00 99.00 999.0 11.80   3.40     3 99.00 99.00
2008 12 07 02 00     1.0 99.00 999.00 99.00 999.0 11.50   3.10     3 99.00 99.00
2008 12 07 03 00     1.0 99.00 999.00 99.00 999.0 11.50   3.30     3 99.00 99.00
2008 12 07 04 00     1.0 99.00 999.00 99.00 999.0 11.50   3.40     3 99.00 99.00
2008 12 07 05 00     1.0 99.00 999.00 99.00 999.0 11.50   3.70     3 99.00 99.00
2008 12 07 06 00     1.0 99.00 999.00 99.00 999.0 11.50   3.60     3 99.00 99.00
2008 12 07 07 00     1.0 99.00 999.00 99.00 999.0 11.50   3.60     3 99.00 99.00
2008 12 07 08 00     1.0 99.00 999.00 99.00 999.0 11.50   3.80     3 99.00 99.00
2008 12 07 09 00     1.0 99.00 999.00 99.00 999.0 11.50   3.70     3 99.00 99.00
2008 12 07 10 00     1.0 99.00 999.00 99.00 999.0 11.50   3.50     3 99.00 99.00
2008 12 07 11 00     1.0 99.00 999.00 99.00 999.0 11.50   3.40     3 99.00 99.00
2008 12 07 12 00     1.0 99.00 999.00 99.00 999.0 11.40   3.20     3 99.00 99.00
2008 12 07 13 00     1.0 99.00 999.00 99.00 999.0 11.40   2.90     3 99.00 99.00
2008 12 07 14 00     1.0 99.00 999.00 99.00 999.0 11.40   3.00     3 99.00 99.00
2008 12 07 15 00     1.0 99.00 999.00 99.00 999.0 11.50   2.30     3 99.00 99.00
2008 12 07 16 00     1.0 99.00 999.00 99.00 999.0 11.40   2.90     3 99.00 99.00
2008 12 07 17 00     1.0 99.00 999.00 99.00 999.0 11.50   2.50     3 99.00 99.00
2008 12 07 18 00     1.0 99.00 999.00 99.00 999.0 11.50   2.60     3 99.00 99.00
2008 12 07 19 00     1.0 99.00 999.00 99.00 999.0 11.50   3.10     3 99.00 99.00
2008 12 07 20 00     1.0 99.00 999.00 99.00 999.0 11.50   3.00     3 99.00 99.00
2008 12 07 21 00     1.0 99.00 999.00 99.00 999.0 11.50   3.10     3 99.00 99.00
2008 12 07 22 00     1.0 99.00 999.00 99.00 999.0 11.50   3.30     3 99.00 99.00
2008 12 07 23 00     1.0 99.00 999.00 99.00 999.0 11.60   3.80     3 99.00 99.00
2008 12 08 00 00     1.0 99.00 999.00 99.00 999.0 11.70   3.60     7 99.00 99.00
2008 12 08 01 00     1.0 99.00 999.00 99.00 999.0 11.80   4.10     5 99.00 99.00
2008 12 08 02 00     1.0 99.00 999.00 99.00 999.0 11.80   4.20     7 99.00 99.00
2008 12 08 03 00     1.0 99.00 999.00 99.00 999.0 11.90   4.50     8 99.00 99.00
2008 12 08 04 00     1.0 99.00 999.00 99.00 999.0 12.00   4.60     6 99.00 99.00
2008 12 08 05 00     1.0 99.00 999.00 99.00 999.0 11.80   4.10     5 99.00 99.00
2008 12 08 06 00     1.0 99.00 999.00 99.00 999.0 11.80   4.10     5 99.00 99.00
2008 12 08 07 00     1.0 99.00 999.00 99.00 999.0 11.70   4.30     4 99.00 99.00
2008 12 08 08 00     1.0 99.00 999.00 99.00 999.0 11.70   4.30     4 99.00 99.00
2008 12 08 09 00     1.0 99.00 999.00 99.00 999.0 11.70   4.30     4 99.00 99.00
2008 12 08 10 00     1.0 99.00 999.00 99.00 999.0 11.70   4.40     4 99.00 99.00
2008 12 08 11 00     1.0 99.00 999.00 99.00 999.0 11.70   4.30     4 99.00 99.00
2008 12 08 12 00     1.0 99.00 999.00 99.00 999.0 11.70   4.40     3 99.00 99.00
2008 12 08 13 00     1.0 99.00 999.00 99.00 999.0 11.90   4.20     4 99.00 99.00
2008 12 08 14 00     1.0 99.00 999.00 99.00 999.0 12.40   4.10     4 99.00 99.00
2008 12 08 15 00     1.0 99.00 999.00 99.00 999.0 11.90   3.50     6 99.00 99.00
2008 12 08 16 00     1.0 99.00 999.00 99.00 999.0 11.60   3.40     6 99.00 99.00
2008 12 08 17 00     1.0 99.00 999.00 99.00 999.0 11.60   3.70     5 99.00 99.00
2008 12 08 18 00     1.0 99.00 999.00 99.00 999.0 11.60   4.00     5 99.00 99.00
2008 12 08 19 00     1.0 99.00 999.00 99.00 999.0 11.70   4.20     4 99.00 99.00
2008 12 08 20 00     1.0 99.00 999.00 99.00 999.0 11.70   4.20     4 99.00 99.00
2008 12 08 21 00     1.0 99.00 999.00 99.00 999.0 11.70   4.60     4 99.00 99.00
2008 12 08 22 00     1.0 99.00 999.00 99.00 999.0 11.70   4.90     4 99.00 99.00
2008 12 08 23 00     1.0 99.00 999.00 99.00 999.0 11.70   5.20     4 99.00 99.00
2008 12 09 00 00     1.0 99.00 999.00 99.00 999.0 11.70   4.50     5 99.00 99.00
2008 12 09 01 00     1.0 99.00 999.00 99.00 999.0 11.70   4.30     4 99.00 99.00
2008 12 09 02 00     1.0 99.00 999.00 99.00 999.0 11.60   4.20     4 99.00 99.00
2008 12 09 03 00     1.0 99.00 999.00 99.00 999.0 11.50   4.40     5 99.00 99.00
2008 12 09 04 00     1.0 99.00 999.00 99.00 999.0 11.60   4.80     5 99.00 99.00
2008 12 09 05 00     1.0 99.00 999.00 99.00 999.0 11.70   4.60     5 99.00 99.00
2008 12 09 06 00     1.0 99.00 999.00 99.00 999.0 11.70   4.80     5 99.00 99.00
2008 12 09 07 00     1.0 99.00 999.00 99.00 999.0 11.70   5.00     4 99.00 99.00
2008 12 09 08 00     1.0 99.00 999.00 99.00 999.0 11.70   5.10     4 99.00 99.00
2008 12 09 09 00     1.0 99.00 999.00 99.00 999.0 11.60   4.90     4 99.00 99.00
2008 12 09 10 00     1.0 99.00 999.00 99.00 999.0 11.60   4.70     4 99.00 99.00
2008 12 09 11 00     1.0 99.00 999.00 99.00 999.0 11.60   4.90     4 99.00 99.00
2008 12 09 12 00     1.0 99.00 999.00 99.00 999.0 11.60   5.10     4 99.00 99.00
2008 12 09 13 00     1.0 99.00 999.00 99.00 999.0 11.60   4.70     4 99.00 99.00
2008 12 09 14 00     1.0 99.00 999.00 99.00 999.0 11.60   4.60     4 99.00 99.00
2008 12 09 15 00     1.0 99.00 999.00 99.00 999.0 11.70   3.80     4 99.00 99.00
2008 12 09 16 00     1.0 99.00 999.00 99.00 999.0 11.70   3.80     4 99.00 99.00
2008 12 09 17 00     1.0 99.00 999.00 99.00 999.0 11.90   4.10     4 99.00 99.00
2008 12 09 18 00     1.0 99.00 999.00 99.00 999.0 12.00   3.60     4 99.00 99.00
2008 12 09 19 00     1.0 99.00 999.00 99.00 999.0 12.10   4.50     4 99.00 99.00
2008 12 09 20 00     1.0 99.00 999.00 99.00 999.0 12.10   4.50     4 99.00 99.00
2008 12 09 21 00     1.0 99.00 999.00 99.00 999.0 12.00   4.80     4 99.00 99.00
2008 12 09 22 00     1.0 99.00 999.00 99.00 999.0 11.90   6.10     4 99.00 99.00
2008 12 09 23 00     1.0 99.00 999.00 99.00 999.0 11.90   5.60     4 99.00 99.00
2008 12 10 00 00     1.0 99.00 999.00 99.00 999.0 11.80   5.60     4 99.00 99.00
2008 12 10 01 00     1.0 99.00 999.00 99.00 999.0 11.80   5.10     4 99.00 99.00
2008 12 10 02 00     1.0 99.00 999.00 99.00 999.0 11.90   4.90     4 99.00 99.00
2008 12 10 03 00     1.0 99.00 999.00 99.00 999.0 11.90   4.00     4 99.00 99.00
2008 12 10 04 00     1.0 99.00 999.00 99.00 999.0 11.70   3.90     4 99.00 99.00
2008 12 10 05 00     1.0 99.00 999.00 99.00 999.0 11.70   3.90     4 99.00 99.00
2008 12 10 06 00     1.0 99.00 999.00 99.00 999.0 11.60   3.90     4 99.00 99.00
2008 12 10 07 00     1.0 99.00 999.00 99.00 999.0 11.70   3.70     4 99.00 99.00
2008 12 10 08 00     1.0 99.00 999.00 99.00 999.0 11.70   3.70     4 99.00 99.00
2008 12 10 09 00     1.0 99.00 999.00 99.00 999.0 11.60   3.70     4 99.00 99.00
2008 12 10 10 00     1.0 99.00 999.00 99.00 999.0 11.60   3.70     4 99.00 99.00
2008 12 10 11 00     1.0 99.00 999.00 99.00 999.0 11.60   3.70     3 99.00 99.00
2008 12 10 12 00     1.0 99.00 999.00 99.00 999.0 11.60   3.70     4 99.00 99.00
2008 12 10 13 00     1.0 99.00 999.00 99.00 999.0 11.60   3.80     4 99.00 99.00
2008 12 10 14 00     1.0 99.00 999.00 99.00 999.0 11.60   3.70     4 99.00 99.00
2008 12 10 15 00     1.0 99.00 999.00 99.00 999.0 11.60   3.60     4 99.00 99.00
2008 12 10 16 00     1.0 99.00 999.00 99.00 999.0 11.60   3.60     4 99.00 99.00
2008 12 10 17 00     1.0 99.00 999.00 99.00 999.0 11.60   3.90     4 99.00 99.00
2008 12 10 18 00     1.0 99.00 999.00 99.00 999.0 11.60   3.80     4 99.00 99.00
2008 12 10 19 00     1.0 99.00 999.00 99.00 999.0 11.70   3.80     4 99.00 99.00
2008 12 10 20 00     1.0 99.00 999.00 99.00 999.0 11.70   4.00     4 99.00 99.00
2008 12 10 21 00     1.0 99.00 999.00 99.00 999.0 11.60   4.30     4 99.00 99.00
2008 12 10 22 00     1.0 99.00 999.00 99.00 999.0 11.50   4.70     4 99.00 99.00
2008 12 10 23 00     1.0 99.00 999.00 99.00 999.0 11.50   5.00     4 99.00 99.00
2008 12 11 00 00     1.0 99.00 999.00 99.00 999.0 11.50   4.50     3 99.00 99.00
2008 12 11 01 00     1.0 99.00 999.00 99.00 999.0 11.60   4.50     4 99.00 99.00
2008 12 11 02 00     1.0 99.00 999.00 99.00 999.0 11.70   3.90     4 99.00 99.00
2008 12 11 03 00     1.0 99.00 999.00 99.00 999.0 12.20   3.90     4 99.00 99.00
2008 12 11 04 00     1.0 99.00 999.00 99.00 999.0 12.30   3.50     4 99.00 99.00
2008 12 11 05 00     1.0 99.00 999.00 99.00 999.0 12.10   3.00     4 99.00 99.00
2008 12 11 06 00     1.0 99.00 999.00 99.00 999.0 11.70   2.90     4 99.00 99.00
2008 12 11 07 00     1.0 99.00 999.00 99.00 999.0 11.90   3.10     4 99.00 99.00
2008 12 11 08 00     1.0 99.00 999.00 99.00 999.0 11.90   3.10     4 99.00 99.00
2008 12 11 09 00     1.0 99.00 999.00 99.00 999.0 11.90   3.20     4 99.00 99.00
2008 12 11 10 00     1.0 99.00 999.00 99.00 999.0 11.90   3.20     4 99.00 99.00
2008 12 11 11 00     1.0 99.00 999.00 99.00 999.0 11.90   3.10     4 99.00 99.00
2008 12 11 12 00     1.0 99.00 999.00 99.00 999.0 11.90   3.20     4 99.00 99.00
2008 12 11 13 00     1.0 99.00 999.00 99.00 999.0 11.80   3.10     4 99.00 99.00
2008 12 11 14 00     1.0 99.00 999.00 99.00 999.0 11.80   3.30     4 99.00 99.00
2008 12 11 15 00     1.0 99.00 999.00 99.00 999.0 11.60   3.50     4 99.00 99.00
2008 12 11 16 00     1.0 99.00 999.00 99.00 999.0 11.80   3.30     4 99.00 99.00
2008 12 11 17 00     1.0 99.00 999.00 99.00 999.0 11.80   3.30     4 99.00 99.00
2008 12 11 18 00     1.0 99.00 999.00 99.00 999.0 11.80   3.30     5 99.00 99.00
2008 12 11 19 00     1.0 99.00 999.00 99.00 999.0 11.90   3.40     4 99.00 99.00
2008 12 11 20 00     1.0 99.00 999.00 99.00 999.0 11.90   3.40     4 99.00 99.00
2008 12 11 21 00     1.0 99.00 999.00 99.00 999.0 11.90   3.40     4 99.00 99.00
2008 12 11 22 00     1.0 99.00 999.00 99.00 999.0 11.80   3.50     4 99.00 99.00
2008 12 11 23 00     1.0 99.00 999.00 99.00 999.0 11.90   3.10     4 99.00 99.00
2008 12 12 00 00     1.0 99.00 999.00 99.00 999.0 11.80   2.70     4 99.00 99.00
2008 12 12 01 00     1.0 99.00 999.00 99.00 999.0 11.80   2.70     5 99.00 99.00
2008 12 12 02 00     1.0 99.00 999.00 99.00 999.0 11.80   2.50     5 99.00 99.00
2008 12 12 03 00     1.0 99.00 999.00 99.00 999.0 11.60   3.00     5 99.00 99.00
2008 12 12 04 00     1.0 99.00 999.00 99.00 999.0 11.60   3.40     5 99.00 99.00
2008 12 12 05 00     1.0 99.00 999.00 99.00 999.0 11.60   3.40     5 99.00 99.00
2008 12 12 06 00     1.0 99.00 999.00 99.00 999.0 11.70   3.30     5 99.00 99.00
2008 12 12 07 00     1.0 99.00 999.00 99.00 999.0 11.70   3.40     5 99.00 99.00
2008 12 12 08 00     1.0 99.00 999.00 99.00 999.0 11.70   3.50     5 99.00 99.00
2008 12 12 09 00     1.0 99.00 999.00 99.00 999.0 11.70   4.00     5 99.00 99.00
2008 12 12 10 00     1.0 99.00 999.00 99.00 999.0 11.70   3.40     5 99.00 99.00
2008 12 12 11 00     1.0 99.00 999.00 99.00 999.0 11.70   3.40     4 99.00 99.00
2008 12 12 12 00     1.0 99.00 999.00 99.00 999.0 11.70   3.30     5 99.00 99.00
2008 12 12 13 00     1.0 99.00 999.00 99.00 999.0 11.70   3.40     5 99.00 99.00
2008 12 12 14 00     1.0 99.00 999.00 99.00 999.0 11.90   3.60     5 99.00 99.00
2008 12 12 15 00     1.0 99.00 999.00 99.00 999.0 11.70   2.20     7 99.00 99.00
2008 12 12 16 00     1.0 99.00 999.00 99.00 999.0 11.60   2.20     7 99.00 99.00
2008 12 12 17 00     1.0 99.00 999.00 99.00 999.0 11.70   2.40     7 99.00 99.00
2008 12 12 18 00     1.0 99.00 999.00 99.00 999.0 11.70   1.90     8 99.00 99.00
2008 12 12 19 00     1.0 99.00 999.00 99.00 999.0 11.50   2.30    10 99.00 99.00
2008 12 12 20 00     1.0 99.00 999.00 99.00 999.0 11.60   4.10    15 99.00 99.00
2008 12 12 21 00     1.0 99.00 999.00 99.00 999.0 11.80   3.10    12 99.00 99.00
2008 12 12 22 00     1.0 99.00 999.00 99.00 999.0 11.80   2.90    10 99.00 99.00
2008 12 12 23 00     1.0 99.00 999.00 99.00 999.0 11.90   3.10     9 99.00 99.00
2008 12 13 00 00     1.0 99.00 999.00 99.00 999.0 11.90   3.10     8 99.00 99.00
2008 12 13 01 00     1.0 99.00 999.00 99.00 999.0 11.80   3.50    12 99.00 99.00
2008 12 13 02 00     1.0 99.00 999.00 99.00 999.0 11.90   2.80    11 99.00 99.00
2008 12 13 03 00     1.0 99.00 999.00 99.00 999.0 12.10   2.20     8 99.00 99.00
2008 12 13 04 00     1.0 99.00 999.00 99.00 999.0 12.20   2.20     8 99.00 99.00
2008 12 13 05 00     1.0 99.00 999.00 99.00 999.0 12.20   2.20     8 99.00 99.00
2008 12 13 06 00     1.0 99.00 999.00 99.00 999.0 12.20   2.10     8 99.00 99.00
2008 12 13 07 00     1.0 99.00 999.00 99.00 999.0 12.10   2.10     9 99.00 99.00
2008 12 13 08 00     1.0 99.00 999.00 99.00 999.0 12.10   1.90     9 99.00 99.00
2008 12 13 09 00     1.0 99.00 999.00 99.00 999.0 12.30   1.90     9 99.00 99.00
2008 12 13 10 00     1.0 99.00 999.00 99.00 999.0 12.30   1.90     9 99.00 99.00
2008 12 13 11 00     1.0 99.00 999.00 99.00 999.0 12.30   1.90    10 99.00 99.00
2008 12 13 12 00     1.0 99.00 999.00 99.00 999.0 12.40   1.90    10 99.00 99.00
2008 12 13 13 00     1.0 99.00 999.00 99.00 999.0 12.50   1.70     8 99.00 99.00
2008 12 13 14 00     1.0 99.00 999.00 99.00 999.0 12.60   1.30     9 99.00 99.00
2008 12 13 15 00     1.0 99.00 999.00 99.00 999.0 12.60   1.50    14 99.00 99.00
2008 12 13 16 00     1.0 99.00 999.00 99.00 999.0 12.50   1.40    13 99.00 99.00
2008 12 13 17 00     1.0 99.00 999.00 99.00 999.0 12.60   1.30    11 99.00 99.00
2008 12 13 18 00     1.0 99.00 999.00 99.00 999.0 12.70   1.20     9 99.00 99.00
2008 12 13 19 00     1.0 99.00 999.00 99.00 999.0 12.90   1.10     9 99.00 99.00
2008 12 13 20 00     1.0 99.00 999.00 99.00 999.0 13.00   1.20     9 99.00 99.00
2008 12 13 21 00     1.0 99.00 999.00 99.00 999.0 13.10   1.60    12 99.00 99.00
2008 12 13 22 00     1.0 99.00 999.00 99.00 999.0 13.10   2.20    14 99.00 99.00
2008 12 13 23 00     1.0 99.00 999.00 99.00 999.0 13.00   2.60    15 99.00 99.00
2008 12 14 00 00     1.0 99.00 999.00 99.00 999.0 12.90   2.40    15 99.00 99.00
2008 12 14 01 00     1.0 99.00 999.00 99.00 999.0 12.90   2.10    13 99.00 99.00
2008 12 14 02 00     1.0 99.00 999.00 99.00 999.0 12.90   1.90    12 99.00 99.00
2008 12 14 03 00     1.0 99.00 999.00 99.00 999.0 12.90   1.80    11 99.00 99.00
2008 12 14 04 00     1.0 99.00 999.00 99.00 999.0 12.90   1.80    11 99.00 99.00
2008 12 14 05 00     1.0 99.00 999.00 99.00 999.0 12.90   1.90    11 99.00 99.00
2008 12 14 06 00     1.0 99.00 999.00 99.00 999.0 13.00   1.90    12 99.00 99.00
2008 12 14 07 00     1.0 99.00 999.00 99.00 999.0 12.90   1.90    14 99.00 99.00
2008 12 14 08 00     1.0 99.00 999.00 99.00 999.0 12.90   1.90    16 99.00 99.00
2008 12 14 09 00     1.0 99.00 999.00 99.00 999.0 12.80   1.90    18 99.00 99.00
2008 12 14 10 00     1.0 99.00 999.00 99.00 999.0 12.80   1.90    19 99.00 99.00
2008 12 14 11 00     1.0 99.00 999.00 99.00 999.0 12.70   2.00    20 99.00 99.00
2008 12 14 12 00     1.0 99.00 999.00 99.00 999.0 12.60   2.20    20 99.00 99.00
2008 12 14 13 00     1.0 99.00 999.00 99.00 999.0 12.50   2.40    22 99.00 99.00
2008 12 14 14 00     1.0 99.00 999.00 99.00 999.0 12.40   2.20    24 99.00 99.00
2008 12 14 15 00     1.0 99.00 999.00 99.00 999.0 12.40   2.20    25 99.00 99.00
2008 12 14 16 00     1.0 99.00 999.00 99.00 999.0 12.30   2.30    27 99.00 99.00
2008 12 14 17 00     1.0 99.00 999.00 99.00 999.0 12.20   2.50    29 99.00 99.00
2008 12 14 18 00     1.0 99.00 999.00 99.00 999.0 12.30   2.50    29 99.00 99.00
2008 12 14 19 00     1.0 99.00 999.00 99.00 999.0 12.20   2.90    32 99.00 99.00
2008 12 14 20 00     1.0 99.00 999.00 99.00 999.0 12.20   3.20    34 99.00 99.00
2008 12 14 21 00     1.0 99.00 999.00 99.00 999.0 12.30   3.90    36 99.00 99.00
2008 12 14 22 00     1.0 99.00 999.00 99.00 999.0 12.30   4.90    38 99.00 99.00
2008 12 14 23 00     1.0 99.00 999.00 99.00 999.0 12.30   5.70    39 99.00 99.00
2008 12 15 00 00     1.0 99.00 999.00 99.00 999.0 12.30   5.40    39 99.00 99.00
2008 12 15 01 00     1.0 99.00 999.00 99.00 999.0 12.30   5.30    39 99.00 99.00
2008 12 15 02 00     1.0 99.00 999.00 99.00 999.0 12.30   4.80    38 99.00 99.00
2008 12 15 03 00     1.0 99.00 999.00 99.00 999.0 12.30   4.40    36 99.00 99.00
2008 12 15 04 00     1.0 99.00 999.00 99.00 999.0 12.40   3.90    34 99.00 99.00
2008 12 15 05 00     1.0 99.00 999.00 99.00 999.0 12.40   3.70    35 99.00 99.00
2008 12 15 06 00     1.0 99.00 999.00 99.00 999.0 12.40   3.50    35 99.00 99.00
2008 12 15 07 00     1.0 99.00 999.00 99.00 999.0 12.40   3.40    35 99.00 99.00
2008 12 15 08 00     1.0 99.00 999.00 99.00 999.0 12.40   3.30    34 99.00 99.00
2008 12 15 09 00     1.0 99.00 999.00 99.00 999.0 12.50   3.30    34 99.00 99.00
2008 12 15 10 00     1.0 99.00 999.00 99.00 999.0 12.50   3.30    33 99.00 99.00
2008 12 15 11 00     1.0 99.00 999.00 99.00 999.0 12.50   3.30    32 99.00 99.00
2008 12 15 12 00     1.0 99.00 999.00 99.00 999.0 12.50   3.50    32 99.00 99.00
2008 12 15 13 00     1.0 99.00 999.00 99.00 999.0 12.10   3.60    31 99.00 99.00
2008 12 15 14 00     1.0 99.00 999.00 99.00 999.0 12.40   3.40    30 99.00 99.00
2008 12 15 15 00     1.0 99.00 999.00 99.00 999.0 12.40   3.20    30 99.00 99.00
2008 12 15 16 00     1.0 99.00 999.00 99.00 999.0 12.40   3.10    29 99.00 99.00
2008 12 15 17 00     1.0 99.00 999.00 99.00 999.0 12.40   3.40    29 99.00 99.00
2008 12 15 18 00     1.0 99.00 999.00 99.00 999.0 12.40   3.30    28 99.00 99.00
2008 12 15 19 00     1.0 99.00 999.00 99.00 999.0 12.40   3.70    28 99.00 99.00
2008 12 15 20 00     1.0 99.00 999.00 99.00 999.0 12.40   4.20    28 99.00 99.00
2008 12 15 21 00     1.0 99.00 999.00 99.00 999.0 12.40   4.40    28 99.00 99.00
2008 12 15 22 00     1.0 99.00 999.00 99.00 999.0 12.40   5.20    28 99.00 99.00
2008 12 15 23 00     1.0 99.00 999.00 99.00 999.0 12.40   5.80    28 99.00 99.00
2008 12 16 00 00     1.0 99.00 999.00 99.00 999.0 12.40   6.30    27 99.00 99.00
2008 12 16 01 00     1.0 99.00 999.00 99.00 999.0 12.30   5.90    27 99.00 99.00
2008 12 16 02 00     1.0 99.00 999.00 99.00 999.0 12.30   5.10    26 99.00 99.00
2008 12 16 03 00     1.0 99.00 999.00 99.00 999.0 12.30   4.50    25 99.00 99.00
2008 12 16 04 00     1.0 99.00 999.00 99.00 999.0 12.30   4.10    24 99.00 99.00
2008 12 16 05 00     1.0 99.00 999.00 99.00 999.0 12.30   3.90    24 99.00 99.00
2008 12 16 06 00     1.0 99.00 999.00 99.00 999.0 12.30   3.70    24 99.00 99.00
2008 12 16 07 00     1.0 99.00 999.00 99.00 999.0 12.40   3.70    24 99.00 99.00
2008 12 16 08 00     1.0 99.00 999.00 99.00 999.0 12.40   3.50    24 99.00 99.00
2008 12 16 09 00     1.0 99.00 999.00 99.00 999.0 12.40   3.50    24 99.00 99.00
2008 12 16 10 00     1.0 99.00 999.00 99.00 999.0 12.40   3.50    24 99.00 99.00
2008 12 16 11 00     1.0 99.00 999.00 99.00 999.0 12.40   3.50    24 99.00 99.00
2008 12 16 12 00     1.0 99.00 999.00 99.00 999.0 12.40   3.50    23 99.00 99.00
2008 12 16 13 00     1.0 99.00 999.00 99.00 999.0 12.30   3.70    23 99.00 99.00
2008 12 16 14 00     1.0 99.00 999.00 99.00 999.0 12.30   3.40    23 99.00 99.00
2008 12 16 15 00     1.0 99.00 999.00 99.00 999.0 12.30   3.30    23 99.00 99.00
2008 12 16 16 00     1.0 99.00 999.00 99.00 999.0 12.20   3.20    22 99.00 99.00
2008 12 16 17 00     1.0 99.00 999.00 99.00 999.0 12.30   3.30    22 99.00 99.00
2008 12 16 18 00     1.0 99.00 999.00 99.00 999.0 12.30   2.80    21 99.00 99.00
2008 12 16 19 00     1.0 99.00 999.00 99.00 999.0 12.30   3.50    21 99.00 99.00
2008 12 16 20 00     1.0 99.00 999.00 99.00 999.0 12.30   3.60    21 99.00 99.00
2008 12 16 21 00     1.0 99.00 999.00 99.00 999.0 12.30   3.80    20 99.00 99.00
2008 12 16 22 00     1.0 99.00 999.00 99.00 999.0 12.30   3.80    20 99.00 99.00
2008 12 16 23 00     1.0 99.00 999.00 99.00 999.0 12.30   3.80    20 99.00 99.00
2008 12 17 00 00     1.0 99.00 999.00 99.00 999.0 12.30   4.00    19 99.00 99.00
2008 12 17 01 00     1.0 99.00 999.00 99.00 999.0 12.30   4.20    19 99.00 99.00
2008 12 17 02 00     1.0 99.00 999.00 99.00 999.0 12.30   4.70    18 99.00 99.00
2008 12 17 03 00     1.0 99.00 999.00 99.00 999.0 12.30   4.60    18 99.00 99.00
2008 12 17 04 00     1.0 99.00 999.00 99.00 999.0 12.30   4.30    17 99.00 99.00
2008 12 17 05 00     1.0 99.00 999.00 99.00 999.0 12.20   4.00    17 99.00 99.00
2008 12 17 06 00     1.0 99.00 999.00 99.00 999.0 12.20   3.40    16 99.00 99.00
2008 12 17 07 00     1.0 99.00 999.00 99.00 999.0 12.10   3.10    16 99.00 99.00
2008 12 17 08 00     1.0 99.00 999.00 99.00 999.0 12.10   3.00    16 99.00 99.00
2008 12 17 09 00     1.0 99.00 999.00 99.00 999.0 12.10   3.00    16 99.00 99.00
2008 12 17 10 00     1.0 99.00 999.00 99.00 999.0 12.10   3.10    16 99.00 99.00
2008 12 17 13 00     1.0 99.00 999.00 99.00 999.0 12.20   3.20    16 99.00 99.00
2008 12 17 14 00     1.0 99.00 999.00 99.00 999.0 12.20   2.90    16 99.00 99.00
2008 12 17 15 00     1.0 99.00 999.00 99.00 999.0 12.20   2.70    16 99.00 99.00
2008 12 17 16 00     1.0 99.00 999.00 99.00 999.0 12.20   2.50    15 99.00 99.00
2008 12 17 17 00     1.0 99.00 999.00 99.00 999.0 12.20   2.60    15 99.00 99.00
2008 12 17 18 00     1.0 99.00 999.00 99.00 999.0 12.20   2.70    15 99.00 99.00
2008 12 17 19 00     1.0 99.00 999.00 99.00 999.0 12.20   2.40    15 99.00 99.00
2008 12 17 20 00     1.0 99.00 999.00 99.00 999.0 12.20   2.40    14 99.00 99.00
2008 12 17 21 00     1.0 99.00 999.00 99.00 999.0 12.10   3.40    14 99.00 99.00
2008 12 17 22 00     1.0 99.00 999.00 99.00 999.0 12.00   4.50    14 99.00 99.00
2008 12 17 23 00     1.0 99.00 999.00 99.00 999.0 12.10   3.90    14 99.00 99.00
2008 12 18 00 00     1.0 99.00 999.00 99.00 999.0 12.10   3.90    15 99.00 99.00
2008 12 18 01 00     1.0 99.00 999.00 99.00 999.0 12.10   3.90    15 99.00 99.00
2008 12 18 02 00     1.0 99.00 999.00 99.00 999.0 12.00   3.80    14 99.00 99.00
2008 12 18 03 00     1.0 99.00 999.00 99.00 999.0 12.00   3.60    13 99.00 99.00
2008 12 18 04 00     1.0 99.00 999.00 99.00 999.0 12.00   3.20    12 99.00 99.00
2008 12 18 05 00     1.0 99.00 999.00 99.00 999.0 12.00   3.00    12 99.00 99.00
2008 12 18 08 00     1.0 99.00 999.00 99.00 999.0 12.00   2.70    11 99.00 99.00
2008 12 18 09 00     1.0 99.00 999.00 99.00 999.0 12.00   2.70    11 99.00 99.00
2008 12 18 12 00     1.0 99.00 999.00 99.00 999.0 12.10   2.90    12 99.00 99.00
2008 12 18 13 00     1.0 99.00 999.00 99.00 999.0 12.00   2.70    12 99.00 99.00
2008 12 18 14 00     1.0 99.00 999.00 99.00 999.0 12.00   2.40    12 99.00 99.00
2008 12 18 15 00     1.0 99.00 999.00 99.00 999.0 12.10   2.20    12 99.00 99.00
2008 12 18 16 00     1.0 99.00 999.00 99.00 999.0 12.10   2.10    12 99.00 99.00
2008 12 18 17 00     1.0 99.00 999.00 99.00 999.0 12.20   1.70    12 99.00 99.00
2008 12 18 18 00     1.0 99.00 999.00 99.00 999.0 12.10   1.90    11 99.00 99.00
2008 12 18 19 00     1.0 99.00 999.00 99.00 999.0 12.10   2.00    11 99.00 99.00
2008 12 18 20 00     1.0 99.00 999.00 99.00 999.0 12.10   2.10    10 99.00 99.00
2008 12 18 21 00     1.0 99.00 999.00 99.00 999.0 12.00   2.40    10 99.00 99.00
2008 12 18 22 00     1.0 99.00 999.00 99.00 999.0 12.00   2.90    10 99.00 99.00
2008 12 18 23 00     1.0 99.00 999.00 99.00 999.0 12.00   3.10    11 99.00 99.00
2008 12 19 00 00     1.0 99.00 999.00 99.00 999.0 12.00   3.20    11 99.00 99.00
2008 12 19 04 00     1.0 99.00 999.00 99.00 999.0 11.90   3.30    11 99.00 99.00
2008 12 19 05 00     1.0 99.00 999.00 99.00 999.0 11.90   2.90    11 99.00 99.00
2008 12 19 06 00     1.0 99.00 999.00 99.00 999.0 11.90   2.50    11 99.00 99.00
2008 12 19 07 00     1.0 99.00 999.00 99.00 999.0 11.80   2.40    11 99.00 99.00
2008 12 19 08 00     1.0 99.00 999.00 99.00 999.0 11.70   2.30    10 99.00 99.00
2008 12 19 09 00     1.0 99.00 999.00 99.00 999.0 11.70   2.30    10 99.00 99.00
2008 12 19 10 00     1.0 99.00 999.00 99.00 999.0 11.70   2.50    11 99.00 99.00
2008 12 19 11 00     1.0 99.00 999.00 99.00 999.0 11.70   2.50    11 99.00 99.00
2008 12 19 12 00     1.0 99.00 999.00 99.00 999.0 11.80   2.40    11 99.00 99.00
2008 12 19 13 00     1.0 99.00 999.00 99.00 999.0 11.70   2.50    10 99.00 99.00
2008 12 19 14 00     1.0 99.00 999.00 99.00 999.0 11.80   2.40    11 99.00 99.00
2008 12 19 15 00     1.0 99.00 999.00 99.00 999.0 11.90   2.40    11 99.00 99.00
2008 12 19 16 00     1.0 99.00 999.00 99.00 999.0 11.90   2.40    11 99.00 99.00
2008 12 19 17 00     1.0 99.00 999.00 99.00 999.0 12.00   2.30    11 99.00 99.00
2008 12 19 18 00     1.0 99.00 999.00 99.00 999.0 11.90   2.20    10 99.00 99.00
2008 12 19 19 00     1.0 99.00 999.00 99.00 999.0 11.90   2.10    10 99.00 99.00
2008 12 19 20 00     1.0 99.00 999.00 99.00 999.0 11.80   2.20     9 99.00 99.00
2008 12 19 21 00     1.0 99.00 999.00 99.00 999.0 11.80   2.40    10 99.00 99.00
2008 12 19 22 00     1.0 99.00 999.00 99.00 999.0 11.80   2.70    10 99.00 99.00
2008 12 19 23 00     1.0 99.00 999.00 99.00 999.0 11.80   2.70    10 99.00 99.00
2008 12 20 00 00     1.0 99.00 999.00 99.00 999.0 11.80   2.90    10 99.00 99.00
2008 12 20 01 00     1.0 99.00 999.00 99.00 999.0 11.80   3.20    10 99.00 99.00
2008 12 20 02 00     1.0 99.00 999.00 99.00 999.0 11.90   3.20    10 99.00 99.00
2008 12 20 03 00     1.0 99.00 999.00 99.00 999.0 12.00   3.00    10 99.00 99.00
2008 12 20 04 00     1.0 99.00 999.00 99.00 999.0 12.10   2.60    10 99.00 99.00
2008 12 20 05 00     1.0 99.00 999.00 99.00 999.0 12.00   2.30    10 99.00 99.00
2008 12 20 06 00     1.0 99.00 999.00 99.00 999.0 11.90   2.10    10 99.00 99.00
2008 12 20 07 00     1.0 99.00 999.00 99.00 999.0 11.90   2.20    10 99.00 99.00
2008 12 20 08 00     1.0 99.00 999.00 99.00 999.0 11.90   2.20    10 99.00 99.00
2008 12 20 09 00     1.0 99.00 999.00 99.00 999.0 12.00   2.20    10 99.00 99.00
2008 12 20 10 00     1.0 99.00 999.00 99.00 999.0 12.00   2.10    10 99.00 99.00
2008 12 20 11 00     1.0 99.00 999.00 99.00 999.0 12.10   2.10    10 99.00 99.00
2008 12 20 12 00     1.0 99.00 999.00 99.00 999.0 12.10   2.10    10 99.00 99.00
2008 12 20 13 00     1.0 99.00 999.00 99.00 999.0 12.10   2.10    10 99.00 99.00
2008 12 20 14 00     1.0 99.00 999.00 99.00 999.0 12.10   1.70    11 99.00 99.00
2008 12 20 15 00     1.0 99.00 999.00 99.00 999.0 12.20   1.70    11 99.00 99.00
2008 12 20 16 00     1.0 99.00 999.00 99.00 999.0 12.20   1.90    11 99.00 99.00
2008 12 20 17 00     1.0 99.00 999.00 99.00 999.0 12.00   1.60    11 99.00 99.00
2008 12 20 18 00     1.0 99.00 999.00 99.00 999.0 11.90   1.70    11 99.00 99.00
2008 12 20 19 00     1.0 99.00 999.00 99.00 999.0 11.80   1.90    11 99.00 99.00
2008 12 20 20 00     1.0 99.00 999.00 99.00 999.0 11.90   2.10    11 99.00 99.00
2008 12 20 21 00     1.0 99.00 999.00 99.00 999.0 12.00   2.20    11 99.00 99.00
2008 12 20 22 00     1.0 99.00 999.00 99.00 999.0 12.10   2.30    11 99.00 99.00
2008 12 20 23 00     1.0 99.00 999.00 99.00 999.0 12.10   2.40    11 99.00 99.00
2008 12 21 00 00     1.0 99.00 999.00 99.00 999.0 12.20   2.70    11 99.00 99.00
2008 12 21 01 00     1.0 99.00 999.00 99.00 999.0 12.30   2.60    11 99.00 99.00
2008 12 21 02 00     1.0 99.00 999.00 99.00 999.0 12.20   2.50    11 99.00 99.00
2008 12 21 03 00     1.0 99.00 999.00 99.00 999.0 12.20   2.30    11 99.00 99.00
2008 12 21 04 00     1.0 99.00 999.00 99.00 999.0 12.10   2.10    11 99.00 99.00
2008 12 21 05 00     1.0 99.00 999.00 99.00 999.0 12.00   2.00    11 99.00 99.00
2008 12 21 06 00     1.0 99.00 999.00 99.00 999.0 12.10   2.00    11 99.00 99.00
2008 12 21 07 00     1.0 99.00 999.00 99.00 999.0 12.10   2.00    10 99.00 99.00
2008 12 21 08 00     1.0 99.00 999.00 99.00 999.0 12.10   2.00    11 99.00 99.00
2008 12 21 09 00     1.0 99.00 999.00 99.00 999.0 12.10   1.90    10 99.00 99.00
2008 12 21 10 00     1.0 99.00 999.00 99.00 999.0 12.20   1.90    10 99.00 99.00
2008 12 21 11 00     1.0 99.00 999.00 99.00 999.0 12.20   1.90    10 99.00 99.00
2008 12 21 12 00     1.0 99.00 999.00 99.00 999.0 12.20   1.90    10 99.00 99.00
2008 12 21 13 00     1.0 99.00 999.00 99.00 999.0 12.20   2.00    10 99.00 99.00
2008 12 21 14 00     1.0 99.00 999.00 99.00 999.0 12.20   1.90    10 99.00 99.00
2008 12 21 15 00     1.0 99.00 999.00 99.00 999.0 12.30   1.70    10 99.00 99.00
2008 12 21 16 00     1.0 99.00 999.00 99.00 999.0 12.30   1.50    10 99.00 99.00
2008 12 21 17 00     1.0 99.00 999.00 99.00 999.0 12.30   1.60    10 99.00 99.00
2008 12 21 18 00     1.0 99.00 999.00 99.00 999.0 12.20   1.30    10 99.00 99.00
2008 12 21 19 00     1.0 99.00 999.00 99.00 999.0 12.30   1.40    10 99.00 99.00
2008 12 21 20 00     1.0 99.00 999.00 99.00 999.0 12.30   1.40    10 99.00 99.00
2008 12 21 21 00     1.0 99.00 999.00 99.00 999.0 12.30   1.80    10 99.00 99.00
2008 12 21 22 00     1.0 99.00 999.00 99.00 999.0 12.30   1.80    10 99.00 99.00
2008 12 21 23 00     1.0 99.00 999.00 99.00 999.0 12.20   1.80     9 99.00 99.00
2008 12 22 00 00     1.0 99.00 999.00 99.00 999.0 12.30   2.00    10 99.00 99.00
2008 12 22 01 00     1.0 99.00 999.00 99.00 999.0 12.30   2.50    10 99.00 99.00
2008 12 22 02 00     1.0 99.00 999.00 99.00 999.0 12.30   2.40    10 99.00 99.00
2008 12 22 03 00     1.0 99.00 999.00 99.00 999.0 12.30   2.10    11 99.00 99.00
2008 12 22 05 00     1.0 99.00 999.00 99.00 999.0 12.30   1.90    12 99.00 99.00
2008 12 22 06 00     1.0 99.00 999.00 99.00 999.0 12.30   1.90    13 99.00 99.00
2008 12 22 07 00     1.0 99.00 999.00 99.00 999.0 12.30   1.90    13 99.00 99.00
2008 12 22 08 00     1.0 99.00 999.00 99.00 999.0 12.30   1.90    14 99.00 99.00
2008 12 22 09 00     1.0 99.00 999.00 99.00 999.0 12.20   1.90    14 99.00 99.00
2008 12 22 11 00     1.0 99.00 999.00 99.00 999.0 12.20   1.90    15 99.00 99.00
2008 12 22 12 00     1.0 99.00 999.00 99.00 999.0 12.30   1.90    16 99.00 99.00
2008 12 22 13 00     1.0 99.00 999.00 99.00 999.0 12.30   1.90    17 99.00 99.00
2008 12 22 14 00     1.0 99.00 999.00 99.00 999.0 12.20   1.70    16 99.00 99.00
2008 12 22 15 00     1.0 99.00 999.00 99.00 999.0 12.20   1.60    16 99.00 99.00
2008 12 22 16 00     1.0 99.00 999.00 99.00 999.0 12.20   1.60    16 99.00 99.00
2008 12 22 18 00     1.0 99.00 999.00 99.00 999.0 12.20   1.60    18 99.00 99.00
2008 12 22 19 00     1.0 99.00 999.00 99.00 999.0 12.30   1.70    20 99.00 99.00
2008 12 22 20 00     1.0 99.00 999.00 99.00 999.0 12.30   1.80    20 99.00 99.00
2008 12 22 21 00     1.0 99.00 999.00 99.00 999.0 12.30   2.00    20 99.00 99.00
2008 12 22 22 00     1.0 99.00 999.00 99.00 999.0 12.30   2.10    19 99.00 99.00
2008 12 22 23 00     1.0 99.00 999.00 99.00 999.0 12.20   2.10    18 99.00 99.00
2008 12 23 00 00     1.0 99.00 999.00 99.00 999.0 12.30   2.10    18 99.00 99.00
2008 12 23 01 00     1.0 99.00 999.00 99.00 999.0 12.30   2.30    19 99.00 99.00
2008 12 23 02 00     1.0 99.00 999.00 99.00 999.0 12.30   2.40    20 99.00 99.00
2008 12 23 03 00     1.0 99.00 999.00 99.00 999.0 12.40   2.40    20 99.00 99.00
2008 12 23 04 00     1.0 99.00 999.00 99.00 999.0 12.30   2.20    18 99.00 99.00
2008 12 23 05 00     1.0 99.00 999.00 99.00 999.0 12.30   2.10    18 99.00 99.00
2008 12 23 06 00     1.0 99.00 999.00 99.00 999.0 12.30   2.00    18 99.00 99.00
2008 12 23 07 00     1.0 99.00 999.00 99.00 999.0 12.40   2.00    18 99.00 99.00
2008 12 23 08 00     1.0 99.00 999.00 99.00 999.0 12.40   2.00    18 99.00 99.00
2008 12 23 09 00     1.0 99.00 999.00 99.00 999.0 12.40   2.10    18 99.00 99.00
2008 12 23 10 00     1.0 99.00 999.00 99.00 999.0 12.40   2.00    18 99.00 99.00
2008 12 23 11 00     1.0 99.00 999.00 99.00 999.0 12.40   2.00    18 99.00 99.00
2008 12 23 12 00     1.0 99.00 999.00 99.00 999.0 12.50   2.00    18 99.00 99.00
2008 12 23 13 00     1.0 99.00 999.00 99.00 999.0 12.50   1.90    17 99.00 99.00
2008 12 23 14 00     1.0 99.00 999.00 99.00 999.0 12.50   1.70    17 99.00 99.00
2008 12 23 15 00     1.0 99.00 999.00 99.00 999.0 12.50   1.70    17 99.00 99.00
2008 12 23 16 00     1.0 99.00 999.00 99.00 999.0 12.50   1.50    17 99.00 99.00
2008 12 23 17 00     1.0 99.00 999.00 99.00 999.0 12.60   1.40    16 99.00 99.00
2008 12 23 19 00     1.0 99.00 999.00 99.00 999.0 12.60   1.40    15 99.00 99.00
2008 12 23 20 00     1.0 99.00 999.00 99.00 999.0 12.60   1.60    15 99.00 99.00
2008 12 23 21 00     1.0 99.00 999.00 99.00 999.0 12.60   1.70    15 99.00 99.00
2008 12 23 22 00     1.0 99.00 999.00 99.00 999.0 12.60   1.80    15 99.00 99.00
2008 12 23 23 00     1.0 99.00 999.00 99.00 999.0 12.60   1.70    14 99.00 99.00
2008 12 24 00 00     1.0 99.00 999.00 99.00 999.0 12.60   1.80    15 99.00 99.00
2008 12 24 01 00     1.0 99.00 999.00 99.00 999.0 12.60   1.80    15 99.00 99.00
2008 12 24 02 00     1.0 99.00 999.00 99.00 999.0 12.60   1.80    15 99.00 99.00
2008 12 24 03 00     1.0 99.00 999.00 99.00 999.0 12.70   1.80    15 99.00 99.00
2008 12 24 04 00     1.0 99.00 999.00 99.00 999.0 12.80   1.70    15 99.00 99.00
2008 12 24 05 00     1.0 99.00 999.00 99.00 999.0 12.80   1.60    14 99.00 99.00
2008 12 24 08 00     1.0 99.00 999.00 99.00 999.0 12.60   1.80    14 99.00 99.00
2008 12 24 09 00     1.0 99.00 999.00 99.00 999.0 12.70   1.90    14 99.00 99.00
2008 12 24 10 00     1.0 99.00 999.00 99.00 999.0 12.60   1.90    14 99.00 99.00
2008 12 24 11 00     1.0 99.00 999.00 99.00 999.0 12.60   1.80    14 99.00 99.00
2008 12 24 12 00     1.0 99.00 999.00 99.00 999.0 12.60   1.80    13 99.00 99.00
2008 12 24 13 00     1.0 99.00 999.00 99.00 999.0 12.60   1.80    13 99.00 99.00
2008 12 24 14 00     1.0 99.00 999.00 99.00 999.0 12.60   1.70    14 99.00 99.00
2008 12 24 15 00     1.0 99.00 999.00 99.00 999.0 12.60   1.60    14 99.00 99.00
2008 12 24 16 00     1.0 99.00 999.00 99.00 999.0 12.60   1.50    14 99.00 99.00
2008 12 24 18 00     1.0 99.00 999.00 99.00 999.0 12.70   1.50    15 99.00 99.00
2008 12 24 19 00     1.0 99.00 999.00 99.00 999.0 12.70   1.50    15 99.00 99.00
2008 12 24 20 00     1.0 99.00 999.00 99.00 999.0 12.70   1.50    14 99.00 99.00
2008 12 24 21 00     1.0 99.00 999.00 99.00 999.0 12.70   1.70    14 99.00 99.00
2008 12 24 22 00     1.0 99.00 999.00 99.00 999.0 12.70   1.80    15 99.00 99.00
2008 12 24 23 00     1.0 99.00 999.00 99.00 999.0 12.70   1.70    14 99.00 99.00
2008 12 25 00 00     1.0 99.00 999.00 99.00 999.0 12.80   1.90    15 99.00 99.00
2008 12 25 01 00     1.0 99.00 999.00 99.00 999.0 12.70   1.90    15 99.00 99.00
2008 12 25 02 00     1.0 99.00 999.00 99.00 999.0 12.60   1.90    15 99.00 99.00
2008 12 25 03 00     1.0 99.00 999.00 99.00 999.0 12.70   1.90    15 99.00 99.00
2008 12 25 04 00     1.0 99.00 999.00 99.00 999.0 12.70   1.80    15 99.00 99.00
2008 12 25 05 00     1.0 99.00 999.00 99.00 999.0 12.70   1.80    15 99.00 99.00
2008 12 25 06 00     1.0 99.00 999.00 99.00 999.0 12.70   1.70    15 99.00 99.00
2008 12 25 07 00     1.0 99.00 999.00 99.00 999.0 12.70   1.70    15 99.00 99.00
2008 12 25 08 00     1.0 99.00 999.00 99.00 999.0 12.70   1.70    15 99.00 99.00
2008 12 25 09 00     1.0 99.00 999.00 99.00 999.0 12.70   1.70    15 99.00 99.00
2008 12 25 10 00     1.0 99.00 999.00 99.00 999.0 12.70   1.70    15 99.00 99.00
2008 12 25 11 00     1.0 99.00 999.00 99.00 999.0 12.70   1.80    15 99.00 99.00
2008 12 25 12 00     1.0 99.00 999.00 99.00 999.0 12.70   1.80    15 99.00 99.00
2008 12 25 13 00     1.0 99.00 999.00 99.00 999.0 12.80   1.80    15 99.00 99.00
2008 12 25 14 00     1.0 99.00 999.00 99.00 999.0 12.70   1.60    14 99.00 99.00
2008 12 25 15 00     1.0 99.00 999.00 99.00 999.0 12.70   1.40    14 99.00 99.00
2008 12 25 16 00     1.0 99.00 999.00 99.00 999.0 12.60   1.40    15 99.00 99.00
2008 12 25 17 00     1.0 99.00 999.00 99.00 999.0 12.70   1.30    15 99.00 99.00
2008 12 25 18 00     1.0 99.00 999.00 99.00 999.0 12.60   1.20    14 99.00 99.00
2008 12 25 19 00     1.0 99.00 999.00 99.00 999.0 12.60   1.20    14 99.00 99.00
2008 12 25 20 00     1.0 99.00 999.00 99.00 999.0 12.70   1.30    14 99.00 99.00
2008 12 25 21 00     1.0 99.00 999.00 99.00 999.0 12.70   1.40    14 99.00 99.00
2008 12 25 22 00     1.0 99.00 999.00 99.00 999.0 12.70   1.70    14 99.00 99.00
2008 12 25 23 00     1.0 99.00 999.00 99.00 999.0 12.70   1.70    14 99.00 99.00
2008 12 26 00 00     1.0 99.00 999.00 99.00 999.0 12.70   1.70    14 99.00 99.00
2008 12 26 01 00     1.0 99.00 999.00 99.00 999.0 12.70   1.70    14 99.00 99.00
2008 12 26 02 00     1.0 99.00 999.00 99.00 999.0 12.70   1.70    14 99.00 99.00
2008 12 26 03 00     1.0 99.00 999.00 99.00 999.0 12.80   1.70    14 99.00 99.00
2008 12 26 04 00     1.0 99.00 999.00 99.00 999.0 12.80   1.60    13 99.00 99.00
2008 12 26 05 00     1.0 99.00 999.00 99.00 999.0 12.80   1.50    13 99.00 99.00
2008 12 26 06 00     1.0 99.00 999.00 99.00 999.0 12.80   1.50    13 99.00 99.00
2008 12 26 07 00     1.0 99.00 999.00 99.00 999.0 12.80   1.50    12 99.00 99.00
2008 12 26 08 00     1.0 99.00 999.00 99.00 999.0 12.80   1.50    12 99.00 99.00
2008 12 26 09 00     1.0 99.00 999.00 99.00 999.0 12.80   1.50    12 99.00 99.00
2008 12 26 10 00     1.0 99.00 999.00 99.00 999.0 12.80   1.50    12 99.00 99.00
2008 12 26 11 00     1.0 99.00 999.00 99.00 999.0 12.90   1.50    12 99.00 99.00
2008 12 26 12 00     1.0 99.00 999.00 99.00 999.0 12.90   1.50    12 99.00 99.00
2008 12 26 13 00     1.0 99.00 999.00 99.00 999.0 13.00   1.40    12 99.00 99.00
2008 12 26 14 00     1.0 99.00 999.00 99.00 999.0 13.00   1.20    12 99.00 99.00
2008 12 26 15 00     1.0 99.00 999.00 99.00 999.0 13.10   1.10    12 99.00 99.00
2008 12 26 16 00     1.0 99.00 999.00 99.00 999.0 13.20   1.00    12 99.00 99.00
2008 12 26 17 00     1.0 99.00 999.00 99.00 999.0 13.30   1.00    12 99.00 99.00
2008 12 26 18 00     1.0 99.00 999.00 99.00 999.0 13.40   1.00    12 99.00 99.00
2008 12 26 19 00     1.0 99.00 999.00 99.00 999.0 13.40   1.00    11 99.00 99.00
2008 12 26 20 00     1.0 99.00 999.00 99.00 999.0 13.40   1.00    11 99.00 99.00
2008 12 26 21 00     1.0 99.00 999.00 99.00 999.0 13.30   1.20    11 99.00 99.00
2008 12 26 22 00     1.0 99.00 999.00 99.00 999.0 13.20   1.30    10 99.00 99.00
2008 12 26 23 00     1.0 99.00 999.00 99.00 999.0 13.30   1.30    10 99.00 99.00
2008 12 27 00 00     1.0 99.00 999.00 99.00 999.0 13.30   1.30    10 99.00 99.00
2008 12 27 01 00     1.0 99.00 999.00 99.00 999.0 13.40   1.30    10 99.00 99.00
2008 12 27 02 00     1.0 99.00 999.00 99.00 999.0 13.50   1.30    10 99.00 99.00
2008 12 27 03 00     1.0 99.00 999.00 99.00 999.0 13.50   1.30    10 99.00 99.00
2008 12 27 04 00     1.0 99.00 999.00 99.00 999.0 13.50   1.30    10 99.00 99.00
2008 12 27 05 00     1.0 99.00 999.00 99.00 999.0 13.50   1.30    11 99.00 99.00
2008 12 27 06 00     1.0 99.00 999.00 99.00 999.0 13.50   1.40    11 99.00 99.00
2008 12 27 07 00     1.0 99.00 999.00 99.00 999.0 13.40   1.40    11 99.00 99.00
2008 12 27 08 00     1.0 99.00 999.00 99.00 999.0 13.50   1.30    11 99.00 99.00
2008 12 27 09 00     1.0 99.00 999.00 99.00 999.0 13.50   1.30    11 99.00 99.00
2008 12 27 10 00     1.0 99.00 999.00 99.00 999.0 13.50   1.30    11 99.00 99.00
2008 12 27 11 00     1.0 99.00 999.00 99.00 999.0 13.50   1.40    12 99.00 99.00
2008 12 27 12 00     1.0 99.00 999.00 99.00 999.0 13.60   1.40    12 99.00 99.00
2008 12 27 13 00     1.0 99.00 999.00 99.00 999.0 13.50   1.40    13 99.00 99.00
2008 12 27 14 00     1.0 99.00 999.00 99.00 999.0 13.50   1.20    13 99.00 99.00
2008 12 27 15 00     1.0 99.00 999.00 99.00 999.0 13.60   1.20    13 99.00 99.00
2008 12 27 16 00     1.0 99.00 999.00 99.00 999.0 13.60   1.20    13 99.00 99.00
2008 12 27 17 00     1.0 99.00 999.00 99.00 999.0 13.50   1.10    13 99.00 99.00
2008 12 27 18 00     1.0 99.00 999.00 99.00 999.0 13.60   1.20    13 99.00 99.00
2008 12 27 19 00     1.0 99.00 999.00 99.00 999.0 13.60   1.20    13 99.00 99.00
2008 12 27 20 00     1.0 99.00 999.00 99.00 999.0 13.60   1.20    14 99.00 99.00
2008 12 27 21 00     1.0 99.00 999.00 99.00 999.0 13.60   1.20    13 99.00 99.00
2008 12 27 22 00     1.0 99.00 999.00 99.00 999.0 13.60   1.40    14 99.00 99.00
2008 12 27 23 00     1.0 99.00 999.00 99.00 999.0 13.60   1.50    14 99.00 99.00
2008 12 28 00 00     1.0 99.00 999.00 99.00 999.0 13.50   1.50    14 99.00 99.00
2008 12 28 01 00     1.0 99.00 999.00 99.00 999.0 13.50   1.50    14 99.00 99.00
2008 12 28 02 00     1.0 99.00 999.00 99.00 999.0 13.40   1.50    14 99.00 99.00
2008 12 28 03 00     1.0 99.00 999.00 99.00 999.0 13.40   1.50    14 99.00 99.00
2008 12 28 04 00     1.0 99.00 999.00 99.00 999.0 13.40   1.50    14 99.00 99.00
2008 12 28 05 00     1.0 99.00 999.00 99.00 999.0 13.40   1.50    14 99.00 99.00
2008 12 28 06 00     1.0 99.00 999.00 99.00 999.0 13.40   1.50    14 99.00 99.00
2008 12 28 07 00     1.0 99.00 999.00 99.00 999.0 13.40   1.50    15 99.00 99.00
2008 12 28 08 00     1.0 99.00 999.00 99.00 999.0 13.40   1.50    14 99.00 99.00
2008 12 28 09 00     1.0 99.00 999.00 99.00 999.0 13.40   1.50    15 99.00 99.00
2008 12 28 10 00     1.0 99.00 999.00 99.00 999.0 13.30   1.50    15 99.00 99.00
2008 12 28 11 00     1.0 99.00 999.00 99.00 999.0 13.30   1.50    16 99.00 99.00
2008 12 28 12 00     1.0 99.00 999.00 99.00 999.0 13.20   1.50    16 99.00 99.00
2008 12 28 13 00     1.0 99.00 999.00 99.00 999.0 13.10   1.50    16 99.00 99.00
2008 12 28 14 00     1.0 99.00 999.00 99.00 999.0 13.10   1.40    16 99.00 99.00
2008 12 28 15 00     1.0 99.00 999.00 99.00 999.0 13.10   1.20    16 99.00 99.00
2008 12 28 16 00     1.0 99.00 999.00 99.00 999.0 13.10   1.30    15 99.00 99.00
2008 12 28 17 00     1.0 99.00 999.00 99.00 999.0 13.10   1.20    16 99.00 99.00
2008 12 28 19 00     1.0 99.00 999.00 99.00 999.0 13.10   1.30    16 99.00 99.00
2008 12 28 20 00     1.0 99.00 999.00 99.00 999.0 13.00   1.50    16 99.00 99.00
2008 12 28 21 00     1.0 99.00 999.00 99.00 999.0 13.00   1.50    16 99.00 99.00
2008 12 28 22 00     1.0 99.00 999.00 99.00 999.0 13.00   1.60    16 99.00 99.00
2008 12 28 23 00     1.0 99.00 999.00 99.00 999.0 13.00   1.60    16 99.00 99.00
2008 12 29 00 00     1.0 99.00 999.00 99.00 999.0 13.00   1.70    16 99.00 99.00
2008 12 29 01 00     1.0 99.00 999.00 99.00 999.0 13.00   1.70    16 99.00 99.00
2008 12 29 02 00     1.0 99.00 999.00 99.00 999.0 12.90   1.60    16 99.00 99.00
2008 12 29 03 00     1.0 99.00 999.00 99.00 999.0 12.90   1.60    15 99.00 99.00
2008 12 29 04 00     1.0 99.00 999.00 99.00 999.0 12.90   1.60    15 99.00 99.00
2008 12 29 05 00     1.0 99.00 999.00 99.00 999.0 12.90   1.60    16 99.00 99.00
2008 12 29 06 00     1.0 99.00 999.00 99.00 999.0 12.90   1.50    16 99.00 99.00
2008 12 29 07 00     1.0 99.00 999.00 99.00 999.0 12.90   1.60    16 99.00 99.00
2008 12 29 08 00     1.0 99.00 999.00 99.00 999.0 12.90   1.50    15 99.00 99.00
2008 12 29 09 00     1.0 99.00 999.00 99.00 999.0 12.90   1.50    15 99.00 99.00
2008 12 29 10 00     1.0 99.00 999.00 99.00 999.0 12.90   1.50    15 99.00 99.00
2008 12 29 11 00     1.0 99.00 999.00 99.00 999.0 12.90   1.50    15 99.00 99.00
2008 12 29 12 00     1.0 99.00 999.00 99.00 999.0 12.80   1.50    15 99.00 99.00
2008 12 29 13 00     1.0 99.00 999.00 99.00 999.0 12.80   1.50    15 99.00 99.00
2008 12 29 14 00     1.0 99.00 999.00 99.00 999.0 12.80   1.30    15 99.00 99.00
2008 12 29 15 00     1.0 99.00 999.00 99.00 999.0 12.80   1.20    15 99.00 99.00
2008 12 29 16 00     1.0 99.00 999.00 99.00 999.0 12.80   1.20    15 99.00 99.00
2008 12 29 17 00     1.0 99.00 999.00 99.00 999.0 12.70   1.10    15 99.00 99.00
2008 12 29 18 00     1.0 99.00 999.00 99.00 999.0 12.70   1.10    14 99.00 99.00
2008 12 29 19 00     1.0 99.00 999.00 99.00 999.0 12.70   1.20    14 99.00 99.00
2008 12 29 20 00     1.0 99.00 999.00 99.00 999.0 12.70   1.20    14 99.00 99.00
2008 12 29 21 00     1.0 99.00 999.00 99.00 999.0 12.60   1.30    14 99.00 99.00
2008 12 29 22 00     1.0 99.00 999.00 99.00 999.0 12.60   1.50    14 99.00 99.00
2008 12 29 23 00     1.0 99.00 999.00 99.00 999.0 12.60   1.60    14 99.00 99.00
2008 12 30 00 00     1.0 99.00 999.00 99.00 999.0 12.60   1.60    13 99.00 99.00
2008 12 30 01 00     1.0 99.00 999.00 99.00 999.0 12.70   1.50    13 99.00 99.00
2008 12 30 02 00     1.0 99.00 999.00 99.00 999.0 12.70   1.50    13 99.00 99.00
2008 12 30 03 00     1.0 99.00 999.00 99.00 999.0 12.70   1.50    13 99.00 99.00
2008 12 30 04 00     1.0 99.00 999.00 99.00 999.0 12.70   1.40    13 99.00 99.00
2008 12 30 05 00     1.0 99.00 999.00 99.00 999.0 12.70   1.40    13 99.00 99.00
2008 12 30 06 00     1.0 99.00 999.00 99.00 999.0 12.70   1.40    13 99.00 99.00
2008 12 30 07 00     1.0 99.00 999.00 99.00 999.0 12.70   1.40    12 99.00 99.00
2008 12 30 08 00     1.0 99.00 999.00 99.00 999.0 12.70   1.40    12 99.00 99.00
2008 12 30 09 00     1.0 99.00 999.00 99.00 999.0 12.70   1.40    12 99.00 99.00
2008 12 30 10 00     1.0 99.00 999.00 99.00 999.0 12.70   1.40    12 99.00 99.00
2008 12 30 11 00     1.0 99.00 999.00 99.00 999.0 12.70   1.40    12 99.00 99.00
2008 12 30 12 00     1.0 99.00 999.00 99.00 999.0 12.60   1.50    12 99.00 99.00
2008 12 30 13 00     1.0 99.00 999.00 99.00 999.0 12.60   1.40    12 99.00 99.00
2008 12 30 14 00     1.0 99.00 999.00 99.00 999.0 12.50   1.20    12 99.00 99.00
2008 12 30 15 00     1.0 99.00 999.00 99.00 999.0 12.50   1.20    12 99.00 99.00
2008 12 30 16 00     1.0 99.00 999.00 99.00 999.0 12.50   1.10    12 99.00 99.00
2008 12 30 17 00     1.0 99.00 999.00 99.00 999.0 12.50   1.00    11 99.00 99.00
2008 12 30 18 00     1.0 99.00 999.00 99.00 999.0 12.50   1.00    11 99.00 99.00
2008 12 30 19 00     1.0 99.00 999.00 99.00 999.0 12.50   1.00    11 99.00 99.00
2008 12 30 20 00     1.0 99.00 999.00 99.00 999.0 12.50   1.10    11 99.00 99.00
2008 12 30 21 00     1.0 99.00 999.00 99.00 999.0 12.50   1.30    11 99.00 99.00
2008 12 30 22 00     1.0 99.00 999.00 99.00 999.0 12.50   1.60    11 99.00 99.00
2008 12 30 23 00     1.0 99.00 999.00 99.00 999.0 12.40   1.70    12 99.00 99.00
2008 12 31 00 00     1.0 99.00 999.00 99.00 999.0 12.30   1.70    13 99.00 99.00
2008 12 31 01 00     1.0 99.00 999.00 99.00 999.0 12.40   1.60    15 99.00 99.00
2008 12 31 02 00     1.0 99.00 999.00 99.00 999.0 12.40   1.50    15 99.00 99.00
2008 12 31 03 00     1.0 99.00 999.00 99.00 999.0 12.40   1.60    14 99.00 99.00
2008 12 31 04 00     1.0 99.00 999.00 99.00 999.0 12.40   1.70    16 99.00 99.00
2008 12 31 05 00     1.0 99.00 999.00 99.00 999.0 12.50   1.70    14 99.00 99.00
2008 12 31 06 00     1.0 99.00 999.00 99.00 999.0 12.50   1.60    14 99.00 99.00
2008 12 31 07 00     1.0 99.00 999.00 99.00 999.0 12.60   1.60    14 99.00 99.00
2008 12 31 08 00     1.0 99.00 999.00 99.00 999.0 12.50   1.60    14 99.00 99.00
2008 12 31 09 00     1.0 99.00 999.00 99.00 999.0 12.40   1.60    14 99.00 99.00
2008 12 31 10 00     1.0 99.00 999.00 99.00 999.0 12.40   1.60    14 99.00 99.00
2008 12 31 11 00     1.0 99.00 999.00 99.00 999.0 12.50   1.50    13 99.00 99.00
2008 12 31 12 00     1.0 99.00 999.00 99.00 999.0 12.40   1.50    13 99.00 99.00
2008 12 31 13 00     1.0 99.00 999.00 99.00 999.0 12.30   1.50    12 99.00 99.00
2008 12 31 14 00     1.0 99.00 999.00 99.00 999.0 12.30   1.30    12 99.00 99.00
2008 12 31 15 00     1.0 99.00 999.00 99.00 999.0 12.30   1.20    13 99.00 99.00
2008 12 31 16 00     1.0 99.00 999.00 99.00 999.0 12.30   1.30    12 99.00 99.00
2008 12 31 17 00     1.0 99.00 999.00 99.00 999.0 12.30   1.20    14 99.00 99.00
2008 12 31 18 00     1.0 99.00 999.00 99.00 999.0 12.20   1.30    15 99.00 99.00
2008 12 31 19 00     1.0 99.00 999.00 99.00 999.0 12.20   1.40    20 99.00 99.00
2008 12 31 20 00     1.0 99.00 999.00 99.00 999.0 12.30   1.50    21 99.00 99.00
2008 12 31 21 00     1.0 99.00 999.00 99.00 999.0 12.30   1.80    21 99.00 99.00
2008 12 31 22 00     1.0 99.00 999.00 99.00 999.0 12.40   1.80    21 99.00 99.00
2008 12 31 23 00     1.0 99.00 999.00 99.00 999.0 12.60   1.80    21 99.00 99.00
