YY  MM DD hh mm   DEPTH  OTMP   COND   SAL   O2% O2PPM  CLCON  TURB    PH    EH
yr  mo dy hr mn       m  degC  mS/cm   psu     %   ppm   ug/l   FTU     -    mv
2012 01 01 00 00     1.0  4.10 999.00  0.10 999.0 12.60   1.70    14 99.00 99.00
2012 01 01 01 00     1.0  4.30 999.00  0.10 999.0 12.50   1.70    14 99.00 99.00
2012 01 01 02 00     1.0  4.20 999.00  0.10 999.0 12.60   1.70    14 99.00 99.00
2012 01 01 03 00     1.0  4.00 999.00  0.10 999.0 12.60   1.70    14 99.00 99.00
2012 01 01 04 00     1.0  4.10 999.00  0.10 999.0 12.50   1.60    14 99.00 99.00
2012 01 01 05 00     1.0  4.20 999.00  0.10 999.0 12.60   1.60    13 99.00 99.00
2012 01 01 06 00     1.0  4.20 999.00  0.10 999.0 12.60   1.60    13 99.00 99.00
2012 01 01 07 00     1.0  4.30 999.00  0.10 999.0 12.50   1.70    14 99.00 99.00
2012 01 01 08 00     1.0  3.90 999.00  0.10 999.0 12.60   1.70    14 99.00 99.00
2012 01 01 09 00     1.0  3.80 999.00  0.10 999.0 12.60   1.70    14 99.00 99.00
2012 01 01 10 00     1.0  3.80 999.00  0.10 999.0 12.50   1.70    14 99.00 99.00
2012 01 01 11 00     1.0  3.90 999.00  0.10 999.0 12.50   1.70    14 99.00 99.00
2012 01 01 12 00     1.0  3.90 999.00  0.10 999.0 12.50   1.70    14 99.00 99.00
2012 01 01 13 00     1.0  3.80 999.00  0.10 999.0 12.60   1.60    13 99.00 99.00
2012 01 01 14 00     1.0  4.00 999.00  0.10 999.0 12.60   1.40    13 99.00 99.00
2012 01 01 15 00     1.0  4.10 999.00  0.10 999.0 12.60   1.30    13 99.00 99.00
2012 01 01 16 00     1.0  4.20 999.00  0.10 999.0 12.60   1.30    13 99.00 99.00
2012 01 01 17 00     1.0  4.00 999.00  0.10 999.0 12.60   1.20    13 99.00 99.00
2012 01 01 18 00     1.0  4.00 999.00  0.10 999.0 12.60   1.30    12 99.00 99.00
2012 01 01 19 00     1.0  4.00 999.00  0.10 999.0 12.60   1.20    12 99.00 99.00
2012 01 01 20 00     1.0  4.30 999.00  0.10 999.0 12.50   1.40    12 99.00 99.00
2012 01 01 21 00     1.0  4.20 999.00  0.10 999.0 12.60   1.50    12 99.00 99.00
2012 01 01 22 00     1.0  4.60 999.00  0.10 999.0 12.40   1.50    12 99.00 99.00
2012 01 01 23 00     1.0  4.60 999.00  0.10 999.0 12.50   1.60    12 99.00 99.00
2012 01 02 00 00     1.0  4.60 999.00  0.10 999.0 12.50   1.60    11 99.00 99.00
2012 01 02 01 00     1.0  4.20 999.00  0.10 999.0 12.50   1.70    12 99.00 99.00
2012 01 02 02 00     1.0  4.40 999.00  0.10 999.0 12.60   1.60    11 99.00 99.00
2012 01 02 03 00     1.0  4.60 999.00  0.10 999.0 12.60   1.50    10 99.00 99.00
2012 01 02 04 00     1.0  4.70 999.00  0.10 999.0 12.60   1.40    10 99.00 99.00
2012 01 02 05 00     1.0  4.70 999.00  0.10 999.0 12.50   1.50    10 99.00 99.00
2012 01 02 06 00     1.0  4.40 999.00  0.10 999.0 12.50   1.50     9 99.00 99.00
2012 01 02 08 00     1.0  4.60 999.00  0.10 999.0 12.40   1.50     9 99.00 99.00
2012 01 02 09 00     1.0  4.50 999.00  0.10 999.0 12.40   1.50    10 99.00 99.00
2012 01 02 10 00     1.0  4.40 999.00  0.10 999.0 12.40   1.50    10 99.00 99.00
2012 01 02 11 00     1.0  4.40 999.00  0.10 999.0 12.40   1.50    10 99.00 99.00
2012 01 02 12 00     1.0  4.30 999.00  0.10 999.0 12.40   1.50     9 99.00 99.00
2012 01 02 13 00     1.0  4.10 999.00  0.10 999.0 12.40   1.50     9 99.00 99.00
2012 01 02 14 00     1.0  4.00 999.00  0.10 999.0 12.50   1.20     9 99.00 99.00
2012 01 02 15 00     1.0  4.20 999.00  0.10 999.0 12.40   1.20    10 99.00 99.00
2012 01 02 16 00     1.0  4.20 999.00  0.10 999.0 12.40   1.20     9 99.00 99.00
2012 01 02 17 00     1.0  4.00 999.00  0.10 999.0 12.50   1.10     9 99.00 99.00
2012 01 02 18 00     1.0  3.90 999.00  0.10 999.0 12.50   1.30     9 99.00 99.00
2012 01 02 19 00     1.0  3.90 999.00  0.10 999.0 12.50   1.20     9 99.00 99.00
2012 01 02 20 00     1.0  3.80 999.00  0.10 999.0 12.40   1.40     9 99.00 99.00
2012 01 02 21 00     1.0  4.00 999.00  0.10 999.0 12.40   1.50     9 99.00 99.00
2012 01 02 22 00     1.0  4.00 999.00  0.10 999.0 12.40   1.50     9 99.00 99.00
2012 01 02 23 00     1.0  4.10 999.00  0.10 999.0 12.40   1.60     9 99.00 99.00
2012 01 03 00 00     1.0  4.20 999.00  0.10 999.0 12.40   1.60    10 99.00 99.00
2012 01 03 01 00     1.0  4.40 999.00  0.10 999.0 12.40   1.50    10 99.00 99.00
2012 01 03 02 00     1.0  4.60 999.00  0.10 999.0 12.40   1.50     9 99.00 99.00
2012 01 03 03 00     1.0  4.70 999.00  0.10 999.0 12.40   1.50     9 99.00 99.00
2012 01 03 04 00     1.0  4.70 999.00  0.10 999.0 12.40   1.40     8 99.00 99.00
2012 01 03 05 00     1.0  4.50 999.00  0.10 999.0 12.30   1.40     8 99.00 99.00
2012 01 03 06 00     1.0  4.30 999.00  0.10 999.0 12.30   1.40     8 99.00 99.00
2012 01 03 07 00     1.0  4.10 999.00  0.10 999.0 12.30   1.40     8 99.00 99.00
2012 01 03 08 00     1.0  4.10 999.00  0.10 999.0 12.30   1.40     8 99.00 99.00
2012 01 03 09 00     1.0  4.10 999.00  0.10 999.0 12.30   1.40     8 99.00 99.00
2012 01 03 10 00     1.0  4.20 999.00  0.10 999.0 12.20   1.40     8 99.00 99.00
2012 01 03 11 00     1.0  4.30 999.00  0.10 999.0 12.20   1.40     8 99.00 99.00
2012 01 03 12 00     1.0  4.40 999.00  0.10 999.0 12.20   1.40     8 99.00 99.00
2012 01 03 13 00     1.0  4.40 999.00  0.10 999.0 12.20   1.40     8 99.00 99.00
2012 01 03 14 00     1.0  4.30 999.00  0.10 999.0 12.20   1.20     8 99.00 99.00
2012 01 03 15 00     1.0  4.20 999.00  0.10 999.0 12.20   1.10     9 99.00 99.00
2012 01 03 16 00     1.0  4.30 999.00  0.10 999.0 12.20   1.10     9 99.00 99.00
2012 01 03 17 00     1.0  4.20 999.00  0.10 999.0 12.20   1.10    10 99.00 99.00
2012 01 03 18 00     1.0  4.10 999.00  0.10 999.0 12.20   1.20    10 99.00 99.00
2012 01 03 19 00     1.0  4.00 999.00  0.10 999.0 12.20   1.30    11 99.00 99.00
2012 01 03 20 00     1.0  3.90 999.00  0.10 999.0 12.20   1.30    11 99.00 99.00
2012 01 03 21 00     1.0  3.90 999.00  0.10 999.0 12.20   1.40    10 99.00 99.00
2012 01 03 22 00     1.0  3.90 999.00  0.10 999.0 12.20   1.40    10 99.00 99.00
2012 01 03 23 00     1.0  4.00 999.00  0.10 999.0 12.20   1.40    10 99.00 99.00
2012 01 04 00 00     1.0  3.80 999.00  0.10 999.0 12.20   1.50    11 99.00 99.00
2012 01 04 01 00     1.0  3.80 999.00  0.10 999.0 12.20   1.50    11 99.00 99.00
2012 01 04 02 00     1.0  3.90 999.00  0.10 999.0 12.20   1.40    12 99.00 99.00
2012 01 04 03 00     1.0  3.60 999.00  0.10 999.0 12.30   1.50    11 99.00 99.00
2012 01 04 04 00     1.0  3.60 999.00  0.10 999.0 12.30   1.50    11 99.00 99.00
2012 01 04 05 00     1.0  3.60 999.00  0.10 999.0 12.30   1.40    11 99.00 99.00
2012 01 04 06 00     1.0  3.50 999.00  0.10 999.0 12.40   1.30    10 99.00 99.00
2012 01 04 07 00     1.0  3.60 999.00  0.10 999.0 12.40   1.40    10 99.00 99.00
2012 01 04 08 00     1.0  3.70 999.00  0.10 999.0 12.20   1.40    10 99.00 99.00
2012 01 04 09 00     1.0  3.40 999.00  0.10 999.0 12.20   1.40    11 99.00 99.00
2012 01 04 10 00     1.0  3.30 999.00  0.10 999.0 12.20   1.40    11 99.00 99.00
2012 01 04 11 00     1.0  3.40 999.00  0.10 999.0 12.20   1.40    10 99.00 99.00
2012 01 04 12 00     1.0  3.30 999.00  0.10 999.0 12.20   1.40    10 99.00 99.00
2012 01 04 13 00     1.0  3.00 999.00  0.10 999.0 12.20   1.40    11 99.00 99.00
2012 01 04 14 00     1.0  2.90 999.00  0.10 999.0 12.20   1.30    10 99.00 99.00
2012 01 04 15 00     1.0  3.30 999.00  0.10 999.0 12.20   1.00    10 99.00 99.00
2012 01 04 16 00     1.0  3.50 999.00  0.10 999.0 12.20   1.00     9 99.00 99.00
2012 01 04 17 00     1.0  3.40 999.00  0.10 999.0 12.20   1.10     9 99.00 99.00
2012 01 04 18 00     1.0  3.20 999.00  0.10 999.0 12.30   1.10     9 99.00 99.00
2012 01 04 19 00     1.0  3.30 999.00  0.10 999.0 12.30   1.10     9 99.00 99.00
2012 01 04 20 00     1.0  3.50 999.00  0.10 999.0 12.20   1.20     9 99.00 99.00
2012 01 04 21 00     1.0  3.30 999.00  0.10 999.0 12.20   1.30    10 99.00 99.00
2012 01 04 22 00     1.0  3.60 999.00  0.10 999.0 12.20   1.30     9 99.00 99.00
2012 01 04 23 00     1.0  3.00 999.00  0.10 999.0 12.30   1.40    10 99.00 99.00
2012 01 05 00 00     1.0  3.80 999.00  0.10 999.0 12.10   1.40     9 99.00 99.00
2012 01 05 01 00     1.0  4.20 999.00  0.10 999.0 12.10   1.40     9 99.00 99.00
2012 01 05 02 00     1.0  3.90 999.00  0.10 999.0 12.20   1.40     9 99.00 99.00
2012 01 05 03 00     1.0  3.90 999.00  0.10 999.0 12.20   1.30     8 99.00 99.00
2012 01 05 04 00     1.0  3.60 999.00  0.10 999.0 12.30   1.40     8 99.00 99.00
2012 01 05 05 00     1.0  3.60 999.00  0.10 999.0 12.30   1.40     8 99.00 99.00
2012 01 05 06 00     1.0  3.70 999.00  0.10 999.0 12.40   1.30     8 99.00 99.00
2012 01 05 07 00     1.0  3.60 999.00  0.10 999.0 12.40   1.40     8 99.00 99.00
2012 01 05 08 00     1.0  3.40 999.00  0.10 999.0 12.40   1.40     8 99.00 99.00
2012 01 05 09 00     1.0  3.50 999.00  0.10 999.0 12.40   1.40     8 99.00 99.00
2012 01 05 10 00     1.0  3.70 999.00  0.10 999.0 12.30   1.40     8 99.00 99.00
2012 01 05 11 00     1.0  3.60 999.00  0.10 999.0 12.30   1.30     8 99.00 99.00
2012 01 05 12 00     1.0  3.10 999.00  0.10 999.0 12.40   1.30     8 99.00 99.00
2012 01 05 13 00     1.0  3.10 999.00  0.10 999.0 12.30   1.40     8 99.00 99.00
2012 01 05 14 00     1.0  3.60 999.00  0.10 999.0 12.20   1.30     8 99.00 99.00
2012 01 05 15 00     1.0  3.40 999.00  0.10 999.0 12.30   1.00     8 99.00 99.00
2012 01 05 16 00     1.0  3.20 999.00  0.10 999.0 12.40   0.90     7 99.00 99.00
2012 01 05 17 00     1.0  3.20 999.00  0.10 999.0 12.40   0.90     7 99.00 99.00
2012 01 05 18 00     1.0  3.30 999.00  0.10 999.0 12.40   0.90     7 99.00 99.00
2012 01 05 19 00     1.0  3.40 999.00  0.10 999.0 12.40   0.90     7 99.00 99.00
2012 01 05 20 00     1.0  3.40 999.00  0.10 999.0 12.50   1.10     7 99.00 99.00
2012 01 05 21 00     1.0  3.40 999.00  0.10 999.0 12.40   1.20     7 99.00 99.00
2012 01 05 22 00     1.0  3.50 999.00  0.10 999.0 12.40   1.30     6 99.00 99.00
2012 01 05 23 00     1.0  3.40 999.00  0.10 999.0 12.40   1.30     6 99.00 99.00
2012 01 06 00 00     1.0  3.20 999.00  0.10 999.0 12.40   1.50    10 99.00 99.00
2012 01 06 01 00     1.0  3.40 999.00  0.10 999.0 12.40   1.40     7 99.00 99.00
2012 01 06 02 00     1.0  3.50 999.00  0.10 999.0 12.40   1.40     7 99.00 99.00
2012 01 06 03 00     1.0  3.30 999.00  0.10 999.0 12.40   1.40     7 99.00 99.00
2012 01 06 04 00     1.0  3.20 999.00  0.10 999.0 12.50   1.40     7 99.00 99.00
2012 01 06 05 00     1.0  3.40 999.00  0.10 999.0 12.70   1.30     6 99.00 99.00
2012 01 06 06 00     1.0  3.50 999.00  0.10 999.0 12.80   1.30     6 99.00 99.00
2012 01 06 07 00     1.0  3.40 999.00  0.10 999.0 12.70   1.30     7 99.00 99.00
2012 01 06 08 00     1.0  3.20 999.00  0.10 999.0 12.60   1.50     7 99.00 99.00
2012 01 06 09 00     1.0  3.20 999.00  0.10 999.0 12.60   1.40     6 99.00 99.00
2012 01 06 10 00     1.0  3.30 999.00  0.10 999.0 12.70   1.40     6 99.00 99.00
2012 01 06 11 00     1.0  3.30 999.00  0.10 999.0 12.70   1.40     6 99.00 99.00
2012 01 06 12 00     1.0  3.10 999.00  0.10 999.0 12.50   1.30     7 99.00 99.00
2012 01 06 13 00     1.0  2.90 999.00  0.10 999.0 12.40   1.30     7 99.00 99.00
2012 01 06 14 00     1.0  3.00 999.00  0.10 999.0 12.40   1.20     7 99.00 99.00
2012 01 06 15 00     1.0  3.00 999.00  0.10 999.0 12.50   0.90     7 99.00 99.00
2012 01 06 16 00     1.0  3.00 999.00  0.10 999.0 12.50   0.90     7 99.00 99.00
2012 01 06 17 00     1.0  3.10 999.00  0.10 999.0 12.50   0.90     7 99.00 99.00
2012 01 06 18 00     1.0  3.20 999.00  0.10 999.0 12.60   0.90     7 99.00 99.00
2012 01 06 19 00     1.0  3.20 999.00  0.10 999.0 12.60   1.00     7 99.00 99.00
2012 01 06 20 00     1.0  3.20 999.00  0.10 999.0 12.60   1.00     6 99.00 99.00
2012 01 06 21 00     1.0  3.20 999.00  0.10 999.0 12.60   1.20     6 99.00 99.00
2012 01 06 22 00     1.0  3.20 999.00  0.10 999.0 12.60   1.30     6 99.00 99.00
2012 01 06 23 00     1.0  3.00 999.00  0.10 999.0 12.50   1.20     6 99.00 99.00
2012 01 07 00 00     1.0  3.10 999.00  0.10 999.0 12.40   1.20     6 99.00 99.00
2012 01 07 01 00     1.0  3.20 999.00  0.10 999.0 12.60   1.30     6 99.00 99.00
2012 01 07 02 00     1.0  3.50 999.00  0.10 999.0 12.60   1.30     6 99.00 99.00
2012 01 07 03 00     1.0  3.60 999.00  0.10 999.0 12.60   1.30     6 99.00 99.00
2012 01 07 04 00     1.0  3.50 999.00  0.10 999.0 12.70   1.30     6 99.00 99.00
2012 01 07 05 00     1.0  3.60 999.00  0.10 999.0 12.70   1.20     5 99.00 99.00
2012 01 07 06 00     1.0  3.60 999.00  0.10 999.0 12.80   1.20     5 99.00 99.00
2012 01 07 07 00     1.0  3.60 999.00  0.10 999.0 12.90   1.20     5 99.00 99.00
2012 01 07 08 00     1.0  3.60 999.00  0.10 999.0 12.90   1.10     5 99.00 99.00
2012 01 07 09 00     1.0  3.40 999.00  0.10 999.0 12.90   1.10     5 99.00 99.00
2012 01 07 10 00     1.0  3.30 999.00  0.10 999.0 12.80   1.20     5 99.00 99.00
2012 01 07 11 00     1.0  3.10 999.00  0.10 999.0 12.70   1.20     5 99.00 99.00
2012 01 07 12 00     1.0  3.00 999.00  0.10 999.0 12.60   1.20     5 99.00 99.00
2012 01 07 13 00     1.0  3.00 999.00  0.10 999.0 12.60   1.10     5 99.00 99.00
2012 01 07 14 00     1.0  2.90 999.00  0.10 999.0 12.50   0.90     5 99.00 99.00
2012 01 07 15 00     1.0  3.00 999.00  0.10 999.0 12.50   0.90     5 99.00 99.00
2012 01 07 16 00     1.0  3.00 999.00  0.10 999.0 12.60   0.80     5 99.00 99.00
2012 01 07 17 00     1.0  3.10 999.00  0.10 999.0 12.60   0.80     5 99.00 99.00
2012 01 07 18 00     1.0  3.30 999.00  0.10 999.0 12.60   0.70     5 99.00 99.00
2012 01 07 19 00     1.0  3.30 999.00  0.10 999.0 12.60   0.80     5 99.00 99.00
2012 01 07 20 00     1.0  3.30 999.00  0.10 999.0 12.60   0.90     5 99.00 99.00
2012 01 07 21 00     1.0  3.30 999.00  0.10 999.0 12.60   1.00     5 99.00 99.00
2012 01 07 22 00     1.0  3.40 999.00  0.10 999.0 12.60   1.10     5 99.00 99.00
2012 01 07 23 00     1.0  3.30 999.00  0.10 999.0 12.60   1.10     5 99.00 99.00
2012 01 08 00 00     1.0  3.00 999.00  0.10 999.0 12.60   1.10     5 99.00 99.00
2012 01 08 01 00     1.0  2.70 999.00  0.10 999.0 12.70   1.10     5 99.00 99.00
2012 01 08 02 00     1.0  2.70 999.00  0.10 999.0 12.70   1.10     5 99.00 99.00
2012 01 08 03 00     1.0  2.70 999.00  0.10 999.0 12.80   1.10     4 99.00 99.00
2012 01 08 04 00     1.0  3.00 999.00  0.10 999.0 12.90   1.10     5 99.00 99.00
2012 01 08 05 00     1.0  3.30 999.00  0.10 999.0 13.10   1.10     5 99.00 99.00
2012 01 08 06 00     1.0  3.50 999.00  0.10 999.0 13.20   1.10     4 99.00 99.00
2012 01 08 07 00     1.0  3.50 999.00  0.10 999.0 13.30   1.10     4 99.00 99.00
2012 01 08 08 00     1.0  3.50 999.00  0.10 999.0 13.20   1.10     4 99.00 99.00
2012 01 08 09 00     1.0  3.20 999.00  0.10 999.0 13.20   1.20     4 99.00 99.00
2012 01 08 10 00     1.0  3.10 999.00  0.10 999.0 13.20   1.20     4 99.00 99.00
2012 01 08 11 00     1.0  3.20 999.00  0.10 999.0 13.20   1.20     4 99.00 99.00
2012 01 08 12 00     1.0  3.30 999.00  0.10 999.0 13.20   1.20     4 99.00 99.00
2012 01 08 13 00     1.0  3.10 999.00  0.10 999.0 13.20   1.10     4 99.00 99.00
2012 01 08 14 00     1.0  2.50 999.00  0.10 999.0 13.10   0.90     4 99.00 99.00
2012 01 08 15 00     1.0  2.70 999.00  0.10 999.0 13.00   0.70     4 99.00 99.00
2012 01 08 16 00     1.0  3.00 999.00  0.10 999.0 12.80   0.70     5 99.00 99.00
2012 01 08 17 00     1.0  3.00 999.00  0.10 999.0 12.80   0.70     4 99.00 99.00
2012 01 08 18 00     1.0  3.00 999.00  0.10 999.0 12.80   0.70     4 99.00 99.00
2012 01 08 19 00     1.0  3.00 999.00  0.10 999.0 12.70   0.80     4 99.00 99.00
2012 01 08 20 00     1.0  3.00 999.00  0.10 999.0 12.70   0.80     4 99.00 99.00
2012 01 08 21 00     1.0  3.00 999.00  0.10 999.0 12.70   1.10     4 99.00 99.00
2012 01 08 22 00     1.0  3.00 999.00  0.10 999.0 12.70   1.20     4 99.00 99.00
2012 01 08 23 00     1.0  2.90 999.00  0.10 999.0 12.70   1.20     4 99.00 99.00
2012 01 09 00 00     1.0  3.00 999.00  0.10 999.0 12.70   1.20     4 99.00 99.00
2012 01 09 01 00     1.0  3.10 999.00  0.10 999.0 12.80   1.20     4 99.00 99.00
2012 01 09 02 00     1.0  3.10 999.00  0.10 999.0 12.70   1.20     4 99.00 99.00
2012 01 09 03 00     1.0  3.10 999.00  0.10 999.0 12.70   1.20     4 99.00 99.00
2012 01 09 04 00     1.0  3.00 999.00  0.10 999.0 12.80   1.20     4 99.00 99.00
2012 01 09 05 00     1.0  3.20 999.00  0.10 999.0 13.00   1.20     5 99.00 99.00
2012 01 09 06 00     1.0  3.30 999.00  0.10 999.0 13.00   1.20     4 99.00 99.00
2012 01 09 07 00     1.0  3.30 999.00  0.10 999.0 13.20   1.20     4 99.00 99.00
2012 01 09 08 00     1.0  3.20 999.00  0.10 999.0 13.20   1.20     4 99.00 99.00
2012 01 09 09 00     1.0  2.90 999.00  0.10 999.0 13.10   1.20     4 99.00 99.00
2012 01 09 10 00     1.0  2.80 999.00  0.10 999.0 13.00   1.30     4 99.00 99.00
2012 01 09 11 00     1.0  2.70 999.00  0.10 999.0 13.00   1.40     4 99.00 99.00
2012 01 09 12 00     1.0  2.60 999.00  0.10 999.0 13.00   1.30     4 99.00 99.00
2012 01 09 13 00     1.0  2.50 999.00  0.10 999.0 13.00   1.20     4 99.00 99.00
2012 01 09 14 00     1.0  2.30 999.00  0.10 999.0 13.00   1.10     4 99.00 99.00
2012 01 09 15 00     1.0  2.70 999.00  0.10 999.0 12.90   0.80     4 99.00 99.00
2012 01 09 16 00     1.0  2.80 999.00  0.10 999.0 12.90   0.90     4 99.00 99.00
2012 01 09 17 00     1.0  2.70 999.00  0.10 999.0 12.90   0.80     4 99.00 99.00
2012 01 09 18 00     1.0  2.70 999.00  0.10 999.0 12.90   0.80     4 99.00 99.00
2012 01 09 19 00     1.0  2.80 999.00  0.10 999.0 12.90   1.10     4 99.00 99.00
2012 01 09 20 00     1.0  2.90 999.00  0.10 999.0 12.80   1.10     4 99.00 99.00
2012 01 09 21 00     1.0  3.00 999.00  0.10 999.0 12.80   1.20     4 99.00 99.00
2012 01 09 22 00     1.0  3.00 999.00  0.10 999.0 12.80   1.30     4 99.00 99.00
2012 01 09 23 00     1.0  3.00 999.00  0.10 999.0 12.80   1.30     4 99.00 99.00
2012 01 10 00 00     1.0  3.60 999.00  0.10 999.0 12.70   1.20     4 99.00 99.00
2012 01 10 01 00     1.0  3.30 999.00  0.10 999.0 12.70   1.20     4 99.00 99.00
2012 01 10 02 00     1.0  3.20 999.00  0.10 999.0 12.80   1.30     4 99.00 99.00
2012 01 10 03 00     1.0  3.30 999.00  0.10 999.0 12.80   1.40     4 99.00 99.00
2012 01 10 04 00     1.0  3.20 999.00  0.10 999.0 12.90   1.30     4 99.00 99.00
2012 01 10 05 00     1.0  3.30 999.00  0.10 999.0 12.90   1.30     4 99.00 99.00
2012 01 10 06 00     1.0  3.30 999.00  0.10 999.0 12.90   1.30     4 99.00 99.00
2012 01 10 07 00     1.0  3.20 999.00  0.10 999.0 13.00   1.30     4 99.00 99.00
2012 01 10 08 00     1.0  3.20 999.00  0.10 999.0 13.00   1.30     4 99.00 99.00
2012 01 10 09 00     1.0  3.20 999.00  0.10 999.0 13.10   1.30     4 99.00 99.00
2012 01 10 10 00     1.0  3.10 999.00  0.10 999.0 13.10   1.30     4 99.00 99.00
2012 01 10 11 00     1.0  3.10 999.00  0.10 999.0 13.10   1.30     4 99.00 99.00
2012 01 10 12 00     1.0  3.10 999.00  0.10 999.0 13.10   1.30     4 99.00 99.00
2012 01 10 13 00     1.0  3.00 999.00  0.10 999.0 13.10   1.30     4 99.00 99.00
2012 01 10 14 00     1.0  3.00 999.00  0.10 999.0 13.10   1.10     3 99.00 99.00
2012 01 10 15 00     1.0  2.80 999.00  0.10 999.0 13.10   0.80     3 99.00 99.00
2012 01 10 16 00     1.0  2.90 999.00  0.10 999.0 13.00   0.80     4 99.00 99.00
2012 01 10 17 00     1.0  2.90 999.00  0.10 999.0 13.00   0.80     4 99.00 99.00
2012 01 10 18 00     1.0  3.00 999.00  0.10 999.0 12.90   0.70     4 99.00 99.00
2012 01 10 19 00     1.0  3.10 999.00  0.10 999.0 12.90   0.70     4 99.00 99.00
2012 01 10 20 00     1.0  3.10 999.00  0.10 999.0 12.80   0.80     4 99.00 99.00
2012 01 10 21 00     1.0  3.40 999.00  0.10 999.0 12.70   1.00     4 99.00 99.00
2012 01 10 22 00     1.0  3.60 999.00  0.10 999.0 12.60   1.20     4 99.00 99.00
2012 01 10 23 00     1.0  3.40 999.00  0.10 999.0 12.50   1.20     3 99.00 99.00
2012 01 11 00 00     1.0  3.20 999.00  0.10 999.0 12.60   1.30     4 99.00 99.00
2012 01 11 01 00     1.0  3.40 999.00  0.10 999.0 12.80   1.30     4 99.00 99.00
2012 01 11 02 00     1.0  3.60 999.00  0.10 999.0 13.10   1.30     4 99.00 99.00
2012 01 11 03 00     1.0  3.70 999.00  0.10 999.0 13.10   1.40     4 99.00 99.00
2012 01 11 04 00     1.0  3.60 999.00  0.10 999.0 13.00   1.40     4 99.00 99.00
2012 01 11 05 00     1.0  3.50 999.00  0.10 999.0 12.90   1.40     4 99.00 99.00
2012 01 11 06 00     1.0  3.50 999.00  0.10 999.0 12.90   1.40     4 99.00 99.00
2012 01 11 07 00     1.0  3.40 999.00  0.10 999.0 12.90   1.30     4 99.00 99.00
2012 01 11 08 00     1.0  3.40 999.00  0.10 999.0 12.90   1.30     4 99.00 99.00
2012 01 11 09 00     1.0  3.30 999.00  0.10 999.0 12.90   1.40     4 99.00 99.00
2012 01 11 10 00     1.0  3.20 999.00  0.10 999.0 12.80   1.30     4 99.00 99.00
2012 01 11 11 00     1.0  3.10 999.00  0.10 999.0 12.80   1.40     4 99.00 99.00
2012 01 11 12 00     1.0  3.00 999.00  0.10 999.0 12.70   1.30     3 99.00 99.00
2012 01 11 13 00     1.0  0.50 999.00  0.00 999.0  9.10 999.00     0 99.00 99.00
2012 01 11 14 00     1.0  1.60 999.00  0.00 999.0  8.80 999.00     0 99.00 99.00
2012 01 11 15 00     1.0  3.70 999.00  0.00 999.0  8.60 999.00     0 99.00 99.00
2012 01 11 16 00     1.0  5.20 999.00  0.00 999.0  8.20 999.00     0 99.00 99.00
2012 01 11 17 00     1.0  5.60 999.00  0.00 999.0  8.30 999.00     0 99.00 99.00
2012 01 11 18 00     1.0  5.30 999.00  0.00 999.0  8.20 999.00     0 99.00 99.00
2012 04 25 17 00     1.0 16.90 999.00  0.10 999.0  9.40   5.50     4 99.00 99.00
2012 04 25 18 00     1.0 16.90 999.00  0.10 999.0  9.50   6.90     4 99.00 99.00
2012 04 25 19 00     1.0 16.90 999.00  0.10 999.0  9.30   6.50     5 99.00 99.00
2012 04 25 20 00     1.0 17.20 999.00  0.10 999.0  9.50   6.50     4 99.00 99.00
2012 04 25 21 00     1.0 17.20 999.00  0.10 999.0  9.40   7.40     4 99.00 99.00
2012 04 25 22 00     1.0 17.20 999.00  0.10 999.0  9.40   7.60     4 99.00 99.00
2012 04 25 23 00     1.0 17.10 999.00  0.10 999.0  9.30   7.80     5 99.00 99.00
2012 04 26 00 00     1.0 17.00 999.00  0.10 999.0  9.20   8.70     5 99.00 99.00
2012 04 26 01 00     1.0 17.10 999.00  0.10 999.0  9.30   8.80     4 99.00 99.00
2012 04 26 02 00     1.0 17.00 999.00  0.10 999.0  9.00   8.70     5 99.00 99.00
2012 04 26 03 00     1.0 17.00 999.00  0.10 999.0  9.00   9.30     5 99.00 99.00
2012 04 26 04 00     1.0 16.90 999.00  0.10 999.0  9.00   9.40     5 99.00 99.00
2012 04 26 05 00     1.0 16.90 999.00  0.10 999.0  9.00   9.80     5 99.00 99.00
2012 04 26 06 00     1.0 16.80 999.00  0.10 999.0  9.00   9.30     5 99.00 99.00
2012 04 26 07 00     1.0 16.80 999.00  0.10 999.0  8.90   9.00     5 99.00 99.00
2012 04 26 08 00     1.0 16.80 999.00  0.10 999.0  8.80   8.20     5 99.00 99.00
2012 04 26 09 00     1.0 16.80 999.00  0.10 999.0  8.70   7.30     4 99.00 99.00
2012 04 26 10 00     1.0 16.70 999.00  0.10 999.0  8.50   6.70     5 99.00 99.00
2012 04 26 11 00     1.0 16.70 999.00  0.10 999.0  8.50   6.80     5 99.00 99.00
2012 04 26 12 00     1.0 16.70 999.00  0.10 999.0  8.60   6.90     5 99.00 99.00
2012 04 26 13 00     1.0 16.70 999.00  0.10 999.0  8.60   6.90     6 99.00 99.00
2012 04 26 14 00     1.0 16.80 999.00  0.10 999.0  8.60   7.00     6 99.00 99.00
2012 04 26 15 00     1.0 16.90 999.00  0.10 999.0  8.80   7.00     5 99.00 99.00
2012 04 26 16 00     1.0 17.00 999.00  0.10 999.0  9.00   7.40     5 99.00 99.00
2012 04 26 17 00     1.0 17.00 999.00  0.10 999.0  8.90   7.00     6 99.00 99.00
2012 04 26 18 00     1.0 16.90 999.00  0.10 999.0  8.80   6.60     5 99.00 99.00
2012 04 26 19 00     1.0 17.00 999.00  0.10 999.0  8.90   7.10     5 99.00 99.00
2012 04 26 20 00     1.0 17.00 999.00  0.10 999.0  9.00   7.70     4 99.00 99.00
2012 04 30 13 00     1.0 15.20 999.00  0.10 999.0  9.90   4.90     8 99.00 99.00
2012 04 30 14 00     1.0 15.20 999.00  0.10 999.0  9.90   5.00     9 99.00 99.00
2012 04 30 15 00     1.0 14.90 999.00  0.10 999.0  9.90   5.30     8 99.00 99.00
2012 04 30 16 00     1.0 14.50 999.00  0.10 999.0  9.80   6.40     9 99.00 99.00
2012 04 30 17 00     1.0 14.40 999.00  0.10 999.0  9.80   6.70     8 99.00 99.00
2012 04 30 18 00     1.0 14.40 999.00  0.10 999.0  9.80   6.90     9 99.00 99.00
2012 04 30 19 00     1.0 14.40 999.00  0.10 999.0  9.80   6.90     8 99.00 99.00
2012 04 30 20 00     1.0 14.40 999.00  0.10 999.0  9.70   6.80     8 99.00 99.00
2012 04 30 21 00     1.0 14.60 999.00  0.10 999.0  9.90   7.10     9 99.00 99.00
2012 04 30 22 00     1.0 14.30 999.00  0.10 999.0  9.60   5.70     8 99.00 99.00
2012 04 30 23 00     1.0 14.40 999.00  0.10 999.0  9.60   6.60     8 99.00 99.00
2012 05 01 00 00     1.0 14.40 999.00  0.10 999.0  9.70   7.60    10 99.00 99.00
2012 05 01 01 00     1.0 14.70 999.00  0.10 999.0  9.80   7.60    11 99.00 99.00
2012 05 01 02 00     1.0 14.70 999.00  0.10 999.0  9.80   7.10    12 99.00 99.00
2012 05 01 03 00     1.0 14.80 999.00  0.10 999.0 10.00   8.20    13 99.00 99.00
2012 05 01 04 00     1.0 14.70 999.00  0.10 999.0 10.10   8.40    10 99.00 99.00
2012 05 01 05 00     1.0 14.70 999.00  0.10 999.0 10.10   8.80    11 99.00 99.00
2012 05 01 06 00     1.0 14.70 999.00  0.10 999.0 10.10  10.10    10 99.00 99.00
2012 05 01 07 00     1.0 14.70 999.00  0.10 999.0 10.10  10.30    10 99.00 99.00
2012 05 01 08 00     1.0 14.70 999.00  0.10 999.0 10.00  10.20     9 99.00 99.00
2012 05 01 09 00     1.0 14.60 999.00  0.10 999.0 10.00  10.20     8 99.00 99.00
2012 05 01 10 00     1.0 14.60 999.00  0.10 999.0 10.00  10.30     8 99.00 99.00
2012 05 01 11 00     1.0 14.60 999.00  0.10 999.0  9.90  10.00     8 99.00 99.00
2012 05 01 12 00     1.0 14.60 999.00  0.10 999.0 10.00   8.30     8 99.00 99.00
2012 05 01 13 00     1.0 14.70 999.00  0.10 999.0  9.90   8.00     8 99.00 99.00
2012 05 01 14 00     1.0 14.70 999.00  0.10 999.0  9.90   6.70     8 99.00 99.00
2012 05 01 15 00     1.0 14.60 999.00  0.10 999.0  9.80   6.90     9 99.00 99.00
2012 05 01 16 00     1.0 14.90 999.00  0.10 999.0  9.90   6.50     8 99.00 99.00
2012 05 01 17 00     1.0 15.10 999.00  0.10 999.0 10.00   7.90     8 99.00 99.00
2012 05 01 18 00     1.0 15.30 999.00  0.10 999.0 10.10   9.50     8 99.00 99.00
2012 05 01 19 00     1.0 16.10 999.00  0.10 999.0 10.10   8.20     8 99.00 99.00
2012 05 01 20 00     1.0 16.40 999.00  0.10 999.0 10.20   9.70     7 99.00 99.00
2012 05 01 21 00     1.0 16.70 999.00  0.10 999.0 10.20   9.30     7 99.00 99.00
2012 05 01 22 00     1.0 17.00 999.00  0.10 999.0 10.50   9.60     7 99.00 99.00
2012 05 01 23 00     1.0 15.90 999.00  0.10 999.0 11.00  10.80     8 99.00 99.00
2012 05 02 00 00     1.0 15.10 999.00  0.10 999.0 10.40  11.00     8 99.00 99.00
2012 05 02 01 00     1.0 14.80 999.00  0.10 999.0 10.40  12.90     9 99.00 99.00
2012 05 02 02 00     1.0 14.80 999.00  0.10 999.0 10.60  14.60    10 99.00 99.00
2012 05 02 03 00     1.0 14.80 999.00  0.10 999.0 10.60  14.70    11 99.00 99.00
2012 05 02 04 00     1.0 15.00 999.00  0.10 999.0 10.90  15.50    10 99.00 99.00
2012 05 02 05 00     1.0 15.10 999.00  0.10 999.0 11.00  16.50     9 99.00 99.00
2012 05 02 06 00     1.0 15.20 999.00  0.10 999.0 11.00  17.80     8 99.00 99.00
2012 05 02 07 00     1.0 15.10 999.00  0.10 999.0 10.80  17.50     9 99.00 99.00
2012 05 02 08 00     1.0 15.00 999.00  0.10 999.0 10.70  15.90     9 99.00 99.00
2012 05 02 09 00     1.0 14.90 999.00  0.10 999.0 10.50  14.50     9 99.00 99.00
2012 05 02 10 00     1.0 14.80 999.00  0.10 999.0 10.30  14.60     9 99.00 99.00
2012 05 02 11 00     1.0 14.80 999.00  0.10 999.0 10.30  12.90     9 99.00 99.00
2012 05 02 12 00     1.0 14.90 999.00  0.10 999.0 10.50  13.90     8 99.00 99.00
2012 05 02 13 00     1.0 15.00 999.00  0.10 999.0 10.80  15.90     9 99.00 99.00
2012 05 02 14 00     1.0 14.90 999.00  0.10 999.0 10.70  14.50     9 99.00 99.00
2012 05 02 15 00     1.0 15.10 999.00  0.10 999.0 11.00  15.80     8 99.00 99.00
2012 05 02 16 00     1.0 14.70 999.00  0.10 999.0 10.80  17.40     9 99.00 99.00
2012 05 02 17 00     1.0 14.60 999.00  0.10 999.0 10.80  16.90     9 99.00 99.00
2012 05 02 18 00     1.0 14.60 999.00  0.10 999.0 10.80  16.60     9 99.00 99.00
2012 05 03 01 00     1.0 14.70 999.00  0.10 999.0 10.70  18.70    10 99.00 99.00
2012 05 03 02 00     1.0 14.70 999.00  0.10 999.0 10.50  20.90    10 99.00 99.00
2012 05 03 03 00     1.0 14.70 999.00  0.10 999.0 10.60  23.50    10 99.00 99.00
2012 05 03 04 00     1.0 14.60 999.00  0.10 999.0 10.70  23.00    10 99.00 99.00
2012 05 03 05 00     1.0 14.60 999.00  0.10 999.0 10.90  23.50     9 99.00 99.00
2012 05 03 06 00     1.0 14.60 999.00  0.10 999.0 10.80  24.50     9 99.00 99.00
2012 05 03 07 00     1.0 14.60 999.00  0.10 999.0 10.80  23.70     9 99.00 99.00
2012 05 03 08 00     1.0 14.60 999.00  0.10 999.0 10.50  21.60     9 99.00 99.00
2012 05 03 09 00     1.0 14.60 999.00  0.10 999.0 10.40  20.90     9 99.00 99.00
2012 05 03 10 00     1.0 14.50 999.00  0.10 999.0 10.30  22.50     9 99.00 99.00
2012 05 03 11 00     1.0 14.50 999.00  0.10 999.0 10.20  20.00     9 99.00 99.00
2012 05 03 12 00     1.0 14.60 999.00  0.10 999.0 10.30  18.30     8 99.00 99.00
2012 05 03 13 00     1.0 14.70 999.00  0.10 999.0 10.70  15.40     8 99.00 99.00
2012 05 03 14 00     1.0 14.80 999.00  0.10 999.0 11.10  16.90     8 99.00 99.00
2012 05 03 15 00     1.0 15.10 999.00  0.10 999.0 11.40  18.50     8 99.00 99.00
2012 05 03 16 00     1.0 14.90 999.00  0.10 999.0 11.00  15.70     8 99.00 99.00
2012 05 03 17 00     1.0 15.00 999.00  0.10 999.0 11.20  14.40     8 99.00 99.00
2012 05 03 18 00     1.0 15.00 999.00  0.10 999.0 11.20  14.50     8 99.00 99.00
2012 05 03 19 00     1.0 15.40 999.00  0.10 999.0 11.30  12.00     8 99.00 99.00
2012 05 03 20 00     1.0 15.80 999.00  0.10 999.0 11.30  12.10     8 99.00 99.00
2012 05 03 21 00     1.0 15.90 999.00  0.10 999.0 11.30  12.90     8 99.00 99.00
2012 05 03 22 00     1.0 15.60 999.00  0.10 999.0 11.70  17.70     8 99.00 99.00
2012 05 03 23 00     1.0 15.30 999.00  0.10 999.0 11.70  21.80     8 99.00 99.00
2012 05 04 00 00     1.0 14.80 999.00  0.10 999.0 11.40  22.40     8 99.00 99.00
2012 05 04 01 00     1.0 14.90 999.00  0.10 999.0 11.10  22.20     8 99.00 99.00
2012 05 04 02 00     1.0 15.10 999.00  0.10 999.0 11.30  22.10     8 99.00 99.00
2012 05 04 03 00     1.0 15.20 999.00  0.10 999.0 11.50  21.00     9 99.00 99.00
2012 05 04 04 00     1.0 15.30 999.00  0.10 999.0 11.40  21.20     9 99.00 99.00
2012 05 04 05 00     1.0 15.30 999.00  0.10 999.0 11.30  19.80     9 99.00 99.00
2012 05 04 06 00     1.0 15.30 999.00  0.10 999.0 11.20  20.80     9 99.00 99.00
2012 05 04 07 00     1.0 15.30 999.00  0.10 999.0 11.20  20.80     9 99.00 99.00
2012 05 04 08 00     1.0 15.30 999.00  0.10 999.0 11.10  20.80     9 99.00 99.00
2012 05 04 09 00     1.0 15.20 999.00  0.10 999.0 11.00  19.30     9 99.00 99.00
2012 05 04 10 00     1.0 15.20 999.00  0.10 999.0 11.00  20.30     9 99.00 99.00
2012 05 04 11 00     1.0 15.20 999.00  0.10 999.0 10.90  20.40     9 99.00 99.00
2012 05 04 12 00     1.0 15.20 999.00  0.10 999.0 11.00  21.30     8 99.00 99.00
2012 05 04 13 00     1.0 15.20 999.00  0.10 999.0 11.00  18.90     8 99.00 99.00
2012 05 04 14 00     1.0 15.50 999.00  0.10 999.0 11.30  15.90     7 99.00 99.00
2012 05 04 15 00     1.0 15.70 999.00  0.10 999.0 11.40  14.60     7 99.00 99.00
2012 05 04 16 00     1.0 15.80 999.00  0.10 999.0 11.40  13.00     7 99.00 99.00
2012 05 04 17 00     1.0 16.20 999.00  0.10 999.0 11.50  13.10     7 99.00 99.00
2012 05 04 18 00     1.0 15.80 999.00  0.10 999.0 11.20  12.60     7 99.00 99.00
2012 05 04 19 00     1.0 15.40 999.00  0.10 999.0 11.10  13.40     7 99.00 99.00
2012 05 04 20 00     1.0 15.60 999.00  0.10 999.0 11.20  13.60     7 99.00 99.00
2012 05 04 21 00     1.0 15.80 999.00  0.10 999.0 11.20  16.10     7 99.00 99.00
2012 05 04 22 00     1.0 16.00 999.00  0.10 999.0 11.40  16.30     7 99.00 99.00
2012 05 04 23 00     1.0 15.60 999.00  0.10 999.0 11.20  16.60     7 99.00 99.00
2012 05 05 00 00     1.0 15.30 999.00  0.10 999.0 10.80  17.30     9 99.00 99.00
2012 05 05 01 00     1.0 15.50 999.00  0.10 999.0 10.60  18.40     7 99.00 99.00
2012 05 05 02 00     1.0 15.60 999.00  0.10 999.0 10.60  18.90     7 99.00 99.00
2012 05 05 03 00     1.0 15.90 999.00  0.10 999.0 10.90  19.60     7 99.00 99.00
2012 05 05 04 00     1.0 16.00 999.00  0.10 999.0 11.10  19.80     7 99.00 99.00
2012 05 05 05 00     1.0 16.00 999.00  0.10 999.0 11.10  19.10     7 99.00 99.00
2012 05 05 06 00     1.0 16.10 999.00  0.10 999.0 11.00  18.90     7 99.00 99.00
2012 05 05 07 00     1.0 16.10 999.00  0.10 999.0 11.00  18.90     7 99.00 99.00
2012 05 05 08 00     1.0 16.00 999.00  0.10 999.0 10.90  19.40     7 99.00 99.00
2012 05 05 09 00     1.0 16.10 999.00  0.10 999.0 10.80  18.60     7 99.00 99.00
2012 05 05 10 00     1.0 15.90 999.00  0.10 999.0 10.70  19.30     7 99.00 99.00
2012 05 05 11 00     1.0 15.70 999.00  0.10 999.0 10.40  17.10     8 99.00 99.00
2012 05 05 12 00     1.0 15.70 999.00  0.10 999.0 10.50  16.60     7 99.00 99.00
2012 05 05 13 00     1.0 16.10 999.00  0.10 999.0 11.00  13.20     6 99.00 99.00
2012 05 05 14 00     1.0 16.60 999.00  0.10 999.0 11.20   9.60     6 99.00 99.00
2012 05 05 15 00     1.0 17.00 999.00  0.10 999.0 11.40  12.70     6 99.00 99.00
2012 05 05 16 00     1.0 17.00 999.00  0.10 999.0 11.50  11.10     6 99.00 99.00
2012 05 05 17 00     1.0 16.40 999.00  0.10 999.0 11.10  12.50     7 99.00 99.00
2012 05 05 18 00     1.0 16.40 999.00  0.10 999.0 10.90  11.20     7 99.00 99.00
2012 05 05 19 00     1.0 16.30 999.00  0.10 999.0 11.00  12.80     8 99.00 99.00
2012 05 05 20 00     1.0 16.40 999.00  0.10 999.0 11.10  10.70     7 99.00 99.00
2012 05 05 21 00     1.0 16.30 999.00  0.10 999.0 11.10  14.10     7 99.00 99.00
2012 05 05 22 00     1.0 16.30 999.00  0.10 999.0 11.10  15.00     8 99.00 99.00
2012 05 05 23 00     1.0 16.40 999.00  0.10 999.0 11.10  16.90     7 99.00 99.00
2012 05 06 00 00     1.0 16.60 999.00  0.10 999.0 11.10  17.90     7 99.00 99.00
2012 05 06 01 00     1.0 16.70 999.00  0.10 999.0 10.70  17.70     6 99.00 99.00
2012 05 06 02 00     1.0 16.80 999.00  0.10 999.0 10.50  16.00     6 99.00 99.00
2012 05 06 03 00     1.0 17.10 999.00  0.10 999.0 10.70  15.80     7 99.00 99.00
2012 05 06 04 00     1.0 17.10 999.00  0.10 999.0 10.70  15.30     7 99.00 99.00
2012 05 06 05 00     1.0 17.20 999.00  0.10 999.0 10.80  15.30     7 99.00 99.00
2012 05 06 06 00     1.0 17.20 999.00  0.10 999.0 10.70  15.10     6 99.00 99.00
2012 05 06 07 00     1.0 17.20 999.00  0.10 999.0 10.70  15.00     6 99.00 99.00
2012 05 06 08 00     1.0 17.20 999.00  0.10 999.0 10.70  15.30     6 99.00 99.00
2012 05 06 09 00     1.0 17.10 999.00  0.10 999.0 10.70  15.80     6 99.00 99.00
2012 05 06 10 00     1.0 17.10 999.00  0.10 999.0 10.60  16.00     6 99.00 99.00
2012 05 06 11 00     1.0 17.00 999.00  0.10 999.0 10.50  14.00     7 99.00 99.00
2012 05 06 12 00     1.0 16.90 999.00  0.10 999.0 10.40  14.20     7 99.00 99.00
2012 05 06 13 00     1.0 16.90 999.00  0.10 999.0 10.40  14.60     7 99.00 99.00
2012 05 06 14 00     1.0 16.90 999.00  0.10 999.0 10.40  14.20     7 99.00 99.00
2012 05 06 15 00     1.0 17.20 999.00  0.10 999.0 10.80  11.10     6 99.00 99.00
2012 05 06 16 00     1.0 17.60 999.00  0.10 999.0 10.80   8.60     6 99.00 99.00
2012 05 06 17 00     1.0 18.10 999.00  0.10 999.0 10.70   7.40     6 99.00 99.00
2012 05 06 18 00     1.0 17.50 999.00  0.10 999.0 10.60   9.60     6 99.00 99.00
2012 05 06 19 00     1.0 17.40 999.00  0.10 999.0 10.50  10.00     6 99.00 99.00
2012 05 06 20 00     1.0 17.50 999.00  0.10 999.0 10.60  12.00     6 99.00 99.00
2012 05 06 21 00     1.0 17.40 999.00  0.10 999.0 10.50  12.30     7 99.00 99.00
2012 05 06 22 00     1.0 17.40 999.00  0.10 999.0 10.30  13.80     8 99.00 99.00
2012 05 06 23 00     1.0 17.50 999.00  0.10 999.0 10.00  13.70     7 99.00 99.00
2012 05 07 00 00     1.0 17.40 999.00  0.10 999.0  9.80  14.00     7 99.00 99.00
2012 05 07 01 00     1.0 17.30 999.00  0.10 999.0 10.10  14.40     7 99.00 99.00
2012 05 07 02 00     1.0 17.20 999.00  0.10 999.0 10.40  14.40     7 99.00 99.00
2012 05 07 03 00     1.0 17.30 999.00  0.10 999.0 10.40  13.60     7 99.00 99.00
2012 05 07 04 00     1.0 17.30 999.00  0.10 999.0 10.40  13.80     7 99.00 99.00
2012 05 07 05 00     1.0 17.30 999.00  0.10 999.0 10.30  13.40     7 99.00 99.00
2012 05 07 06 00     1.0 17.30 999.00  0.10 999.0 10.30  13.30     6 99.00 99.00
2012 05 07 07 00     1.0 17.30 999.00  0.10 999.0 10.30  13.30     6 99.00 99.00
2012 05 07 08 00     1.0 17.30 999.00  0.10 999.0 10.20  13.50     6 99.00 99.00
2012 05 07 09 00     1.0 17.30 999.00  0.10 999.0 10.10  13.90     7 99.00 99.00
2012 05 07 10 00     1.0 17.20 999.00  0.10 999.0 10.10  14.70     7 99.00 99.00
2012 05 07 11 00     1.0 17.20 999.00  0.10 999.0 10.10  13.20     7 99.00 99.00
2012 05 07 12 00     1.0 17.20 999.00  0.10 999.0 10.10  11.80     6 99.00 99.00
2012 05 07 13 00     1.0 17.40 999.00  0.10 999.0 10.30  11.60     6 99.00 99.00
2012 05 07 14 00     1.0 17.50 999.00  0.10 999.0 10.30  10.60     6 99.00 99.00
2012 05 07 15 00     1.0 17.70 999.00  0.10 999.0 10.20  12.00     6 99.00 99.00
2012 05 07 16 00     1.0 17.60 999.00  0.10 999.0 10.00  11.70     7 99.00 99.00
2012 05 07 17 00     1.0 17.70 999.00  0.10 999.0  9.90  11.90     7 99.00 99.00
2012 05 07 18 00     1.0 17.70 999.00  0.10 999.0  9.80  10.40     6 99.00 99.00
2012 05 07 19 00     1.0 17.50 999.00  0.10 999.0  9.40   9.90     7 99.00 99.00
2012 05 07 20 00     1.0 17.50 999.00  0.10 999.0  9.50  10.50     6 99.00 99.00
2012 05 07 21 00     1.0 17.70 999.00  0.10 999.0  9.90  10.20     6 99.00 99.00
2012 05 07 22 00     1.0 17.80 999.00  0.10 999.0  9.90  11.90     7 99.00 99.00
2012 05 07 23 00     1.0 17.80 999.00  0.10 999.0  9.80  12.20     8 99.00 99.00
2012 05 08 00 00     1.0 17.80 999.00  0.10 999.0  9.80  12.60     8 99.00 99.00
2012 05 08 01 00     1.0 17.80 999.00  0.10 999.0  9.70  13.20     8 99.00 99.00
2012 05 08 02 00     1.0 17.80 999.00  0.10 999.0  9.80  12.70     7 99.00 99.00
2012 05 08 03 00     1.0 17.90 999.00  0.10 999.0  9.80  13.10     8 99.00 99.00
2012 05 08 04 00     1.0 17.90 999.00  0.10 999.0  9.80  13.30     8 99.00 99.00
2012 05 08 05 00     1.0 17.90 999.00  0.10 999.0  9.70  13.30     7 99.00 99.00
2012 05 08 06 00     1.0 18.00 999.00  0.10 999.0  9.70  13.30     7 99.00 99.00
2012 05 08 07 00     1.0 18.00 999.00  0.10 999.0  9.70  13.20     7 99.00 99.00
2012 05 08 08 00     1.0 17.90 999.00  0.10 999.0  9.70  13.10     7 99.00 99.00
2012 05 08 09 00     1.0 18.00 999.00  0.10 999.0  9.60  13.30     6 99.00 99.00
2012 05 08 10 00     1.0 17.90 999.00  0.10 999.0  9.60  13.40     6 99.00 99.00
2012 05 08 11 00     1.0 17.90 999.00  0.10 999.0  9.60  12.20     7 99.00 99.00
2012 05 08 12 00     1.0 17.90 999.00  0.10 999.0  9.60  11.70     8 99.00 99.00
2012 05 08 13 00     1.0 18.00 999.00  0.10 999.0  9.60  11.30     8 99.00 99.00
2012 05 08 14 00     1.0 18.10 999.00  0.10 999.0  9.60  11.70     8 99.00 99.00
2012 05 08 15 00     1.0 18.10 999.00  0.10 999.0  9.50  11.20     8 99.00 99.00
2012 05 08 16 00     1.0 18.30 999.00  0.10 999.0  9.50  10.60     7 99.00 99.00
2012 05 08 17 00     1.0 18.30 999.00  0.10 999.0  9.40  10.90     7 99.00 99.00
2012 05 08 18 00     1.0 18.40 999.00  0.10 999.0  9.20  11.00     8 99.00 99.00
2012 05 08 19 00     1.0 18.40 999.00  0.10 999.0  9.20  11.30     8 99.00 99.00
2012 05 08 20 00     1.0 18.40 999.00  0.10 999.0  9.10  11.30     8 99.00 99.00
2012 05 08 21 00     1.0 18.30 999.00  0.10 999.0  9.00  11.30     8 99.00 99.00
2012 05 08 22 00     1.0 18.50 999.00  0.10 999.0  9.10  11.30     8 99.00 99.00
2012 05 08 23 00     1.0 18.70 999.00  0.10 999.0  9.30  11.40     8 99.00 99.00
2012 05 09 00 00     1.0 18.80 999.00  0.10 999.0  9.30  12.50     7 99.00 99.00
2012 05 09 01 00     1.0 18.90 999.00  0.10 999.0  9.30  13.20     6 99.00 99.00
2012 05 09 02 00     1.0 18.90 999.00  0.10 999.0  9.20  13.10     6 99.00 99.00
2012 05 09 03 00     1.0 19.00 999.00  0.10 999.0  9.20  12.90     6 99.00 99.00
2012 05 09 04 00     1.0 19.10 999.00  0.10 999.0  9.20  12.80     6 99.00 99.00
2012 05 09 05 00     1.0 19.10 999.00  0.10 999.0  9.20  12.50     6 99.00 99.00
2012 05 09 06 00     1.0 19.00 999.00  0.10 999.0  9.20  12.20     6 99.00 99.00
2012 05 09 07 00     1.0 19.00 999.00  0.10 999.0  9.20  12.10     6 99.00 99.00
2012 05 09 08 00     1.0 19.10 999.00  0.10 999.0  9.10  12.00     6 99.00 99.00
2012 05 09 09 00     1.0 19.00 999.00  0.10 999.0  9.10  11.90     6 99.00 99.00
2012 05 09 10 00     1.0 19.00 999.00  0.10 999.0  9.00  12.40     6 99.00 99.00
2012 05 09 11 00     1.0 19.00 999.00  0.10 999.0  8.90  11.70     6 99.00 99.00
2012 05 09 12 00     1.0 19.00 999.00  0.10 999.0  8.80  10.30     6 99.00 99.00
2012 05 09 13 00     1.0 19.00 999.00  0.10 999.0  8.70  10.10     6 99.00 99.00
2012 05 09 14 00     1.0 19.00 999.00  0.10 999.0  8.80  10.00     6 99.00 99.00
2012 05 09 15 00     1.0 19.20 999.00  0.10 999.0  9.00   9.20     6 99.00 99.00
2012 05 09 16 00     1.0 19.60 999.00  0.10 999.0  9.00   8.60     5 99.00 99.00
2012 05 09 17 00     1.0 19.20 999.00  0.10 999.0  8.70   8.60     6 99.00 99.00
2012 05 09 18 00     1.0 19.40 999.00  0.10 999.0  8.70   8.30     6 99.00 99.00
2012 05 09 19 00     1.0 19.70 999.00  0.10 999.0  8.40   7.00     7 99.00 99.00
2012 05 09 20 00     1.0 19.70 999.00  0.10 999.0  8.20   7.60     7 99.00 99.00
2012 05 09 21 00     1.0 19.70 999.00  0.10 999.0  8.50   9.30     7 99.00 99.00
2012 05 09 22 00     1.0 19.60 999.00  0.10 999.0  8.70   9.90     8 99.00 99.00
2012 05 09 23 00     1.0 19.70 999.00  0.10 999.0  8.80  10.10     8 99.00 99.00
2012 05 10 00 00     1.0 19.70 999.00  0.10 999.0  8.80  10.30     8 99.00 99.00
2012 05 10 01 00     1.0 19.70 999.00  0.10 999.0  8.80  10.40     9 99.00 99.00
2012 05 10 02 00     1.0 19.70 999.00  0.10 999.0  8.80  10.60     8 99.00 99.00
2012 05 10 03 00     1.0 19.70 999.00  0.10 999.0  8.80  10.80     8 99.00 99.00
2012 05 10 04 00     1.0 19.70 999.00  0.10 999.0  8.80  11.60     8 99.00 99.00
2012 05 10 05 00     1.0 19.70 999.00  0.10 999.0  8.80  11.60     8 99.00 99.00
2012 05 10 06 00     1.0 19.70 999.00  0.10 999.0  8.80  11.80     8 99.00 99.00
2012 05 10 07 00     1.0 19.70 999.00  0.10 999.0  8.70  11.50     7 99.00 99.00
2012 05 10 08 00     1.0 19.60 999.00  0.10 999.0  8.70  10.80     7 99.00 99.00
2012 05 10 09 00     1.0 19.60 999.00  0.10 999.0  8.60  10.50     8 99.00 99.00
2012 05 10 10 00     1.0 19.60 999.00  0.10 999.0  8.60  10.20     8 99.00 99.00
2012 05 10 11 00     1.0 19.50 999.00  0.10 999.0  8.60   9.00     8 99.00 99.00
2012 05 10 12 00     1.0 19.50 999.00  0.10 999.0  8.60   8.50     8 99.00 99.00
2012 05 10 13 00     1.0 19.60 999.00  0.10 999.0  8.50   8.20    10 99.00 99.00
2012 05 10 14 00     1.0 19.60 999.00  0.10 999.0  8.50   7.80    10 99.00 99.00
2012 05 10 15 00     1.0 19.50 999.00  0.10 999.0  8.40   8.10     9 99.00 99.00
2012 05 10 16 00     1.0 19.40 999.00  0.10 999.0  8.50   7.00     9 99.00 99.00
2012 05 10 17 00     1.0 19.40 999.00  0.10 999.0  8.60   6.40    10 99.00 99.00
2012 05 10 18 00     1.0 19.30 999.00  0.10 999.0  8.40   7.60    10 99.00 99.00
2012 05 10 19 00     1.0 19.10 999.00  0.10 999.0  8.30   6.40    10 99.00 99.00
2012 05 10 20 00     1.0 19.00 999.00  0.10 999.0  8.40   8.50    11 99.00 99.00
2012 05 10 21 00     1.0 19.10 999.00  0.10 999.0  8.90   8.90    12 99.00 99.00
2012 05 10 22 00     1.0 19.30 999.00  0.10 999.0  8.80   9.90    12 99.00 99.00
2012 05 10 23 00     1.0 19.30 999.00  0.10 999.0  8.80   9.80    14 99.00 99.00
2012 05 11 00 00     1.0 19.20 999.00  0.10 999.0  8.90  10.10    13 99.00 99.00
2012 05 11 01 00     1.0 19.10 999.00  0.10 999.0  9.10  11.40    12 99.00 99.00
2012 05 11 02 00     1.0 19.00 999.00  0.10 999.0  9.00  11.70    12 99.00 99.00
2012 05 11 03 00     1.0 18.90 999.00  0.10 999.0  9.00  11.60    12 99.00 99.00
2012 05 11 04 00     1.0 18.80 999.00  0.10 999.0  9.00  13.10    10 99.00 99.00
2012 05 11 05 00     1.0 18.80 999.00  0.10 999.0  9.00  12.70    10 99.00 99.00
2012 05 11 06 00     1.0 18.80 999.00  0.10 999.0  8.90  12.70    10 99.00 99.00
2012 05 11 07 00     1.0 18.70 999.00  0.10 999.0  8.90  12.50    10 99.00 99.00
2012 05 11 08 00     1.0 18.70 999.00  0.10 999.0  8.80  11.90    10 99.00 99.00
2012 05 11 09 00     1.0 18.70 999.00  0.10 999.0  8.80  11.40    10 99.00 99.00
2012 05 11 10 00     1.0 18.70 999.00  0.10 999.0  8.80  10.40    10 99.00 99.00
2012 05 11 11 00     1.0 18.60 999.00  0.10 999.0  8.80   9.60    10 99.00 99.00
2012 05 11 12 00     1.0 18.50 999.00  0.10 999.0  8.70   9.00    11 99.00 99.00
2012 05 11 13 00     1.0 18.30 999.00  0.10 999.0  8.80   8.20    10 99.00 99.00
2012 05 11 14 00     1.0 18.30 999.00  0.10 999.0  8.80   7.90    11 99.00 99.00
2012 05 11 15 00     1.0 18.40 999.00  0.10 999.0  8.90   7.20    10 99.00 99.00
2012 05 11 16 00     1.0 18.30 999.00  0.10 999.0  9.00   8.10     9 99.00 99.00
2012 05 11 17 00     1.0 18.00 999.00  0.10 999.0  8.90   7.70     9 99.00 99.00
2012 05 11 18 00     1.0 18.00 999.00  0.10 999.0  9.00   9.30    10 99.00 99.00
2012 05 11 19 00     1.0 18.10 999.00  0.10 999.0  9.10   9.50    11 99.00 99.00
2012 05 11 20 00     1.0 18.30 999.00  0.10 999.0  9.30  11.30    12 99.00 99.00
2012 05 11 21 00     1.0 18.50 999.00  0.10 999.0  9.40  11.20    12 99.00 99.00
2012 05 11 22 00     1.0 18.60 999.00  0.10 999.0  9.50  13.50    13 99.00 99.00
2012 05 11 23 00     1.0 18.70 999.00  0.10 999.0  9.60  14.30    13 99.00 99.00
2012 05 12 00 00     1.0 18.60 999.00  0.10 999.0  9.60  14.40    13 99.00 99.00
2012 05 12 01 00     1.0 18.60 999.00  0.10 999.0  9.70  15.20    12 99.00 99.00
2012 05 12 02 00     1.0 18.50 999.00  0.10 999.0  9.60  14.80    12 99.00 99.00
2012 05 12 03 00     1.0 18.60 999.00  0.10 999.0  9.60  14.20    12 99.00 99.00
2012 05 12 04 00     1.0 18.50 999.00  0.10 999.0  9.60  14.40    11 99.00 99.00
2012 05 12 05 00     1.0 18.50 999.00  0.10 999.0  9.50  14.70    10 99.00 99.00
2012 05 12 06 00     1.0 18.50 999.00  0.10 999.0  9.50  14.50    10 99.00 99.00
2012 05 12 07 00     1.0 18.40 999.00  0.10 999.0  9.40  14.50    10 99.00 99.00
2012 05 12 08 00     1.0 18.30 999.00  0.10 999.0  9.40  14.00    10 99.00 99.00
2012 05 12 09 00     1.0 18.20 999.00  0.10 999.0  9.40  13.70     9 99.00 99.00
2012 05 12 10 00     1.0 18.10 999.00  0.10 999.0  9.40  13.40    10 99.00 99.00
2012 05 12 11 00     1.0 18.00 999.00  0.10 999.0  9.40  11.60    10 99.00 99.00
2012 05 12 12 00     1.0 17.90 999.00  0.10 999.0  9.30  10.70    10 99.00 99.00
2012 05 12 13 00     1.0 18.10 999.00  0.10 999.0  9.40   8.60     9 99.00 99.00
2012 05 12 14 00     1.0 18.10 999.00  0.10 999.0  9.40   7.90     9 99.00 99.00
2012 05 12 15 00     1.0 18.20 999.00  0.10 999.0  9.40   7.30     9 99.00 99.00
2012 05 12 16 00     1.0 18.30 999.00  0.10 999.0  9.40   6.90     8 99.00 99.00
2012 05 12 17 00     1.0 18.30 999.00  0.10 999.0  9.40   7.40     9 99.00 99.00
2012 05 12 18 00     1.0 18.30 999.00  0.10 999.0  9.30   7.50     9 99.00 99.00
2012 05 12 19 00     1.0 18.30 999.00  0.10 999.0  9.30   8.10    10 99.00 99.00
2012 05 12 20 00     1.0 18.50 999.00  0.10 999.0  9.50   8.60    10 99.00 99.00
2012 05 12 21 00     1.0 18.70 999.00  0.10 999.0  9.70  10.40    10 99.00 99.00
2012 05 12 22 00     1.0 18.80 999.00  0.10 999.0  9.70  11.00    11 99.00 99.00
2012 05 12 23 00     1.0 19.00 999.00  0.10 999.0  9.70  10.50    12 99.00 99.00
2012 05 13 00 00     1.0 18.90 999.00  0.10 999.0  9.70  10.30    11 99.00 99.00
2012 05 13 01 00     1.0 18.90 999.00  0.10 999.0  9.60  10.40    10 99.00 99.00
2012 05 13 02 00     1.0 18.90 999.00  0.10 999.0  9.60   9.80    11 99.00 99.00
2012 05 13 03 00     1.0 18.90 999.00  0.10 999.0  9.60   9.30    11 99.00 99.00
2012 05 13 04 00     1.0 18.80 999.00  0.10 999.0  9.50   8.60    11 99.00 99.00
2012 05 13 05 00     1.0 18.80 999.00  0.10 999.0  9.50   8.60    10 99.00 99.00
2012 05 13 06 00     1.0 18.80 999.00  0.10 999.0  9.50   9.00     9 99.00 99.00
2012 05 13 07 00     1.0 18.80 999.00  0.10 999.0  9.40   9.70     9 99.00 99.00
2012 05 13 08 00     1.0 18.80 999.00  0.10 999.0  9.40   9.70     9 99.00 99.00
2012 05 13 09 00     1.0 18.80 999.00  0.10 999.0  9.40   9.50     8 99.00 99.00
2012 05 13 10 00     1.0 18.80 999.00  0.10 999.0  9.40   9.40     8 99.00 99.00
2012 05 13 11 00     1.0 18.80 999.00  0.10 999.0  9.40   8.60     8 99.00 99.00
2012 05 13 12 00     1.0 19.00 999.00  0.10 999.0  9.50   9.10     8 99.00 99.00
2012 05 13 13 00     1.0 19.20 999.00  0.10 999.0  9.70   9.40     8 99.00 99.00
2012 05 13 14 00     1.0 19.30 999.00  0.10 999.0  9.80   7.30     8 99.00 99.00
2012 05 13 15 00     1.0 18.60 999.00  0.10 999.0  9.20   6.00     9 99.00 99.00
2012 05 13 16 00     1.0 18.60 999.00  0.10 999.0  9.30   5.70    10 99.00 99.00
2012 05 13 17 00     1.0 19.00 999.00  0.10 999.0  9.50   5.50     9 99.00 99.00
2012 05 13 18 00     1.0 19.00 999.00  0.10 999.0  9.50   5.80     9 99.00 99.00
2012 05 13 19 00     1.0 19.00 999.00  0.10 999.0  9.50   6.00     9 99.00 99.00
2012 05 13 20 00     1.0 19.30 999.00  0.10 999.0  9.50   6.70     8 99.00 99.00
2012 05 13 21 00     1.0 19.00 999.00  0.10 999.0  9.50   9.10     8 99.00 99.00
2012 05 13 22 00     1.0 19.10 999.00  0.10 999.0  9.80  10.90     9 99.00 99.00
2012 05 13 23 00     1.0 19.10 999.00  0.10 999.0  9.60   9.70    10 99.00 99.00
2012 05 14 00 00     1.0 19.20 999.00  0.10 999.0  9.70   9.90    10 99.00 99.00
2012 05 14 01 00     1.0 19.10 999.00  0.10 999.0  9.60  10.20    11 99.00 99.00
2012 05 14 02 00     1.0 19.10 999.00  0.10 999.0  9.60   9.80    10 99.00 99.00
2012 05 14 03 00     1.0 19.10 999.00  0.10 999.0  9.60   9.90     9 99.00 99.00
2012 05 14 04 00     1.0 19.10 999.00  0.10 999.0  9.60  10.00     9 99.00 99.00
2012 05 14 05 00     1.0 19.10 999.00  0.10 999.0  9.60  10.00     9 99.00 99.00
2012 05 14 06 00     1.0 19.10 999.00  0.10 999.0  9.60  10.10     8 99.00 99.00
2012 05 14 07 00     1.0 19.10 999.00  0.10 999.0  9.50  10.50     8 99.00 99.00
2012 05 14 08 00     1.0 19.10 999.00  0.10 999.0  9.50  10.00     9 99.00 99.00
2012 05 14 09 00     1.0 19.00 999.00  0.10 999.0  9.40   9.70     9 99.00 99.00
2012 05 14 10 00     1.0 19.00 999.00  0.10 999.0  9.40   9.90     9 99.00 99.00
2012 05 14 11 00     1.0 19.00 999.00  0.10 999.0  9.40   9.10     9 99.00 99.00
2012 05 14 12 00     1.0 18.90 999.00  0.10 999.0  9.40   8.50     9 99.00 99.00
2012 05 14 13 00     1.0 18.80 999.00  0.10 999.0  9.30   8.30     9 99.00 99.00
2012 05 14 14 00     1.0 18.70 999.00  0.10 999.0  9.20   8.00    10 99.00 99.00
2012 05 14 15 00     1.0 18.60 999.00  0.10 999.0  9.10   7.30    11 99.00 99.00
2012 05 14 16 00     1.0 18.50 999.00  0.10 999.0  9.00   6.70    11 99.00 99.00
2012 05 14 17 00     1.0 18.50 999.00  0.10 999.0  9.00   6.40    11 99.00 99.00
2012 05 14 18 00     1.0 18.50 999.00  0.10 999.0  9.00   6.00    10 99.00 99.00
2012 05 14 19 00     1.0 18.60 999.00  0.10 999.0  9.10   6.50     9 99.00 99.00
2012 05 14 20 00     1.0 18.70 999.00  0.10 999.0  8.90   6.50     9 99.00 99.00
2012 05 14 21 00     1.0 18.60 999.00  0.10 999.0  9.00   8.30     9 99.00 99.00
2012 05 14 22 00     1.0 18.60 999.00  0.10 999.0  9.20   9.60    10 99.00 99.00
2012 05 14 23 00     1.0 18.50 999.00  0.10 999.0  9.20   9.50    12 99.00 99.00
2012 05 15 00 00     1.0 18.50 999.00  0.10 999.0  9.30   9.60    11 99.00 99.00
2012 05 15 01 00     1.0 18.60 999.00  0.10 999.0  9.40  10.40    11 99.00 99.00
2012 05 15 02 00     1.0 18.60 999.00  0.10 999.0  9.50  10.50    11 99.00 99.00
2012 05 15 03 00     1.0 18.60 999.00  0.10 999.0  9.50  10.50    12 99.00 99.00
2012 05 15 04 00     1.0 18.60 999.00  0.10 999.0  9.50  10.40    11 99.00 99.00
2012 05 15 05 00     1.0 18.60 999.00  0.10 999.0  9.50   9.80     9 99.00 99.00
2012 05 15 06 00     1.0 18.60 999.00  0.10 999.0  9.40  10.40     9 99.00 99.00
2012 05 15 07 00     1.0 18.50 999.00  0.10 999.0  9.40  10.00    10 99.00 99.00
2012 05 15 08 00     1.0 18.50 999.00  0.10 999.0  9.40   9.70    10 99.00 99.00
2012 05 15 09 00     1.0 18.50 999.00  0.10 999.0  9.30   9.60    10 99.00 99.00
2012 05 15 10 00     1.0 18.50 999.00  0.10 999.0  9.30   9.50    10 99.00 99.00
2012 05 15 11 00     1.0 18.50 999.00  0.10 999.0  9.20   8.90    11 99.00 99.00
2012 05 15 12 00     1.0 18.50 999.00  0.10 999.0  9.20   8.70    10 99.00 99.00
2012 05 15 13 00     1.0 18.50 999.00  0.10 999.0  9.30   8.10    10 99.00 99.00
2012 05 15 14 00     1.0 18.50 999.00  0.10 999.0  9.20   8.00     9 99.00 99.00
2012 05 15 15 00     1.0 18.90 999.00  0.10 999.0  9.40   8.20     8 99.00 99.00
2012 05 15 16 00     1.0 19.10 999.00  0.10 999.0  9.30   7.10     8 99.00 99.00
2012 05 15 17 00     1.0 19.20 999.00  0.10 999.0  9.10   6.50     9 99.00 99.00
2012 05 15 18 00     1.0 19.10 999.00  0.10 999.0  9.10   5.90     9 99.00 99.00
2012 05 15 19 00     1.0 19.30 999.00  0.10 999.0  9.20   5.20     8 99.00 99.00
2012 05 15 20 00     1.0 19.30 999.00  0.10 999.0  9.10   5.30     8 99.00 99.00
2012 05 15 21 00     1.0 19.40 999.00  0.10 999.0  9.10   6.40     7 99.00 99.00
2012 05 15 22 00     1.0 19.20 999.00  0.10 999.0  8.90   6.80     7 99.00 99.00
2012 05 15 23 00     1.0 19.00 999.00  0.10 999.0  9.10   7.50     8 99.00 99.00
2012 05 16 00 00     1.0 19.10 999.00  0.10 999.0  9.10   7.10     9 99.00 99.00
2012 05 16 01 00     1.0 19.20 999.00  0.10 999.0  9.10   7.10    10 99.00 99.00
2012 05 16 02 00     1.0 19.10 999.00  0.10 999.0  9.20   7.00    11 99.00 99.00
2012 05 16 03 00     1.0 19.00 999.00  0.10 999.0  9.10   7.00    11 99.00 99.00
2012 05 16 04 00     1.0 19.00 999.00  0.10 999.0  9.10   7.10    10 99.00 99.00
2012 05 16 05 00     1.0 18.90 999.00  0.10 999.0  9.10   7.10    10 99.00 99.00
2012 05 16 06 00     1.0 18.90 999.00  0.10 999.0  9.00   7.00    10 99.00 99.00
2012 05 16 07 00     1.0 19.00 999.00  0.10 999.0  9.00   6.90     8 99.00 99.00
2012 05 16 08 00     1.0 19.00 999.00  0.10 999.0  8.90   7.10     8 99.00 99.00
2012 05 16 09 00     1.0 19.10 999.00  0.10 999.0  8.90   7.20     7 99.00 99.00
2012 05 16 10 00     1.0 19.20 999.00  0.10 999.0  8.90   6.70     7 99.00 99.00
2012 05 16 11 00     1.0 19.30 999.00  0.10 999.0  8.90   6.50     7 99.00 99.00
2012 05 16 12 00     1.0 19.40 999.00  0.10 999.0  8.90   5.20     7 99.00 99.00
2012 05 16 13 00     1.0 19.40 999.00  0.10 999.0  8.80   4.50     8 99.00 99.00
2012 05 16 14 00     1.0 19.50 999.00  0.10 999.0  8.80   4.80     8 99.00 99.00
2012 05 16 15 00     1.0 19.50 999.00  0.10 999.0  8.90   4.30     9 99.00 99.00
2012 05 16 16 00     1.0 19.40 999.00  0.10 999.0  8.80   4.70     8 99.00 99.00
2012 05 16 17 00     1.0 19.60 999.00  0.10 999.0  8.80   4.50     8 99.00 99.00
2012 05 16 18 00     1.0 19.60 999.00  0.10 999.0  8.80   4.50     9 99.00 99.00
2012 05 16 19 00     1.0 19.90 999.00  0.10 999.0  9.00   5.00     9 99.00 99.00
2012 05 16 20 00     1.0 19.90 999.00  0.10 999.0  9.00   5.20     9 99.00 99.00
2012 05 16 21 00     1.0 19.90 999.00  0.10 999.0  9.00   6.10     9 99.00 99.00
2012 05 16 22 00     1.0 20.00 999.00  0.10 999.0  9.00   6.30     8 99.00 99.00
2012 05 16 23 00     1.0 19.90 999.00  0.10 999.0  9.00   6.40    11 99.00 99.00
2012 05 17 00 00     1.0 20.00 999.00  0.10 999.0  9.10   6.80     9 99.00 99.00
2012 05 17 01 00     1.0 20.00 999.00  0.10 999.0  9.00   7.30     9 99.00 99.00
2012 05 17 02 00     1.0 20.00 999.00  0.10 999.0  9.10   6.60    10 99.00 99.00
2012 05 17 03 00     1.0 19.90 999.00  0.10 999.0  9.00   6.60    11 99.00 99.00
2012 05 17 04 00     1.0 19.90 999.00  0.10 999.0  9.00   6.70    12 99.00 99.00
2012 05 17 05 00     1.0 19.60 999.00  0.10 999.0  9.00   6.60    13 99.00 99.00
2012 05 17 06 00     1.0 19.40 999.00  0.10 999.0  9.00   6.90    12 99.00 99.00
2012 05 17 07 00     1.0 19.40 999.00  0.10 999.0  9.00   7.40    12 99.00 99.00
2012 05 17 08 00     1.0 19.30 999.00  0.10 999.0  9.00   7.80    11 99.00 99.00
2012 05 17 09 00     1.0 19.30 999.00  0.10 999.0  9.00   8.10    12 99.00 99.00
2012 05 17 10 00     1.0 19.30 999.00  0.10 999.0  9.00   8.80    12 99.00 99.00
2012 05 17 11 00     1.0 19.30 999.00  0.10 999.0  9.10   8.50    12 99.00 99.00
2012 05 17 12 00     1.0 19.40 999.00  0.10 999.0  9.20   8.10    12 99.00 99.00
2012 05 17 13 00     1.0 19.40 999.00  0.10 999.0  9.30   7.90    13 99.00 99.00
2012 05 17 14 00     1.0 19.50 999.00  0.10 999.0  9.40   7.60    13 99.00 99.00
2012 05 17 15 00     1.0 19.50 999.00  0.10 999.0  9.60   7.20    11 99.00 99.00
2012 05 17 16 00     1.0 19.60 999.00  0.10 999.0  9.60   6.80    11 99.00 99.00
2012 05 17 17 00     1.0 19.60 999.00  0.10 999.0  9.70   7.20    12 99.00 99.00
2012 05 17 18 00     1.0 19.70 999.00  0.10 999.0  9.70   7.30    12 99.00 99.00
2012 05 17 19 00     1.0 19.80 999.00  0.10 999.0  9.70   7.50    12 99.00 99.00
2012 05 17 20 00     1.0 19.80 999.00  0.10 999.0  9.70   7.60    12 99.00 99.00
2012 05 17 21 00     1.0 19.90 999.00  0.10 999.0  9.70   7.90    12 99.00 99.00
2012 05 17 22 00     1.0 19.90 999.00  0.10 999.0  9.70   8.80    13 99.00 99.00
2012 05 17 23 00     1.0 19.90 999.00  0.10 999.0  9.70   8.70    11 99.00 99.00
2012 05 18 00 00     1.0 19.80 999.00  0.10 999.0  9.60   8.40    12 99.00 99.00
2012 05 18 01 00     1.0 19.70 999.00  0.10 999.0  9.60   8.80    12 99.00 99.00
2012 05 18 02 00     1.0 19.40 999.00  0.10 999.0  9.60   8.60    13 99.00 99.00
2012 05 18 03 00     1.0 19.30 999.00  0.10 999.0  9.50   8.70    13 99.00 99.00
2012 05 18 04 00     1.0 19.30 999.00  0.10 999.0  9.50   8.50    14 99.00 99.00
2012 05 18 05 00     1.0 19.20 999.00  0.10 999.0  9.50   8.40    15 99.00 99.00
2012 05 18 06 00     1.0 19.20 999.00  0.10 999.0  9.40   8.50    14 99.00 99.00
2012 05 18 07 00     1.0 19.30 999.00  0.10 999.0  9.40   8.40    14 99.00 99.00
2012 05 18 08 00     1.0 19.40 999.00  0.10 999.0  9.30   8.40    12 99.00 99.00
2012 05 18 09 00     1.0 19.40 999.00  0.10 999.0  9.30   8.40    12 99.00 99.00
2012 05 18 10 00     1.0 19.50 999.00  0.10 999.0  9.30   8.40    13 99.00 99.00
2012 05 18 11 00     1.0 19.50 999.00  0.10 999.0  9.30   7.80    13 99.00 99.00
2012 05 18 12 00     1.0 19.60 999.00  0.10 999.0  9.40   7.20    12 99.00 99.00
2012 05 18 13 00     1.0 19.60 999.00  0.10 999.0  9.30   6.50    12 99.00 99.00
2012 05 18 14 00     1.0 19.80 999.00  0.10 999.0  9.30   5.50    11 99.00 99.00
2012 05 18 15 00     1.0 19.80 999.00  0.10 999.0  9.30   5.60    12 99.00 99.00
2012 05 18 16 00     1.0 19.80 999.00  0.10 999.0  9.40   5.70    12 99.00 99.00
2012 05 18 17 00     1.0 19.90 999.00  0.10 999.0  9.40   5.50    13 99.00 99.00
2012 05 18 18 00     1.0 19.90 999.00  0.10 999.0  9.30   5.30    12 99.00 99.00
2012 05 18 19 00     1.0 19.90 999.00  0.10 999.0  9.40   6.30    13 99.00 99.00
2012 05 18 20 00     1.0 20.10 999.00  0.10 999.0  9.50   6.60    12 99.00 99.00
2012 05 18 21 00     1.0 20.30 999.00  0.10 999.0  9.50   6.80    13 99.00 99.00
2012 05 18 22 00     1.0 20.10 999.00  0.10 999.0  9.50   6.60    13 99.00 99.00
2012 05 18 23 00     1.0 20.00 999.00  0.10 999.0  9.40   6.50    13 99.00 99.00
2012 05 19 00 00     1.0 20.00 999.00  0.10 999.0  9.40   6.20    14 99.00 99.00
2012 05 19 01 00     1.0 19.90 999.00  0.10 999.0  9.30   6.20    14 99.00 99.00
2012 05 19 02 00     1.0 19.80 999.00  0.10 999.0  9.30   6.00    14 99.00 99.00
2012 05 19 03 00     1.0 19.70 999.00  0.10 999.0  9.20   5.90    14 99.00 99.00
2012 05 19 04 00     1.0 19.50 999.00  0.10 999.0  9.20   5.70    15 99.00 99.00
2012 05 19 05 00     1.0 19.30 999.00  0.10 999.0  9.20   5.50    15 99.00 99.00
2012 05 19 06 00     1.0 19.20 999.00  0.10 999.0  9.10   5.40    15 99.00 99.00
2012 05 19 07 00     1.0 19.10 999.00  0.10 999.0  9.10   5.20    16 99.00 99.00
2012 05 19 08 00     1.0 19.00 999.00  0.10 999.0  9.00   5.10    15 99.00 99.00
2012 05 19 09 00     1.0 18.90 999.00  0.10 999.0  9.00   4.90    15 99.00 99.00
2012 05 19 10 00     1.0 19.00 999.00  0.10 999.0  9.00   4.90    15 99.00 99.00
2012 05 19 11 00     1.0 19.00 999.00  0.10 999.0  9.00   4.60    15 99.00 99.00
2012 05 19 12 00     1.0 19.00 999.00  0.10 999.0  9.00   4.30    15 99.00 99.00
2012 05 19 13 00     1.0 19.10 999.00  0.10 999.0  9.00   4.10    16 99.00 99.00
2012 05 19 14 00     1.0 19.20 999.00  0.10 999.0  9.00   3.90    16 99.00 99.00
2012 05 19 15 00     1.0 19.40 999.00  0.10 999.0  9.00   3.80    17 99.00 99.00
2012 05 19 16 00     1.0 19.50 999.00  0.10 999.0  9.00   3.70    16 99.00 99.00
2012 05 19 17 00     1.0 20.00 999.00  0.10 999.0  9.00   3.50    16 99.00 99.00
2012 05 19 18 00     1.0 19.90 999.00  0.10 999.0  9.10   3.70    16 99.00 99.00
2012 05 19 19 00     1.0 20.10 999.00  0.10 999.0  9.20   4.00    16 99.00 99.00
2012 05 19 20 00     1.0 20.30 999.00  0.10 999.0  9.20   4.30    16 99.00 99.00
2012 05 19 21 00     1.0 20.30 999.00  0.10 999.0  9.20   4.40    15 99.00 99.00
2012 05 19 22 00     1.0 20.20 999.00  0.10 999.0  9.20   4.50    15 99.00 99.00
2012 05 19 23 00     1.0 20.10 999.00  0.10 999.0  9.20   4.50    14 99.00 99.00
2012 05 20 00 00     1.0 20.10 999.00  0.10 999.0  9.20   4.60    14 99.00 99.00
2012 05 20 01 00     1.0 20.00 999.00  0.10 999.0  9.10   4.80    15 99.00 99.00
2012 05 20 02 00     1.0 19.90 999.00  0.10 999.0  9.10   4.30    16 99.00 99.00
2012 05 20 03 00     1.0 19.70 999.00  0.10 999.0  9.10   4.30    15 99.00 99.00
2012 05 20 04 00     1.0 19.60 999.00  0.10 999.0  9.10   4.10    14 99.00 99.00
2012 05 20 05 00     1.0 19.50 999.00  0.10 999.0  9.10   4.20    14 99.00 99.00
2012 05 20 07 00     1.0 19.10 999.00  0.10 999.0  9.10   4.10    15 99.00 99.00
2012 05 20 08 00     1.0 19.10 999.00  0.10 999.0  9.10   4.10    14 99.00 99.00
2012 05 20 09 00     1.0 19.00 999.00  0.10 999.0  9.10   4.20    13 99.00 99.00
2012 05 20 10 00     1.0 19.00 999.00  0.10 999.0  9.10   4.40    14 99.00 99.00
2012 05 20 11 00     1.0 19.00 999.00  0.10 999.0  9.00   4.20    14 99.00 99.00
2012 05 20 12 00     1.0 19.10 999.00  0.10 999.0  9.00   4.00    13 99.00 99.00
2012 05 20 13 00     1.0 19.30 999.00  0.10 999.0  9.10   4.00    12 99.00 99.00
2012 05 20 14 00     1.0 19.50 999.00  0.10 999.0  9.20   4.10    11 99.00 99.00
2012 05 20 15 00     1.0 19.60 999.00  0.10 999.0  9.30   3.70    11 99.00 99.00
2012 05 20 16 00     1.0 19.40 999.00  0.10 999.0  9.20   3.40    12 99.00 99.00
2012 05 20 17 00     1.0 19.30 999.00  0.10 999.0  9.10   3.60    13 99.00 99.00
2012 05 20 18 00     1.0 19.40 999.00  0.10 999.0  9.10   3.90    13 99.00 99.00
2012 05 20 19 00     1.0 19.50 999.00  0.10 999.0  9.10   4.20    13 99.00 99.00
2012 05 20 20 00     1.0 19.50 999.00  0.10 999.0  9.10   4.40    12 99.00 99.00
2012 05 20 21 00     1.0 19.60 999.00  0.10 999.0  9.00   4.70    11 99.00 99.00
2012 05 20 22 00     1.0 19.80 999.00  0.10 999.0  9.10   5.40    12 99.00 99.00
2012 05 20 23 00     1.0 20.00 999.00  0.10 999.0  9.20   5.60    12 99.00 99.00
2012 05 21 00 00     1.0 20.30 999.00  0.10 999.0  9.20   5.80    12 99.00 99.00
2012 05 21 01 00     1.0 20.30 999.00  0.10 999.0  9.20   6.20    12 99.00 99.00
2012 05 21 02 00     1.0 20.30 999.00  0.10 999.0  9.10   5.80    12 99.00 99.00
2012 05 21 03 00     1.0 20.40 999.00  0.10 999.0  9.10   5.50    12 99.00 99.00
2012 05 21 04 00     1.0 20.40 999.00  0.10 999.0  9.10   5.50    11 99.00 99.00
2012 05 21 05 00     1.0 20.30 999.00  0.10 999.0  9.00   5.60    12 99.00 99.00
2012 05 21 06 00     1.0 20.20 999.00  0.10 999.0  8.90   5.40    12 99.00 99.00
2012 05 21 07 00     1.0 20.10 999.00  0.10 999.0  8.90   5.30    12 99.00 99.00
2012 05 21 08 00     1.0 20.00 999.00  0.10 999.0  8.90   5.10    12 99.00 99.00
2012 05 21 09 00     1.0 20.00 999.00  0.10 999.0  8.90   5.10    12 99.00 99.00
2012 05 21 10 00     1.0 20.00 999.00  0.10 999.0  8.80   5.20    12 99.00 99.00
2012 05 21 11 00     1.0 20.00 999.00  0.10 999.0  8.80   5.00    12 99.00 99.00
2012 05 21 12 00     1.0 20.00 999.00  0.10 999.0  8.90   5.00    11 99.00 99.00
2012 05 21 13 00     1.0 20.00 999.00  0.10 999.0  8.90   5.10    11 99.00 99.00
2012 05 21 14 00     1.0 20.00 999.00  0.10 999.0  8.90   5.30    11 99.00 99.00
2012 05 21 15 00     1.0 20.00 999.00  0.10 999.0  8.80   4.90    11 99.00 99.00
2012 05 21 16 00     1.0 20.20 999.00  0.10 999.0  8.90   5.40    10 99.00 99.00
2012 05 21 17 00     1.0 20.10 999.00  0.10 999.0  8.70   4.10    12 99.00 99.00
2012 05 21 18 00     1.0 20.10 999.00  0.10 999.0  8.70   4.50    12 99.00 99.00
2012 05 21 19 00     1.0 20.00 999.00  0.10 999.0  8.80   4.70    12 99.00 99.00
2012 05 21 20 00     1.0 20.10 999.00  0.10 999.0  8.80   4.80    11 99.00 99.00
2012 05 21 21 00     1.0 20.00 999.00  0.10 999.0  8.50   4.60    11 99.00 99.00
2012 05 21 22 00     1.0 19.90 999.00  0.10 999.0  8.60   5.90    13 99.00 99.00
2012 05 21 23 00     1.0 20.00 999.00  0.10 999.0  8.70   5.80    15 99.00 99.00
2012 05 22 00 00     1.0 20.00 999.00  0.10 999.0  8.80   5.60    14 99.00 99.00
2012 05 22 01 00     1.0 20.00 999.00  0.10 999.0  8.80   6.20    13 99.00 99.00
2012 05 22 02 00     1.0 20.00 999.00  0.10 999.0  8.90   6.10    12 99.00 99.00
2012 05 22 03 00     1.0 20.10 999.00  0.10 999.0  8.90   6.10    12 99.00 99.00
2012 05 22 04 00     1.0 20.20 999.00  0.10 999.0  8.90   6.20    11 99.00 99.00
2012 05 22 05 00     1.0 20.30 999.00  0.10 999.0  8.90   6.10    10 99.00 99.00
2012 05 22 07 00     1.0 20.40 999.00  0.10 999.0  8.80   6.20     9 99.00 99.00
2012 05 22 08 00     1.0 20.40 999.00  0.10 999.0  8.80   6.10    10 99.00 99.00
2012 05 22 09 00     1.0 20.40 999.00  0.10 999.0  8.80   6.10    10 99.00 99.00
2012 05 22 10 00     1.0 20.40 999.00  0.10 999.0  8.70   6.20     9 99.00 99.00
2012 05 22 11 00     1.0 20.30 999.00  0.10 999.0  8.70   5.60    10 99.00 99.00
2012 05 22 12 00     1.0 20.30 999.00  0.10 999.0  8.80   5.50    10 99.00 99.00
2012 05 22 13 00     1.0 20.30 999.00  0.10 999.0  8.80   6.20     9 99.00 99.00
2012 05 22 14 00     1.0 20.40 999.00  0.10 999.0  9.00   6.70     9 99.00 99.00
2012 05 22 15 00     1.0 20.90 999.00  0.10 999.0  9.20   6.60     8 99.00 99.00
2012 05 22 16 00     1.0 20.70 999.00  0.10 999.0  9.00   5.60     8 99.00 99.00
2012 05 22 17 00     1.0 20.40 999.00  0.10 999.0  8.60   4.40    10 99.00 99.00
2012 05 22 18 00     1.0 20.40 999.00  0.10 999.0  8.60   4.60     9 99.00 99.00
2012 05 22 19 00     1.0 20.30 999.00  0.10 999.0  8.60   4.40    12 99.00 99.00
2012 05 22 20 00     1.0 20.40 999.00  0.10 999.0  8.60   3.90    10 99.00 99.00
2012 05 22 21 00     1.0 20.40 999.00  0.10 999.0  8.50   4.50    10 99.00 99.00
2012 05 22 22 00     1.0 20.60 999.00  0.10 999.0  8.70   5.50    10 99.00 99.00
2012 05 22 23 00     1.0 20.60 999.00  0.10 999.0  8.70   5.80    11 99.00 99.00
2012 05 23 00 00     1.0 20.60 999.00  0.10 999.0  8.70   5.90    11 99.00 99.00
2012 05 23 01 00     1.0 20.60 999.00  0.10 999.0  8.60   6.70    10 99.00 99.00
2012 05 23 02 00     1.0 20.60 999.00  0.10 999.0  8.60   6.80    10 99.00 99.00
2012 05 23 03 00     1.0 20.60 999.00  0.10 999.0  8.50   6.60    10 99.00 99.00
2012 05 23 04 00     1.0 20.60 999.00  0.10 999.0  8.50   6.90     9 99.00 99.00
2012 05 23 05 00     1.0 20.60 999.00  0.10 999.0  8.60   6.90     8 99.00 99.00
2012 05 23 06 00     1.0 20.80 999.00  0.10 999.0  8.70   7.30     8 99.00 99.00
2012 05 23 07 00     1.0 20.90 999.00  0.10 999.0  8.80   7.90     7 99.00 99.00
2012 05 23 08 00     1.0 20.80 999.00  0.10 999.0  8.80   7.50     7 99.00 99.00
2012 05 23 09 00     1.0 20.80 999.00  0.10 999.0  8.80   7.70     7 99.00 99.00
2012 05 23 10 00     1.0 20.90 999.00  0.10 999.0  8.70   7.50     7 99.00 99.00
2012 05 23 11 00     1.0 20.80 999.00  0.10 999.0  8.70   7.60     7 99.00 99.00
2012 05 23 12 00     1.0 20.80 999.00  0.10 999.0  8.80   7.80     7 99.00 99.00
2012 05 23 13 00     1.0 20.70 999.00  0.10 999.0  8.80   6.80     7 99.00 99.00
2012 05 23 14 00     1.0 20.90 999.00  0.10 999.0  8.90   7.40     7 99.00 99.00
2012 05 23 15 00     1.0 21.10 999.00  0.10 999.0  9.20   7.90     7 99.00 99.00
2012 05 23 16 00     1.0 21.60 999.00  0.10 999.0  9.10   8.10     7 99.00 99.00
2012 05 23 17 00     1.0 23.10 999.00  0.10 999.0 10.10   7.10     6 99.00 99.00
2012 05 23 18 00     1.0 22.90 999.00  0.10 999.0 10.10   6.20     7 99.00 99.00
2012 05 23 19 00     1.0 22.10 999.00  0.10 999.0  9.50   7.50     8 99.00 99.00
2012 05 23 20 00     1.0 22.10 999.00  0.10 999.0  9.20   5.90     9 99.00 99.00
2012 05 23 21 00     1.0 21.80 999.00  0.10 999.0  8.90   5.90     9 99.00 99.00
2012 05 23 22 00     1.0 21.50 999.00  0.10 999.0  8.70   6.20     9 99.00 99.00
2012 05 23 23 00     1.0 21.60 999.00  0.10 999.0  8.70   6.10     8 99.00 99.00
2012 05 24 00 00     1.0 21.70 999.00  0.10 999.0  8.80   6.30     9 99.00 99.00
2012 05 24 01 00     1.0 21.70 999.00  0.10 999.0  8.60   7.30    10 99.00 99.00
2012 05 24 02 00     1.0 21.60 999.00  0.10 999.0  8.50   6.50    10 99.00 99.00
2012 05 24 03 00     1.0 21.50 999.00  0.10 999.0  8.60   6.30    10 99.00 99.00
2012 05 24 04 00     1.0 21.50 999.00  0.10 999.0  8.60   6.30    10 99.00 99.00
2012 05 24 05 00     1.0 21.40 999.00  0.10 999.0  8.60   6.50    10 99.00 99.00
2012 05 24 06 00     1.0 21.40 999.00  0.10 999.0  8.60   6.60     9 99.00 99.00
2012 05 24 07 00     1.0 21.40 999.00  0.10 999.0  8.60   6.60     9 99.00 99.00
2012 05 24 08 00     1.0 21.40 999.00  0.10 999.0  8.60   6.70     9 99.00 99.00
2012 05 24 09 00     1.0 21.40 999.00  0.10 999.0  8.60   7.10     9 99.00 99.00
2012 05 24 10 00     1.0 21.40 999.00  0.10 999.0  8.60   7.00     8 99.00 99.00
2012 05 24 11 00     1.0 21.40 999.00  0.10 999.0  8.50   7.00     8 99.00 99.00
2012 05 24 12 00     1.0 21.40 999.00  0.10 999.0  8.50   6.90     8 99.00 99.00
2012 05 24 13 00     1.0 21.40 999.00  0.10 999.0  8.60   7.20     7 99.00 99.00
2012 05 24 14 00     1.0 21.50 999.00  0.10 999.0  8.60   7.00     7 99.00 99.00
2012 05 24 15 00     1.0 21.90 999.00  0.10 999.0  8.90   7.30     7 99.00 99.00
2012 05 24 16 00     1.0 22.40 999.00  0.10 999.0  9.20   7.00     7 99.00 99.00
2012 05 24 17 00     1.0 22.60 999.00  0.10 999.0  9.30   5.50     7 99.00 99.00
2012 05 24 18 00     1.0 23.30 999.00  0.10 999.0  9.70   6.70     7 99.00 99.00
2012 05 24 19 00     1.0 22.30 999.00  0.10 999.0  8.70   5.50     8 99.00 99.00
2012 05 24 20 00     1.0 22.20 999.00  0.10 999.0  8.60   5.50     9 99.00 99.00
2012 05 24 21 00     1.0 22.30 999.00  0.10 999.0  8.50   6.30     9 99.00 99.00
2012 05 24 22 00     1.0 22.20 999.00  0.10 999.0  8.40   6.70     9 99.00 99.00
2012 05 24 23 00     1.0 22.10 999.00  0.10 999.0  8.50   7.20    10 99.00 99.00
2012 05 25 00 00     1.0 22.30 999.00  0.10 999.0  8.70   7.60    10 99.00 99.00
2012 05 25 01 00     1.0 22.50 999.00  0.10 999.0  8.80   8.20    10 99.00 99.00
2012 05 25 02 00     1.0 22.40 999.00  0.10 999.0  8.80   8.10    11 99.00 99.00
2012 05 25 03 00     1.0 22.40 999.00  0.10 999.0  8.70   8.10    10 99.00 99.00
2012 05 25 04 00     1.0 22.30 999.00  0.10 999.0  8.70   7.70    10 99.00 99.00
2012 05 25 05 00     1.0 22.20 999.00  0.10 999.0  8.70   7.90    10 99.00 99.00
2012 05 25 06 00     1.0 22.20 999.00  0.10 999.0  8.60   8.10    10 99.00 99.00
2012 05 25 07 00     1.0 22.20 999.00  0.10 999.0  8.70   8.00     9 99.00 99.00
2012 05 25 08 00     1.0 22.10 999.00  0.10 999.0  8.70   8.30     9 99.00 99.00
2012 05 25 09 00     1.0 22.10 999.00  0.10 999.0  8.70   8.10     8 99.00 99.00
2012 05 25 10 00     1.0 22.10 999.00  0.10 999.0  8.60   8.10    10 99.00 99.00
2012 05 25 11 00     1.0 22.10 999.00  0.10 999.0  8.60   7.90     8 99.00 99.00
2012 05 25 12 00     1.0 22.10 999.00  0.10 999.0  8.50   7.80     8 99.00 99.00
2012 05 25 13 00     1.0 22.20 999.00  0.10 999.0  8.80   8.70     8 99.00 99.00
2012 05 25 14 00     1.0 22.60 999.00  0.10 999.0  9.00   9.60     8 99.00 99.00
2012 05 25 16 00     1.0 23.80 999.00  0.10 999.0  9.00   6.10     8 99.00 99.00
2012 05 25 18 00     1.0 23.60 999.00  0.10 999.0  9.30   6.40     7 99.00 99.00
2012 05 25 19 00     1.0 23.80 999.00  0.10 999.0  9.40   6.00     7 99.00 99.00
2012 05 25 20 00     1.0 23.00 999.00  0.10 999.0  8.90   5.50     8 99.00 99.00
2012 05 25 21 00     1.0 23.20 999.00  0.10 999.0  8.80   5.40     8 99.00 99.00
2012 05 25 22 00     1.0 22.80 999.00  0.10 999.0  8.70   6.10     8 99.00 99.00
2012 05 25 23 00     1.0 22.80 999.00  0.10 999.0  9.10   7.90     8 99.00 99.00
2012 05 26 00 00     1.0 22.70 999.00  0.10 999.0  9.00   8.30     8 99.00 99.00
2012 05 26 01 00     1.0 22.80 999.00  0.10 999.0  8.90   8.60     8 99.00 99.00
2012 05 26 02 00     1.0 22.80 999.00  0.10 999.0  8.70   8.40    10 99.00 99.00
2012 05 26 03 00     1.0 22.70 999.00  0.10 999.0  8.60   8.70    10 99.00 99.00
2012 05 26 04 00     1.0 22.70 999.00  0.10 999.0  8.60   8.80     9 99.00 99.00
2012 05 26 05 00     1.0 22.80 999.00  0.10 999.0  8.60   8.70     8 99.00 99.00
2012 05 26 06 00     1.0 22.80 999.00  0.10 999.0  8.50   8.70    11 99.00 99.00
2012 05 26 07 00     1.0 22.70 999.00  0.10 999.0  8.50   8.10     9 99.00 99.00
2012 05 26 08 00     1.0 22.60 999.00  0.10 999.0  8.50   7.50     8 99.00 99.00
2012 05 26 09 00     1.0 22.60 999.00  0.10 999.0  8.50   7.40     8 99.00 99.00
2012 05 26 10 00     1.0 22.60 999.00  0.10 999.0  8.40   7.00     7 99.00 99.00
2012 05 26 11 00     1.0 22.40 999.00  0.10 999.0  8.40   6.80     8 99.00 99.00
2012 05 26 12 00     1.0 22.40 999.00  0.10 999.0  8.40   6.70     8 99.00 99.00
2012 05 26 13 00     1.0 22.50 999.00  0.10 999.0  8.50   7.00     8 99.00 99.00
2012 05 26 14 00     1.0 22.90 999.00  0.10 999.0  8.70   6.40     7 99.00 99.00
2012 05 26 15 00     1.0 23.40 999.00  0.10 999.0  9.10   6.40     7 99.00 99.00
2012 05 26 16 00     1.0 23.30 999.00  0.10 999.0  9.00   6.20     8 99.00 99.00
2012 05 26 17 00     1.0 23.50 999.00  0.10 999.0  9.10   6.30     8 99.00 99.00
2012 05 26 18 00     1.0 23.20 999.00  0.10 999.0  9.00   6.30     7 99.00 99.00
2012 05 26 19 00     1.0 23.60 999.00  0.10 999.0  9.10   7.20     7 99.00 99.00
2012 05 26 20 00     1.0 23.30 999.00  0.10 999.0  9.30   9.10     7 99.00 99.00
2012 05 26 21 00     1.0 23.00 999.00  0.10 999.0  8.80   7.30     6 99.00 99.00
2012 05 26 22 00     1.0 22.90 999.00  0.10 999.0  8.80   7.30     7 99.00 99.00
2012 05 26 23 00     1.0 22.90 999.00  0.10 999.0  8.50   6.30     7 99.00 99.00
2012 05 27 00 00     1.0 23.00 999.00  0.10 999.0  8.70   7.10     7 99.00 99.00
2012 05 27 01 00     1.0 23.10 999.00  0.10 999.0  8.70   8.70     6 99.00 99.00
2012 05 27 02 00     1.0 23.20 999.00  0.10 999.0  8.80   9.70     7 99.00 99.00
2012 05 27 03 00     1.0 23.40 999.00  0.10 999.0  8.90   9.70     8 99.00 99.00
2012 05 27 04 00     1.0 23.50 999.00  0.10 999.0  8.80  10.00     7 99.00 99.00
2012 05 27 05 00     1.0 23.40 999.00  0.10 999.0  8.70   9.70     9 99.00 99.00
2012 05 27 06 00     1.0 23.40 999.00  0.10 999.0  8.70   9.90     7 99.00 99.00
2012 05 27 07 00     1.0 23.50 999.00  0.10 999.0  8.70   9.90     6 99.00 99.00
2012 05 27 08 00     1.0 23.40 999.00  0.10 999.0  8.60   9.70     6 99.00 99.00
2012 05 27 09 00     1.0 23.40 999.00  0.10 999.0  8.60   9.60     6 99.00 99.00
2012 05 27 10 00     1.0 23.40 999.00  0.10 999.0  8.50   8.60     6 99.00 99.00
2012 05 27 11 00     1.0 23.50 999.00  0.10 999.0  8.60   8.40     6 99.00 99.00
2012 05 27 12 00     1.0 23.50 999.00  0.10 999.0  8.70   9.20     6 99.00 99.00
2012 05 27 13 00     1.0 23.70 999.00  0.10 999.0  8.90   9.50     6 99.00 99.00
2012 05 27 14 00     1.0 23.80 999.00  0.10 999.0  9.20   9.80     6 99.00 99.00
2012 05 27 15 00     1.0 23.50 999.00  0.10 999.0  9.00   9.00     6 99.00 99.00
2012 05 27 16 00     1.0 23.80 999.00  0.10 999.0  9.00   7.00     6 99.00 99.00
2012 05 27 17 00     1.0 24.90 999.00  0.10 999.0  9.30   8.10     6 99.00 99.00
2012 05 27 18 00     1.0 24.40 999.00  0.10 999.0  9.70   9.60     7 99.00 99.00
2012 05 27 19 00     1.0 24.50 999.00  0.10 999.0  9.70   9.40     6 99.00 99.00
2012 05 27 20 00     1.0 24.30 999.00  0.10 999.0  9.70  10.40     6 99.00 99.00
2012 05 27 21 00     1.0 23.90 999.00  0.10 999.0  8.90   7.80     6 99.00 99.00
2012 05 27 22 00     1.0 23.60 999.00  0.10 999.0  9.00   8.70     7 99.00 99.00
2012 05 27 23 00     1.0 23.70 999.00  0.10 999.0  9.40   9.90     7 99.00 99.00
2012 05 28 00 00     1.0 23.40 999.00  0.10 999.0  8.80   8.20     7 99.00 99.00
2012 05 28 01 00     1.0 23.50 999.00  0.10 999.0  8.60   9.10     7 99.00 99.00
2012 05 28 02 00     1.0 23.60 999.00  0.10 999.0  8.50   8.80     7 99.00 99.00
2012 05 28 03 00     1.0 23.70 999.00  0.10 999.0  8.40   9.70     6 99.00 99.00
2012 05 28 04 00     1.0 23.60 999.00  0.10 999.0  8.40   9.60     6 99.00 99.00
2012 05 28 05 00     1.0 23.40 999.00  0.10 999.0  8.20   9.90     7 99.00 99.00
2012 05 28 06 00     1.0 23.20 999.00  0.10 999.0  8.30  10.10     6 99.00 99.00
2012 05 28 07 00     1.0 23.20 999.00  0.10 999.0  8.10  10.40     7 99.00 99.00
2012 05 28 08 00     1.0 23.60 999.00  0.10 999.0  8.30   9.70     6 99.00 99.00
2012 05 28 09 00     1.0 23.50 999.00  0.10 999.0  8.20   9.40     5 99.00 99.00
2012 05 28 10 00     1.0 23.70 999.00  0.10 999.0  8.20   9.20     6 99.00 99.00
2012 05 28 11 00     1.0 23.70 999.00  0.10 999.0  8.20   8.40     6 99.00 99.00
2012 05 28 12 00     1.0 23.80 999.00  0.10 999.0  8.20   8.70     6 99.00 99.00
2012 05 28 14 00     1.0 24.10 999.00  0.10 999.0  8.60   9.10     6 99.00 99.00
2012 05 28 15 00     1.0 24.70 999.00  0.10 999.0  8.90   8.20     5 99.00 99.00
2012 05 28 16 00     1.0 25.30 999.00  0.10 999.0  9.30   7.70     5 99.00 99.00
2012 05 28 17 00     1.0 25.60 999.00  0.10 999.0  9.60   8.00     5 99.00 99.00
2012 05 28 18 00     1.0 25.40 999.00  0.10 999.0 10.00  10.40     5 99.00 99.00
2012 05 28 19 00     1.0 25.30 999.00  0.10 999.0  9.80   9.40     5 99.00 99.00
2012 05 28 20 00     1.0 25.00 999.00  0.10 999.0  9.30   8.50     6 99.00 99.00
2012 05 28 21 00     1.0 24.70 999.00  0.10 999.0  9.20  10.00     6 99.00 99.00
2012 05 28 22 00     1.0 24.60 999.00  0.10 999.0  9.20   9.70     6 99.00 99.00
2012 05 28 23 00     1.0 24.20 999.00  0.10 999.0  8.60   8.50     6 99.00 99.00
2012 05 29 00 00     1.0 24.20 999.00  0.10 999.0  8.50   8.60     6 99.00 99.00
2012 05 29 01 00     1.0 24.70 999.00  0.10 999.0  8.50   9.10     6 99.00 99.00
2012 05 29 02 00     1.0 24.80 999.00  0.10 999.0  8.40   9.50     7 99.00 99.00
2012 05 29 03 00     1.0 24.80 999.00  0.10 999.0  8.40  10.10     8 99.00 99.00
2012 05 29 04 00     1.0 24.80 999.00  0.10 999.0  8.40  10.40     7 99.00 99.00
2012 05 29 05 00     1.0 24.80 999.00  0.10 999.0  8.40  10.40     7 99.00 99.00
2012 05 29 06 00     1.0 24.80 999.00  0.10 999.0  8.30  11.50     7 99.00 99.00
2012 05 29 07 00     1.0 24.70 999.00  0.10 999.0  8.20  11.30     7 99.00 99.00
2012 05 29 08 00     1.0 24.70 999.00  0.10 999.0  8.20  11.30     7 99.00 99.00
2012 05 29 09 00     1.0 24.70 999.00  0.10 999.0  8.20  11.30     7 99.00 99.00
2012 05 29 10 00     1.0 24.70 999.00  0.10 999.0  8.10  11.00     6 99.00 99.00
2012 05 29 11 00     1.0 24.70 999.00  0.10 999.0  8.20   9.60     6 99.00 99.00
2012 05 29 12 00     1.0 24.80 999.00  0.10 999.0  8.30   9.60     6 99.00 99.00
2012 05 29 13 00     1.0 24.80 999.00  0.10 999.0  8.40   9.50     6 99.00 99.00
2012 05 29 14 00     1.0 25.00 999.00  0.10 999.0  8.70  10.00     5 99.00 99.00
2012 05 29 16 00     1.0 25.40 999.00  0.10 999.0  9.00   9.90     5 99.00 99.00
2012 05 29 17 00     1.0 25.50 999.00  0.10 999.0  8.90  11.30     6 99.00 99.00
2012 05 29 18 00     1.0 25.70 999.00  0.10 999.0  9.20  12.80     6 99.00 99.00
2012 05 29 19 00     1.0 25.60 999.00  0.10 999.0  8.90  12.80     6 99.00 99.00
2012 05 29 20 00     1.0 25.50 999.00  0.10 999.0  8.70  13.30     6 99.00 99.00
2012 05 29 21 00     1.0 25.50 999.00  0.10 999.0  8.70  14.30     6 99.00 99.00
2012 05 29 22 00     1.0 25.40 999.00  0.10 999.0  8.50  13.30     7 99.00 99.00
2012 05 29 23 00     1.0 25.50 999.00  0.10 999.0  8.90  14.60     7 99.00 99.00
2012 05 30 00 00     1.0 25.60 999.00  0.10 999.0  8.70  16.10     8 99.00 99.00
2012 05 30 01 00     1.0 25.70 999.00  0.10 999.0  8.80  16.00    10 99.00 99.00
2012 05 30 02 00     1.0 25.60 999.00  0.10 999.0  8.70  15.10    10 99.00 99.00
2012 05 30 03 00     1.0 25.50 999.00  0.10 999.0  8.70  15.30     8 99.00 99.00
2012 05 30 04 00     1.0 25.50 999.00  0.10 999.0  8.60  15.20     9 99.00 99.00
2012 05 30 05 00     1.0 25.40 999.00  0.10 999.0  8.50  15.00     9 99.00 99.00
2012 05 30 06 00     1.0 25.40 999.00  0.10 999.0  8.30  15.90     8 99.00 99.00
2012 05 30 07 00     1.0 25.40 999.00  0.10 999.0  8.20  16.00     7 99.00 99.00
2012 05 30 08 00     1.0 25.40 999.00  0.10 999.0  8.20  16.10     7 99.00 99.00
2012 05 30 09 00     1.0 25.30 999.00  0.10 999.0  8.10  15.80     7 99.00 99.00
2012 05 30 10 00     1.0 25.30 999.00  0.10 999.0  8.10  15.70     6 99.00 99.00
2012 05 30 12 00     1.0 25.30 999.00  0.10 999.0  8.10  14.00     6 99.00 99.00
2012 05 30 13 00     1.0 25.30 999.00  0.10 999.0  8.10  13.90     5 99.00 99.00
2012 05 30 14 00     1.0 25.30 999.00  0.10 999.0  8.00  13.40     6 99.00 99.00
2012 05 30 15 00     1.0 25.20 999.00  0.10 999.0  7.80  11.80     7 99.00 99.00
2012 05 30 16 00     1.0 25.20 999.00  0.10 999.0  7.90  12.10     6 99.00 99.00
2012 05 30 17 00     1.0 25.40 999.00  0.10 999.0  8.30  13.20     6 99.00 99.00
2012 05 30 18 00     1.0 25.60 999.00  0.10 999.0  8.80  15.30     5 99.00 99.00
2012 05 30 19 00     1.0 25.70 999.00  0.10 999.0  8.70  16.00     6 99.00 99.00
2012 05 30 20 00     1.0 25.90 999.00  0.10 999.0  9.10  17.50     5 99.00 99.00
2012 05 30 21 00     1.0 25.60 999.00  0.10 999.0  8.70  16.60     6 99.00 99.00
2012 05 30 22 00     1.0 25.60 999.00  0.10 999.0  8.80  16.10     6 99.00 99.00
2012 05 30 23 00     1.0 25.50 999.00  0.10 999.0  8.30  14.10     7 99.00 99.00
2012 05 31 00 00     1.0 25.50 999.00  0.10 999.0  8.30  15.30     7 99.00 99.00
2012 05 31 01 00     1.0 25.70 999.00  0.10 999.0  8.40  17.10     7 99.00 99.00
2012 05 31 02 00     1.0 25.80 999.00  0.10 999.0  8.40  16.90     7 99.00 99.00
2012 05 31 03 00     1.0 25.90 999.00  0.10 999.0  8.30  16.60     8 99.00 99.00
2012 05 31 04 00     1.0 25.90 999.00  0.10 999.0  8.20  17.00     8 99.00 99.00
2012 05 31 05 00     1.0 25.90 999.00  0.10 999.0  8.10  17.10     8 99.00 99.00
2012 05 31 06 00     1.0 25.90 999.00  0.10 999.0  8.00  17.80     8 99.00 99.00
2012 05 31 07 00     1.0 25.80 999.00  0.10 999.0  8.00  17.10     7 99.00 99.00
2012 05 31 08 00     1.0 25.70 999.00  0.10 999.0  7.90  16.90     8 99.00 99.00
2012 05 31 09 00     1.0 25.60 999.00  0.10 999.0  7.80  16.50     8 99.00 99.00
2012 05 31 10 00     1.0 25.50 999.00  0.10 999.0  7.80  15.60     8 99.00 99.00
2012 05 31 11 00     1.0 25.50 999.00  0.10 999.0  7.80  13.40     8 99.00 99.00
2012 05 31 15 00     1.0 25.80 999.00  0.10 999.0  8.10  12.30     8 99.00 99.00
2012 05 31 16 00     1.0 26.00 999.00  0.10 999.0  8.60  12.20     5 99.00 99.00
2012 05 31 17 00     1.0 26.00 999.00  0.10 999.0  8.40  11.70     6 99.00 99.00
2012 05 31 18 00     1.0 26.00 999.00  0.10 999.0  8.10  11.20     7 99.00 99.00
2012 05 31 19 00     1.0 26.10 999.00  0.10 999.0  8.10  11.50     6 99.00 99.00
2012 05 31 20 00     1.0 26.10 999.00  0.10 999.0  8.10  12.10     6 99.00 99.00
2012 05 31 21 00     1.0 26.10 999.00  0.10 999.0  8.00  11.90     6 99.00 99.00
2012 05 31 22 00     1.0 25.90 999.00  0.10 999.0  7.90  11.90     7 99.00 99.00
2012 05 31 23 00     1.0 25.90 999.00  0.10 999.0  8.30  12.80     7 99.00 99.00
2012 06 01 00 00     1.0 26.10 999.00  0.10 999.0  8.40  13.10     7 99.00 99.00
2012 06 01 01 00     1.0 26.20 999.00  0.10 999.0  8.40  14.60     8 99.00 99.00
2012 06 01 02 00     1.0 26.20 999.00  0.10 999.0  8.30  14.40     8 99.00 99.00
2012 06 01 03 00     1.0 26.20 999.00  0.10 999.0  8.30  14.00     8 99.00 99.00
2012 06 01 04 00     1.0 26.30 999.00  0.10 999.0  8.40  14.40     7 99.00 99.00
2012 06 01 05 00     1.0 26.30 999.00  0.10 999.0  8.30  15.10     8 99.00 99.00
2012 06 01 06 00     1.0 26.30 999.00  0.10 999.0  8.10  15.90     7 99.00 99.00
2012 06 01 07 00     1.0 26.20 999.00  0.10 999.0  8.10  15.40     7 99.00 99.00
2012 06 01 08 00     1.0 26.00 999.00  0.10 999.0  8.00  15.00     7 99.00 99.00
2012 06 01 09 00     1.0 25.80 999.00  0.10 999.0  7.90  14.40     8 99.00 99.00
2012 06 01 10 00     1.0 25.60 999.00  0.10 999.0  7.80  13.90     8 99.00 99.00
2012 06 01 11 00     1.0 25.50 999.00  0.10 999.0  7.70  12.60     8 99.00 99.00
2012 06 01 12 00     1.0 25.80 999.00  0.10 999.0  8.00  12.20     6 99.00 99.00
2012 06 01 13 00     1.0 25.80 999.00  0.10 999.0  8.00  12.80     6 99.00 99.00
2012 06 01 14 00     1.0 25.80 999.00  0.10 999.0  8.00  13.40     6 99.00 99.00
2012 06 01 15 00     1.0 26.00 999.00  0.10 999.0  8.00  12.90     6 99.00 99.00
2012 06 01 16 00     1.0 26.10 999.00  0.10 999.0  7.90  11.80     7 99.00 99.00
2012 06 01 17 00     1.0 26.20 999.00  0.10 999.0  7.70  10.80     8 99.00 99.00
2012 06 01 18 00     1.0 26.10 999.00  0.10 999.0  7.50  10.30    10 99.00 99.00
2012 06 01 19 00     1.0 26.00 999.00  0.10 999.0  7.40  10.00    10 99.00 99.00
2012 06 01 20 00     1.0 26.00 999.00  0.10 999.0  7.40  10.00     9 99.00 99.00
2012 06 01 21 00     1.0 25.90 999.00  0.10 999.0  7.20   9.60    12 99.00 99.00
2012 06 01 22 00     1.0 25.70 999.00  0.10 999.0  7.30  10.00     9 99.00 99.00
2012 06 01 23 00     1.0 25.50 999.00  0.10 999.0  7.30  10.30     7 99.00 99.00
2012 06 02 00 00     1.0 25.40 999.00  0.10 999.0  7.40  11.20     7 99.00 99.00
2012 06 02 01 00     1.0 25.20 999.00  0.10 999.0  7.50  12.30     7 99.00 99.00
2012 06 02 02 00     1.0 25.40 999.00  0.10 999.0  7.60  11.70     8 99.00 99.00
2012 06 02 03 00     1.0 25.50 999.00  0.10 999.0  7.60  11.60     9 99.00 99.00
2012 06 02 04 00     1.0 25.60 999.00  0.10 999.0  7.50  11.20     9 99.00 99.00
2012 06 02 05 00     1.0 25.60 999.00  0.10 999.0  7.40  11.50     9 99.00 99.00
2012 06 02 06 00     1.0 25.60 999.00  0.10 999.0  7.40  11.60     8 99.00 99.00
2012 06 02 07 00     1.0 25.60 999.00  0.10 999.0  7.30  12.30     8 99.00 99.00
2012 06 02 08 00     1.0 25.50 999.00  0.10 999.0  7.30  11.90     8 99.00 99.00
2012 06 02 09 00     1.0 25.50 999.00  0.10 999.0  7.30  12.00     7 99.00 99.00
2012 06 02 10 00     1.0 25.40 999.00  0.10 999.0  7.30  11.10     7 99.00 99.00
2012 06 02 11 00     1.0 25.30 999.00  0.10 999.0  7.30  10.20     7 99.00 99.00
2012 06 02 12 00     1.0 25.30 999.00  0.10 999.0  7.30   9.80     8 99.00 99.00
2012 06 02 13 00     1.0 25.40 999.00  0.10 999.0  7.30   9.30     6 99.00 99.00
2012 06 02 14 00     1.0 25.50 999.00  0.10 999.0  7.40   8.80     6 99.00 99.00
2012 06 02 15 00     1.0 25.60 999.00  0.10 999.0  7.30   7.40     6 99.00 99.00
2012 06 02 16 00     1.0 25.50 999.00  0.10 999.0  7.30   7.50     7 99.00 99.00
2012 06 02 17 00     1.0 25.30 999.00  0.10 999.0  7.40   8.30     7 99.00 99.00
2012 06 02 18 00     1.0 25.30 999.00  0.10 999.0  7.30   8.50     8 99.00 99.00
2012 06 02 19 00     1.0 25.40 999.00  0.10 999.0  7.30   8.20     9 99.00 99.00
2012 06 02 20 00     1.0 25.30 999.00  0.10 999.0  7.30   7.90    10 99.00 99.00
2012 06 02 21 00     1.0 25.00 999.00  0.10 999.0  7.30   7.30    20 99.00 99.00
2012 06 02 22 00     1.0 24.90 999.00  0.10 999.0  7.60   7.30    24 99.00 99.00
2012 06 02 23 00     1.0 25.00 999.00  0.10 999.0  7.80   7.40    25 99.00 99.00
2012 06 03 00 00     1.0 25.10 999.00  0.10 999.0  8.00   7.50    26 99.00 99.00
2012 06 03 01 00     1.0 25.20 999.00  0.10 999.0  8.10   8.30    24 99.00 99.00
2012 06 03 02 00     1.0 25.30 999.00  0.10 999.0  8.00   8.30    20 99.00 99.00
2012 06 03 03 00     1.0 25.30 999.00  0.10 999.0  7.80   8.30    15 99.00 99.00
2012 06 03 04 00     1.0 25.30 999.00  0.10 999.0  7.80   8.80    13 99.00 99.00
2012 06 03 05 00     1.0 25.20 999.00  0.10 999.0  7.90   8.80    14 99.00 99.00
2012 06 03 06 00     1.0 25.00 999.00  0.10 999.0  7.90   8.70    14 99.00 99.00
2012 06 03 07 00     1.0 24.80 999.00  0.10 999.0  7.80   8.60    13 99.00 99.00
2012 06 03 08 00     1.0 24.80 999.00  0.10 999.0  7.80   8.40    14 99.00 99.00
2012 06 03 09 00     1.0 24.70 999.00  0.10 999.0  7.80   8.80    13 99.00 99.00
2012 06 03 10 00     1.0 24.60 999.00  0.10 999.0  7.80   9.00    12 99.00 99.00
2012 06 03 11 00     1.0 24.50 999.00  0.10 999.0  7.80   8.50    13 99.00 99.00
2012 06 03 12 00     1.0 24.60 999.00  0.10 999.0  7.90   7.50    13 99.00 99.00
2012 06 03 13 00     1.0 24.70 999.00  0.10 999.0  7.70   7.40    12 99.00 99.00
2012 06 03 14 00     1.0 24.80 999.00  0.10 999.0  7.60   7.00    11 99.00 99.00
2012 06 03 15 00     1.0 24.80 999.00  0.10 999.0  7.60   6.40    12 99.00 99.00
2012 06 03 16 00     1.0 24.80 999.00  0.10 999.0  7.60   5.80    13 99.00 99.00
2012 06 03 17 00     1.0 24.70 999.00  0.10 999.0  7.60   5.70    13 99.00 99.00
2012 06 03 18 00     1.0 24.60 999.00  0.10 999.0  7.50   5.80    14 99.00 99.00
2012 06 03 19 00     1.0 24.50 999.00  0.10 999.0  7.50   5.60    14 99.00 99.00
2012 06 03 20 00     1.0 24.40 999.00  0.10 999.0  7.60   5.20    14 99.00 99.00
2012 06 03 21 00     1.0 24.40 999.00  0.10 999.0  7.90   5.80    14 99.00 99.00
2012 06 03 22 00     1.0 24.50 999.00  0.10 999.0  8.00   6.10    15 99.00 99.00
2012 06 03 23 00     1.0 24.50 999.00  0.10 999.0  7.90   6.30    16 99.00 99.00
2012 06 04 00 00     1.0 24.50 999.00  0.10 999.0  7.70   6.50    19 99.00 99.00
2012 06 04 01 00     1.0 24.60 999.00  0.10 999.0  7.70   6.70    19 99.00 99.00
2012 06 04 02 00     1.0 24.60 999.00  0.10 999.0  7.80   6.70    20 99.00 99.00
2012 06 04 03 00     1.0 24.40 999.00  0.10 999.0  7.60   6.40    20 99.00 99.00
2012 06 04 04 00     1.0 24.40 999.00  0.10 999.0  7.80   6.60    21 99.00 99.00
2012 06 04 05 00     1.0 24.20 999.00  0.10 999.0  7.80   6.40    21 99.00 99.00
2012 06 04 06 00     1.0 24.10 999.00  0.10 999.0  7.60   6.30    24 99.00 99.00
2012 06 04 07 00     1.0 23.80 999.00  0.10 999.0  7.60   5.90    24 99.00 99.00
2012 06 04 08 00     1.0 23.60 999.00  0.10 999.0  7.60   6.20    24 99.00 99.00
2012 06 04 09 00     1.0 23.50 999.00  0.10 999.0  7.60   6.10    22 99.00 99.00
2012 06 04 10 00     1.0 23.40 999.00  0.10 999.0  7.60   6.30    22 99.00 99.00
2012 06 04 11 00     1.0 23.40 999.00  0.10 999.0  7.70   6.10    22 99.00 99.00
2012 06 04 12 00     1.0 23.40 999.00  0.10 999.0  7.70   5.80    20 99.00 99.00
2012 06 04 13 00     1.0 23.30 999.00  0.10 999.0  7.70   5.20    20 99.00 99.00
2012 06 04 14 00     1.0 23.20 999.00  0.10 999.0  7.50   5.20    20 99.00 99.00
2012 06 04 15 00     1.0 23.10 999.00  0.10 999.0  7.60   5.20    20 99.00 99.00
2012 06 04 16 00     1.0 23.10 999.00  0.10 999.0  7.70   5.30    19 99.00 99.00
2012 06 04 17 00     1.0 23.00 999.00  0.10 999.0  7.70   5.70    22 99.00 99.00
2012 06 04 18 00     1.0 22.90 999.00  0.10 999.0  7.70   5.60    24 99.00 99.00
2012 06 04 19 00     1.0 22.80 999.00  0.10 999.0  7.80   5.30    27 99.00 99.00
2012 06 04 20 00     1.0 22.70 999.00  0.10 999.0  7.90   5.70    29 99.00 99.00
2012 06 04 21 00     1.0 22.60 999.00  0.10 999.0  7.80   6.70    30 99.00 99.00
2012 06 04 22 00     1.0 22.70 999.00  0.10 999.0  7.90   6.70    26 99.00 99.00
2012 06 04 23 00     1.0 22.70 999.00  0.10 999.0  7.80   7.40    26 99.00 99.00
2012 06 05 00 00     1.0 22.70 999.00  0.10 999.0  7.80   7.50    24 99.00 99.00
2012 06 05 01 00     1.0 22.70 999.00  0.10 999.0  7.70   7.90    23 99.00 99.00
2012 06 05 02 00     1.0 22.60 999.00  0.10 999.0  7.60   7.40    22 99.00 99.00
2012 06 05 03 00     1.0 22.50 999.00  0.10 999.0  7.70   7.40    22 99.00 99.00
2012 06 05 04 00     1.0 22.50 999.00  0.10 999.0  7.70   7.40    20 99.00 99.00
2012 06 05 06 00     1.0 22.40 999.00  0.10 999.0  7.70   7.30    20 99.00 99.00
2012 06 05 07 00     1.0 22.40 999.00  0.10 999.0  7.60   7.30    20 99.00 99.00
2012 06 05 08 00     1.0 22.30 999.00  0.10 999.0  7.60   7.20    19 99.00 99.00
2012 06 05 09 00     1.0 22.30 999.00  0.10 999.0  7.60   7.30    19 99.00 99.00
2012 06 05 17 00     1.0 22.40 999.00  0.10 999.0  7.70   6.10    14 99.00 99.00
2012 06 05 18 00     1.0 22.20 999.00  0.10 999.0  7.50   5.10    15 99.00 99.00
2012 06 05 19 00     1.0 22.20 999.00  0.10 999.0  7.60   5.60    15 99.00 99.00
2012 06 05 20 00     1.0 22.30 999.00  0.10 999.0  7.60   5.30    14 99.00 99.00
2012 06 05 21 00     1.0 22.00 999.00  0.10 999.0  7.60   5.40    16 99.00 99.00
2012 06 05 22 00     1.0 22.00 999.00  0.10 999.0  7.70   5.80    15 99.00 99.00
2012 06 05 23 00     1.0 21.80 999.00  0.10 999.0  7.80   6.40    16 99.00 99.00
2012 06 06 00 00     1.0 21.90 999.00  0.10 999.0  8.10   7.30    15 99.00 99.00
2012 06 06 01 00     1.0 21.90 999.00  0.10 999.0  7.90   8.00    16 99.00 99.00
2012 06 06 02 00     1.0 22.00 999.00  0.10 999.0  7.80   7.10    16 99.00 99.00
2012 06 06 03 00     1.0 22.00 999.00  0.10 999.0  7.70   6.80    16 99.00 99.00
2012 06 06 04 00     1.0 21.90 999.00  0.10 999.0  7.70   7.00    16 99.00 99.00
2012 06 06 07 00     1.0 21.80 999.00  0.10 999.0  7.90   8.30    14 99.00 99.00
2012 06 06 08 00     1.0 21.80 999.00  0.10 999.0  7.90   8.40    15 99.00 99.00
2012 06 06 10 00     1.0 21.70 999.00  0.10 999.0  7.90   9.30    15 99.00 99.00
2012 06 06 11 00     1.0 21.70 999.00  0.10 999.0  7.90   7.60    15 99.00 99.00
2012 06 06 12 00     1.0 21.60 999.00  0.10 999.0  7.90   7.50    14 99.00 99.00
2012 06 06 13 00     1.0 22.00 999.00  0.10 999.0  8.20   8.30    12 99.00 99.00
2012 06 06 14 00     1.0 22.50 999.00  0.10 999.0  8.50   8.60    11 99.00 99.00
2012 06 06 15 00     1.0 22.70 999.00  0.10 999.0  8.60   8.30    11 99.00 99.00
2012 06 06 16 00     1.0 22.40 999.00  0.10 999.0  8.40   7.50    12 99.00 99.00
2012 06 06 17 00     1.0 22.20 999.00  0.10 999.0  8.30   7.40    12 99.00 99.00
2012 06 06 18 00     1.0 22.60 999.00  0.10 999.0  8.00   5.70    12 99.00 99.00
2012 06 06 19 00     1.0 22.20 999.00  0.10 999.0  7.90   5.60    13 99.00 99.00
2012 06 06 20 00     1.0 22.00 999.00  0.10 999.0  7.80   5.40    13 99.00 99.00
2012 06 06 21 00     1.0 21.90 999.00  0.10 999.0  7.90   6.30    13 99.00 99.00
2012 06 06 22 00     1.0 22.00 999.00  0.10 999.0  8.00   6.90    14 99.00 99.00
2012 06 06 23 00     1.0 22.10 999.00  0.10 999.0  8.00   7.10    14 99.00 99.00
2012 06 07 00 00     1.0 22.10 999.00  0.10 999.0  8.00   7.30    15 99.00 99.00
2012 06 07 01 00     1.0 22.10 999.00  0.10 999.0  8.00   8.30    15 99.00 99.00
2012 06 07 02 00     1.0 22.00 999.00  0.10 999.0  8.00   8.40    15 99.00 99.00
2012 06 07 03 00     1.0 22.00 999.00  0.10 999.0  8.10   8.50    15 99.00 99.00
2012 06 07 04 00     1.0 21.90 999.00  0.10 999.0  8.00   8.70    16 99.00 99.00
2012 06 07 05 00     1.0 21.90 999.00  0.10 999.0  8.00   8.40    16 99.00 99.00
2012 06 07 06 00     1.0 21.90 999.00  0.10 999.0  8.00   8.80    17 99.00 99.00
2012 06 07 07 00     1.0 21.90 999.00  0.10 999.0  8.00   9.00    16 99.00 99.00
2012 06 07 08 00     1.0 21.90 999.00  0.10 999.0  8.00   9.00    16 99.00 99.00
2012 06 07 09 00     1.0 21.80 999.00  0.10 999.0  7.90   8.90    16 99.00 99.00
2012 06 07 10 00     1.0 21.80 999.00  0.10 999.0  7.90   8.60    16 99.00 99.00
2012 06 07 11 00     1.0 21.80 999.00  0.10 999.0  7.90   9.10    16 99.00 99.00
2012 06 07 12 00     1.0 21.90 999.00  0.10 999.0  8.10   8.90    14 99.00 99.00
2012 06 07 13 00     1.0 22.20 999.00  0.10 999.0  8.30   8.30    14 99.00 99.00
2012 06 07 14 00     1.0 22.70 999.00  0.10 999.0  8.30   7.20    12 99.00 99.00
2012 06 07 15 00     1.0 22.70 999.00  0.10 999.0  9.10   9.90    13 99.00 99.00
2012 06 07 16 00     1.0 23.30 999.00  0.10 999.0  9.40  10.40    13 99.00 99.00
2012 06 07 17 00     1.0 22.80 999.00  0.10 999.0  8.80   9.40    13 99.00 99.00
2012 06 07 18 00     1.0 22.60 999.00  0.10 999.0  9.00   8.70    14 99.00 99.00
2012 06 07 19 00     1.0 22.60 999.00  0.10 999.0  8.80   8.80    14 99.00 99.00
2012 06 07 20 00     1.0 22.20 999.00  0.10 999.0  8.50   8.20    15 99.00 99.00
2012 06 07 21 00     1.0 22.10 999.00  0.10 999.0  8.50   7.80    15 99.00 99.00
2012 06 07 22 00     1.0 21.90 999.00  0.10 999.0  8.30   7.40    15 99.00 99.00
2012 06 07 23 00     1.0 21.80 999.00  0.10 999.0  8.40   7.50    16 99.00 99.00
2012 06 08 00 00     1.0 21.80 999.00  0.10 999.0  8.50   7.60    16 99.00 99.00
2012 06 08 01 00     1.0 21.80 999.00  0.10 999.0  8.40   8.10    17 99.00 99.00
2012 06 08 02 00     1.0 21.90 999.00  0.10 999.0  8.40   8.20    17 99.00 99.00
2012 06 08 03 00     1.0 21.90 999.00  0.10 999.0  8.40   8.30    17 99.00 99.00
2012 06 08 04 00     1.0 21.90 999.00  0.10 999.0  8.50   8.60    16 99.00 99.00
2012 06 08 05 00     1.0 21.90 999.00  0.10 999.0  8.40   8.70    16 99.00 99.00
2012 06 08 06 00     1.0 21.90 999.00  0.10 999.0  8.40   9.00    15 99.00 99.00
2012 06 08 07 00     1.0 21.90 999.00  0.10 999.0  8.30   8.90    15 99.00 99.00
2012 06 08 08 00     1.0 21.90 999.00  0.10 999.0  8.30   9.00    15 99.00 99.00
2012 06 08 09 00     1.0 21.90 999.00  0.10 999.0  8.50   9.70    15 99.00 99.00
2012 06 08 10 00     1.0 21.90 999.00  0.10 999.0  8.50   8.70    15 99.00 99.00
2012 06 08 11 00     1.0 21.80 999.00  0.10 999.0  8.50   8.40    15 99.00 99.00
2012 06 08 12 00     1.0 21.80 999.00  0.10 999.0  8.70   9.10    14 99.00 99.00
2012 06 08 13 00     1.0 22.00 999.00  0.10 999.0  8.80   9.20    13 99.00 99.00
2012 06 08 14 00     1.0 22.50 999.00  0.10 999.0  9.70  13.00    11 99.00 99.00
2012 06 08 15 00     1.0 22.50 999.00  0.10 999.0  9.70  11.40    11 99.00 99.00
2012 06 08 16 00     1.0 22.20 999.00  0.10 999.0  9.10   9.20    12 99.00 99.00
2012 06 08 17 00     1.0 22.50 999.00  0.10 999.0  9.30  10.10    11 99.00 99.00
2012 06 08 18 00     1.0 22.30 999.00  0.10 999.0  9.20   9.70    12 99.00 99.00
2012 06 08 19 00     1.0 22.10 999.00  0.10 999.0  9.10   9.20    12 99.00 99.00
2012 06 08 20 00     1.0 22.10 999.00  0.10 999.0  8.90   8.30    13 99.00 99.00
2012 06 08 21 00     1.0 21.90 999.00  0.10 999.0  8.80   8.60    13 99.00 99.00
2012 06 08 22 00     1.0 22.00 999.00  0.10 999.0  9.10   9.70    13 99.00 99.00
2012 06 08 23 00     1.0 22.10 999.00  0.10 999.0  9.20  10.30    13 99.00 99.00
2012 06 09 00 00     1.0 22.20 999.00  0.10 999.0  9.30  10.40    13 99.00 99.00
2012 06 09 01 00     1.0 22.20 999.00  0.10 999.0  9.20  11.10    13 99.00 99.00
2012 06 09 02 00     1.0 22.10 999.00  0.10 999.0  9.10  11.30    12 99.00 99.00
2012 06 09 03 00     1.0 22.10 999.00  0.10 999.0  9.00  11.50    12 99.00 99.00
2012 06 09 04 00     1.0 22.00 999.00  0.10 999.0  8.90  11.50    12 99.00 99.00
2012 06 09 05 00     1.0 21.90 999.00  0.10 999.0  8.80  10.00    12 99.00 99.00
2012 06 09 06 00     1.0 21.90 999.00  0.10 999.0  8.70  10.80    12 99.00 99.00
2012 06 09 07 00     1.0 21.80 999.00  0.10 999.0  8.70  10.80    12 99.00 99.00
2012 06 09 08 00     1.0 21.90 999.00  0.10 999.0  8.80  10.80    11 99.00 99.00
2012 06 09 09 00     1.0 22.00 999.00  0.10 999.0  9.10  10.50    11 99.00 99.00
2012 06 09 10 00     1.0 22.00 999.00  0.10 999.0  9.10  10.30    11 99.00 99.00
2012 06 09 11 00     1.0 22.00 999.00  0.10 999.0  9.00   9.30    11 99.00 99.00
2012 06 09 12 00     1.0 22.10 999.00  0.10 999.0  9.10  10.00    10 99.00 99.00
2012 06 09 13 00     1.0 22.30 999.00  0.10 999.0  9.60  11.70     9 99.00 99.00
2012 06 09 14 00     1.0 22.70 999.00  0.10 999.0  9.90  12.30    10 99.00 99.00
2012 06 09 15 00     1.0 23.60 999.00  0.10 999.0 10.00  12.10     9 99.00 99.00
2012 06 09 16 00     1.0 23.70 999.00  0.10 999.0 11.20  18.30     9 99.00 99.00
2012 06 09 17 00     1.0 23.40 999.00  0.10 999.0 10.70  11.20     9 99.00 99.00
2012 06 09 18 00     1.0 22.80 999.00  0.10 999.0 10.30  11.50     9 99.00 99.00
2012 06 09 19 00     1.0 22.70 999.00  0.10 999.0 10.10  12.20    10 99.00 99.00
2012 06 09 20 00     1.0 22.90 999.00  0.10 999.0 10.00  11.10    10 99.00 99.00
2012 06 09 21 00     1.0 22.60 999.00  0.10 999.0  9.80  10.80    10 99.00 99.00
2012 06 09 22 00     1.0 22.60 999.00  0.10 999.0  9.60  10.30    10 99.00 99.00
2012 06 09 23 00     1.0 22.30 999.00  0.10 999.0  9.20   8.80    10 99.00 99.00
2012 06 10 00 00     1.0 22.50 999.00  0.10 999.0  9.10   8.50    10 99.00 99.00
2012 06 10 01 00     1.0 22.40 999.00  0.10 999.0  9.00   9.20    10 99.00 99.00
2012 06 10 02 00     1.0 22.50 999.00  0.10 999.0  8.90   9.40    10 99.00 99.00
2012 06 10 03 00     1.0 22.50 999.00  0.10 999.0  8.90   9.30    10 99.00 99.00
2012 06 10 04 00     1.0 22.40 999.00  0.10 999.0  8.80   9.80    10 99.00 99.00
2012 06 10 05 00     1.0 22.40 999.00  0.10 999.0  8.80   9.40     9 99.00 99.00
2012 06 10 06 00     1.0 22.20 999.00  0.10 999.0  8.70   8.60     8 99.00 99.00
2012 06 10 07 00     1.0 22.20 999.00  0.10 999.0  8.60   9.20     8 99.00 99.00
2012 06 10 08 00     1.0 22.40 999.00  0.10 999.0  8.80   9.50     9 99.00 99.00
2012 06 10 09 00     1.0 22.40 999.00  0.10 999.0  8.70   9.00     9 99.00 99.00
2012 06 10 10 00     1.0 22.40 999.00  0.10 999.0  8.70   8.30     9 99.00 99.00
2012 06 10 11 00     1.0 22.40 999.00  0.10 999.0  8.70   7.80     9 99.00 99.00
2012 06 10 12 00     1.0 22.50 999.00  0.10 999.0  8.80   7.90     8 99.00 99.00
2012 06 10 13 00     1.0 23.00 999.00  0.10 999.0  9.00   9.10     7 99.00 99.00
2012 06 10 14 00     1.0 23.30 999.00  0.10 999.0  9.40   9.60     8 99.00 99.00
2012 06 10 15 00     1.0 24.10 999.00  0.10 999.0  9.60  10.20     7 99.00 99.00
2012 06 10 16 00     1.0 24.40 999.00  0.10 999.0  9.90   9.60     7 99.00 99.00
2012 06 10 17 00     1.0 24.00 999.00  0.10 999.0  9.90  11.40     7 99.00 99.00
2012 06 10 18 00     1.0 24.50 999.00  0.10 999.0 10.50  12.40     7 99.00 99.00
2012 06 10 19 00     1.0 24.80 999.00  0.10 999.0 10.90  13.60     7 99.00 99.00
2012 06 10 20 00     1.0 24.80 999.00  0.10 999.0 11.20  16.10     7 99.00 99.00
2012 06 10 21 00     1.0 25.10 999.00  0.10 999.0 11.10  15.80     6 99.00 99.00
2012 06 10 22 00     1.0 24.90 999.00  0.10 999.0 10.90  15.00     6 99.00 99.00
2012 06 10 23 00     1.0 24.90 999.00  0.10 999.0 11.40  14.50     6 99.00 99.00
2012 06 11 00 00     1.0 24.50 999.00  0.10 999.0 11.50  14.60     6 99.00 99.00
2012 06 11 01 00     1.0 24.40 999.00  0.10 999.0 11.10  14.10     6 99.00 99.00
2012 06 11 02 00     1.0 23.70 999.00  0.10 999.0  9.90  10.10     7 99.00 99.00
2012 06 11 03 00     1.0 23.40 999.00  0.10 999.0  9.30   9.20     7 99.00 99.00
2012 06 11 04 00     1.0 23.50 999.00  0.10 999.0  9.30   9.30     7 99.00 99.00
2012 06 11 05 00     1.0 23.40 999.00  0.10 999.0  9.10  10.00     7 99.00 99.00
2012 06 11 06 00     1.0 23.50 999.00  0.10 999.0  9.20  10.40     7 99.00 99.00
2012 06 11 07 00     1.0 23.60 999.00  0.10 999.0  9.10  10.60     7 99.00 99.00
2012 06 11 08 00     1.0 23.60 999.00  0.10 999.0  9.10  10.80     7 99.00 99.00
2012 06 11 09 00     1.0 23.50 999.00  0.10 999.0  9.10  10.30     7 99.00 99.00
2012 06 11 10 00     1.0 23.50 999.00  0.10 999.0  9.10   9.80     7 99.00 99.00
2012 06 11 11 00     1.0 23.50 999.00  0.10 999.0  9.10   8.80     7 99.00 99.00
2012 06 11 12 00     1.0 23.60 999.00  0.10 999.0  9.40   9.40     6 99.00 99.00
2012 06 11 13 00     1.0 23.70 999.00  0.10 999.0  9.50   9.70     6 99.00 99.00
2012 06 11 14 00     1.0 24.30 999.00  0.10 999.0  9.90  10.00     6 99.00 99.00
2012 06 11 15 00     1.0 24.20 999.00  0.10 999.0  9.80   9.70     6 99.00 99.00
2012 06 11 16 00     1.0 24.70 999.00  0.10 999.0 10.10  10.60     6 99.00 99.00
2012 06 11 17 00     1.0 25.00 999.00  0.10 999.0 10.40  10.50     6 99.00 99.00
2012 06 11 18 00     1.0 24.60 999.00  0.10 999.0 10.50  11.40     6 99.00 99.00
2012 06 11 19 00     1.0 24.50 999.00  0.10 999.0 10.40  12.10     6 99.00 99.00
2012 06 11 20 00     1.0 24.00 999.00  0.10 999.0  9.90  10.60     7 99.00 99.00
2012 06 11 21 00     1.0 23.90 999.00  0.10 999.0  9.70   9.60     7 99.00 99.00
2012 06 11 22 00     1.0 23.90 999.00  0.10 999.0  9.60   9.30     7 99.00 99.00
2012 06 11 23 00     1.0 23.80 999.00  0.10 999.0  9.20   8.10     7 99.00 99.00
2012 06 12 00 00     1.0 23.80 999.00  0.10 999.0  9.00   7.60     7 99.00 99.00
2012 06 12 01 00     1.0 23.90 999.00  0.10 999.0  8.90   7.50     8 99.00 99.00
2012 06 12 02 00     1.0 24.00 999.00  0.10 999.0  8.90   7.50     8 99.00 99.00
2012 06 12 03 00     1.0 24.10 999.00  0.10 999.0  8.90   7.70    10 99.00 99.00
2012 06 12 04 00     1.0 24.00 999.00  0.10 999.0  8.90   8.00     9 99.00 99.00
2012 06 12 05 00     1.0 24.00 999.00  0.10 999.0  8.90   7.90     9 99.00 99.00
2012 06 12 06 00     1.0 24.00 999.00  0.10 999.0  8.80   7.80     9 99.00 99.00
2012 06 12 07 00     1.0 23.90 999.00  0.10 999.0  8.70   7.60    10 99.00 99.00
2012 06 12 11 00     1.0 23.90 999.00  0.10 999.0  8.60   6.80     8 99.00 99.00
2012 06 12 12 00     1.0 23.80 999.00  0.10 999.0  8.70   6.60     8 99.00 99.00
2012 06 12 13 00     1.0 23.80 999.00  0.10 999.0  8.70   6.50     8 99.00 99.00
2012 06 12 14 00     1.0 23.80 999.00  0.10 999.0  8.70   6.30     8 99.00 99.00
2012 06 12 15 00     1.0 23.80 999.00  0.10 999.0  8.80   6.20     9 99.00 99.00
2012 06 12 21 00     1.0 23.70 999.00  0.10 999.0  8.60   5.80     9 99.00 99.00
2012 06 12 22 00     1.0 23.60 999.00  0.10 999.0  8.60   5.60     8 99.00 99.00
2012 06 12 23 00     1.0 23.50 999.00  0.10 999.0  8.50   5.60     9 99.00 99.00
2012 06 13 00 00     1.0 23.50 999.00  0.10 999.0  8.50   5.40     9 99.00 99.00
2012 06 13 01 00     1.0 23.40 999.00  0.10 999.0  8.40   5.30     9 99.00 99.00
2012 06 13 02 00     1.0 23.40 999.00  0.10 999.0  8.20   5.20     9 99.00 99.00
2012 06 13 03 00     1.0 23.30 999.00  0.10 999.0  8.10   5.30     9 99.00 99.00
2012 06 13 04 00     1.0 23.10 999.00  0.10 999.0  8.00   4.90     6 99.00 99.00
2012 06 13 05 00     1.0 23.10 999.00  0.10 999.0  8.00   5.20     7 99.00 99.00
2012 06 13 06 00     1.0 23.10 999.00  0.10 999.0  8.00   5.20     6 99.00 99.00
2012 06 13 08 00     1.0 23.10 999.00  0.10 999.0  7.90   5.00     6 99.00 99.00
2012 06 13 09 00     1.0 23.20 999.00  0.10 999.0  8.00   5.00     6 99.00 99.00
2012 06 13 10 00     1.0 23.20 999.00  0.10 999.0  8.00   4.50     7 99.00 99.00
2012 06 13 11 00     1.0 23.10 999.00  0.10 999.0  8.00   4.40     7 99.00 99.00
2012 06 13 12 00     1.0 23.10 999.00  0.10 999.0  8.00   4.60     7 99.00 99.00
2012 06 13 13 00     1.0 23.10 999.00  0.10 999.0  8.00   4.60     8 99.00 99.00
2012 06 13 14 00     1.0 23.10 999.00  0.10 999.0  7.90   4.70     8 99.00 99.00
2012 06 13 15 00     1.0 23.20 999.00  0.10 999.0  8.00   4.80     8 99.00 99.00
2012 06 13 16 00     1.0 23.30 999.00  0.10 999.0  8.00   4.70     7 99.00 99.00
2012 06 13 18 00     1.0 23.60 999.00  0.10 999.0  8.20   5.00     8 99.00 99.00
2012 06 13 19 00     1.0 23.70 999.00  0.10 999.0  8.20   5.30     8 99.00 99.00
2012 06 13 20 00     1.0 23.80 999.00  0.10 999.0  8.20   5.60     8 99.00 99.00
2012 06 13 21 00     1.0 23.90 999.00  0.10 999.0  8.30   5.90     8 99.00 99.00
2012 06 13 22 00     1.0 23.90 999.00  0.10 999.0  8.30   6.10     8 99.00 99.00
2012 06 13 23 00     1.0 23.80 999.00  0.10 999.0  8.20   5.70     8 99.00 99.00
2012 06 14 00 00     1.0 23.70 999.00  0.10 999.0  8.10   5.20     7 99.00 99.00
2012 06 14 01 00     1.0 23.60 999.00  0.10 999.0  7.90   5.20     8 99.00 99.00
2012 06 14 02 00     1.0 23.60 999.00  0.10 999.0  7.90   5.20     8 99.00 99.00
2012 06 14 03 00     1.0 23.80 999.00  0.10 999.0  7.90   5.50     8 99.00 99.00
2012 06 14 05 00     1.0 24.10 999.00  0.10 999.0  8.00   5.30     8 99.00 99.00
2012 06 14 06 00     1.0 24.10 999.00  0.10 999.0  7.90   5.60     8 99.00 99.00
2012 06 14 07 00     1.0 23.90 999.00  0.10 999.0  7.90   5.60     9 99.00 99.00
2012 06 14 08 00     1.0 23.70 999.00  0.10 999.0  7.90   5.60    10 99.00 99.00
2012 06 14 09 00     1.0 23.80 999.00  0.10 999.0  7.90   5.70     9 99.00 99.00
2012 06 14 10 00     1.0 23.70 999.00  0.10 999.0  7.90   5.20     8 99.00 99.00
2012 06 14 11 00     1.0 23.70 999.00  0.10 999.0  7.90   5.00     8 99.00 99.00
2012 06 14 12 00     1.0 23.70 999.00  0.10 999.0  7.90   4.90     8 99.00 99.00
2012 06 14 13 00     1.0 23.70 999.00  0.10 999.0  7.90   4.90     7 99.00 99.00
2012 06 14 14 00     1.0 23.90 999.00  0.10 999.0  7.90   5.20     6 99.00 99.00
2012 06 14 15 00     1.0 24.30 999.00  0.10 999.0  8.10   5.30     6 99.00 99.00
2012 06 14 16 00     1.0 24.40 999.00  0.10 999.0  8.10   5.30     6 99.00 99.00
2012 06 14 17 00     1.0 24.60 999.00  0.10 999.0  8.20   5.90     6 99.00 99.00
2012 06 14 18 00     1.0 24.90 999.00  0.10 999.0  8.30   5.70     6 99.00 99.00
2012 06 14 19 00     1.0 25.00 999.00  0.10 999.0  8.40   6.20     6 99.00 99.00
2012 06 14 20 00     1.0 25.20 999.00  0.10 999.0  8.50   6.80     6 99.00 99.00
2012 06 14 21 00     1.0 25.10 999.00  0.10 999.0  8.70   7.40     5 99.00 99.00
2012 06 14 22 00     1.0 24.90 999.00  0.10 999.0  8.70   7.80     6 99.00 99.00
2012 06 14 23 00     1.0 24.60 999.00  0.10 999.0  8.50   7.20     6 99.00 99.00
2012 06 15 00 00     1.0 24.40 999.00  0.10 999.0  8.40   7.20     6 99.00 99.00
2012 06 15 01 00     1.0 24.20 999.00  0.10 999.0  8.30   7.20     6 99.00 99.00
2012 06 15 02 00     1.0 24.00 999.00  0.10 999.0  8.00   5.80     6 99.00 99.00
2012 06 15 03 00     1.0 23.80 999.00  0.10 999.0  7.70   4.90     7 99.00 99.00
2012 06 15 04 00     1.0 23.90 999.00  0.10 999.0  7.90   5.80     6 99.00 99.00
2012 06 15 05 00     1.0 23.80 999.00  0.10 999.0  7.80   5.80     6 99.00 99.00
2012 06 15 06 00     1.0 23.90 999.00  0.10 999.0  7.90   6.40     6 99.00 99.00
2012 06 15 07 00     1.0 24.10 999.00  0.10 999.0  8.00   7.10     6 99.00 99.00
2012 06 15 08 00     1.0 24.10 999.00  0.10 999.0  7.90   6.70     6 99.00 99.00
2012 06 15 09 00     1.0 24.10 999.00  0.10 999.0  7.90   6.60     6 99.00 99.00
2012 06 15 10 00     1.0 24.20 999.00  0.10 999.0  7.90   6.20     6 99.00 99.00
2012 06 15 11 00     1.0 24.10 999.00  0.10 999.0  7.90   5.30     5 99.00 99.00
2012 06 15 12 00     1.0 24.20 999.00  0.10 999.0  8.00   5.90     5 99.00 99.00
2012 06 15 13 00     1.0 24.20 999.00  0.10 999.0  8.00   6.50     5 99.00 99.00
2012 06 15 14 00     1.0 24.40 999.00  0.10 999.0  8.20   6.20     5 99.00 99.00
2012 06 15 15 00     1.0 24.50 999.00  0.10 999.0  8.10   5.30     5 99.00 99.00
2012 06 15 16 00     1.0 25.00 999.00  0.10 999.0  8.30   5.20     5 99.00 99.00
2012 06 15 17 00     1.0 24.90 999.00  0.10 999.0  8.10   5.00     6 99.00 99.00
2012 06 15 18 00     1.0 24.90 999.00  0.10 999.0  7.90   4.90     6 99.00 99.00
2012 06 15 19 00     1.0 24.90 999.00  0.10 999.0  8.00   5.50     6 99.00 99.00
2012 06 15 20 00     1.0 24.90 999.00  0.10 999.0  8.00   5.60     6 99.00 99.00
2012 06 15 21 00     1.0 25.10 999.00  0.10 999.0  8.20   5.90     6 99.00 99.00
2012 06 15 22 00     1.0 25.00 999.00  0.10 999.0  8.30   6.40     6 99.00 99.00
2012 06 15 23 00     1.0 24.60 999.00  0.10 999.0  8.10   6.30     6 99.00 99.00
2012 06 16 00 00     1.0 24.50 999.00  0.10 999.0  8.10   5.80     6 99.00 99.00
2012 06 16 01 00     1.0 24.20 999.00  0.10 999.0  7.70   4.90     7 99.00 99.00
2012 06 16 02 00     1.0 24.40 999.00  0.10 999.0  7.80   5.20     7 99.00 99.00
2012 06 16 03 00     1.0 24.60 999.00  0.10 999.0  7.80   5.70     8 99.00 99.00
2012 06 16 04 00     1.0 24.70 999.00  0.10 999.0  7.90   5.80     8 99.00 99.00
2012 06 16 05 00     1.0 24.80 999.00  0.10 999.0  7.90   6.20     8 99.00 99.00
2012 06 16 06 00     1.0 24.70 999.00  0.10 999.0  7.80   6.30     7 99.00 99.00
2012 06 16 07 00     1.0 24.70 999.00  0.10 999.0  7.80   6.20     7 99.00 99.00
2012 06 16 08 00     1.0 24.50 999.00  0.10 999.0  7.70   6.00     7 99.00 99.00
2012 06 16 09 00     1.0 24.40 999.00  0.10 999.0  7.60   5.80     7 99.00 99.00
2012 06 16 10 00     1.0 24.20 999.00  0.10 999.0  7.70   5.40     7 99.00 99.00
2012 06 16 11 00     1.0 24.10 999.00  0.10 999.0  7.70   4.80     7 99.00 99.00
2012 06 16 12 00     1.0 24.40 999.00  0.10 999.0  7.80   5.40     7 99.00 99.00
2012 06 16 13 00     1.0 24.50 999.00  0.10 999.0  7.90   5.90     7 99.00 99.00
2012 06 16 14 00     1.0 24.90 999.00  0.10 999.0  8.30   6.60     6 99.00 99.00
2012 06 16 15 00     1.0 25.10 999.00  0.10 999.0  8.30   5.90     6 99.00 99.00
2012 06 16 16 00     1.0 25.30 999.00  0.10 999.0  8.60   6.20     5 99.00 99.00
2012 06 16 17 00     1.0 25.50 999.00  0.10 999.0  8.80   7.00     6 99.00 99.00
2012 06 16 18 00     1.0 25.60 999.00  0.10 999.0  8.70   7.10     6 99.00 99.00
2012 06 16 19 00     1.0 25.70 999.00  0.10 999.0  8.60   6.00     5 99.00 99.00
2012 06 16 20 00     1.0 26.00 999.00  0.10 999.0  9.00   6.90     5 99.00 99.00
2012 06 16 21 00     1.0 26.00 999.00  0.10 999.0  9.40   9.00     5 99.00 99.00
2012 06 16 22 00     1.0 25.90 999.00  0.10 999.0  9.60  10.00     5 99.00 99.00
2012 06 16 23 00     1.0 25.50 999.00  0.10 999.0  9.60   9.50     5 99.00 99.00
2012 06 17 00 00     1.0 25.10 999.00  0.10 999.0  9.00   7.70     6 99.00 99.00
2012 06 17 01 00     1.0 24.90 999.00  0.10 999.0  8.80   7.80     6 99.00 99.00
2012 06 17 02 00     1.0 24.80 999.00  0.10 999.0  8.60   6.90     6 99.00 99.00
2012 06 17 03 00     1.0 24.90 999.00  0.10 999.0  8.70   7.80     6 99.00 99.00
2012 06 17 04 00     1.0 24.90 999.00  0.10 999.0  8.70   8.00     6 99.00 99.00
2012 06 17 05 00     1.0 24.80 999.00  0.10 999.0  8.50   7.40     6 99.00 99.00
2012 06 17 06 00     1.0 24.90 999.00  0.10 999.0  8.50   7.80     6 99.00 99.00
2012 06 17 07 00     1.0 24.80 999.00  0.10 999.0  8.30   7.20     6 99.00 99.00
2012 06 17 08 00     1.0 24.70 999.00  0.10 999.0  8.20   6.90     6 99.00 99.00
2012 06 17 09 00     1.0 24.60 999.00  0.10 999.0  8.30   6.70     6 99.00 99.00
2012 06 17 10 00     1.0 24.40 999.00  0.10 999.0  8.20   5.50     7 99.00 99.00
2012 06 17 11 00     1.0 24.30 999.00  0.10 999.0  8.20   5.20     8 99.00 99.00
2012 06 17 12 00     1.0 24.10 999.00  0.10 999.0  8.20   4.90     8 99.00 99.00
2012 06 17 13 00     1.0 24.10 999.00  0.10 999.0  8.20   4.80     8 99.00 99.00
2012 06 17 14 00     1.0 24.50 999.00  0.10 999.0  8.40   6.20     6 99.00 99.00
2012 06 17 15 00     1.0 24.50 999.00  0.10 999.0  8.50   6.50     5 99.00 99.00
2012 06 17 16 00     1.0 24.80 999.00  0.10 999.0  8.90   8.60     4 99.00 99.00
2012 06 17 17 00     1.0 25.10 999.00  0.10 999.0  9.10   9.30     4 99.00 99.00
2012 06 17 18 00     1.0 25.40 999.00  0.10 999.0  9.30   9.30     4 99.00 99.00
2012 06 17 19 00     1.0 25.70 999.00  0.10 999.0  9.50   9.00     5 99.00 99.00
2012 06 17 20 00     1.0 25.70 999.00  0.10 999.0  9.10   7.70     5 99.00 99.00
2012 06 17 21 00     1.0 26.10 999.00  0.10 999.0  9.50   9.30     5 99.00 99.00
2012 06 17 22 00     1.0 26.10 999.00  0.10 999.0  9.80   9.40     4 99.00 99.00
2012 06 17 23 00     1.0 25.70 999.00  0.10 999.0  9.30   7.80     5 99.00 99.00
2012 06 18 00 00     1.0 25.00 999.00  0.10 999.0  8.30   5.10     5 99.00 99.00
2012 06 18 01 00     1.0 24.80 999.00  0.10 999.0  7.90   4.20     6 99.00 99.00
2012 06 18 02 00     1.0 24.70 999.00  0.10 999.0  7.90   4.10     6 99.00 99.00
2012 06 18 03 00     1.0 24.70 999.00  0.10 999.0  7.90   4.30     7 99.00 99.00
2012 06 18 04 00     1.0 24.70 999.00  0.10 999.0  8.20   5.70     6 99.00 99.00
2012 06 18 05 00     1.0 24.50 999.00  0.10 999.0  8.20   5.50     6 99.00 99.00
2012 06 18 06 00     1.0 24.40 999.00  0.10 999.0  8.20   5.40     6 99.00 99.00
2012 06 18 07 00     1.0 24.30 999.00  0.10 999.0  8.10   5.40     6 99.00 99.00
2012 06 18 08 00     1.0 24.20 999.00  0.10 999.0  8.00   5.40     6 99.00 99.00
2012 06 18 09 00     1.0 24.10 999.00  0.10 999.0  8.00   5.10     6 99.00 99.00
2012 06 18 10 00     1.0 24.10 999.00  0.10 999.0  8.00   5.00     7 99.00 99.00
2012 06 18 11 00     1.0 24.00 999.00  0.10 999.0  8.10   4.60     7 99.00 99.00
2012 06 18 12 00     1.0 24.00 999.00  0.10 999.0  8.10   4.30     7 99.00 99.00
2012 06 18 13 00     1.0 24.00 999.00  0.10 999.0  8.00   4.20     7 99.00 99.00
2012 06 18 14 00     1.0 24.00 999.00  0.10 999.0  8.00   4.30     7 99.00 99.00
2012 06 18 15 00     1.0 24.10 999.00  0.10 999.0  8.10   4.80     6 99.00 99.00
2012 06 18 16 00     1.0 24.10 999.00  0.10 999.0  8.30   4.90     6 99.00 99.00
2012 06 18 17 00     1.0 24.20 999.00  0.10 999.0  8.40   5.30     5 99.00 99.00
2012 06 18 18 00     1.0 24.30 999.00  0.10 999.0  8.30   4.90     6 99.00 99.00
2012 06 18 19 00     1.0 24.30 999.00  0.10 999.0  8.40   4.80     6 99.00 99.00
2012 06 18 20 00     1.0 24.50 999.00  0.10 999.0  8.50   4.10     6 99.00 99.00
2012 06 18 21 00     1.0 24.50 999.00  0.10 999.0  8.40   3.80     6 99.00 99.00
2012 06 18 22 00     1.0 24.30 999.00  0.10 999.0  8.10   3.60     7 99.00 99.00
2012 06 18 23 00     1.0 24.30 999.00  0.10 999.0  8.10   3.30     7 99.00 99.00
2012 06 19 00 00     1.0 24.20 999.00  0.10 999.0  8.20   3.30     7 99.00 99.00
2012 06 19 01 00     1.0 24.10 999.00  0.10 999.0  8.30   3.40     8 99.00 99.00
2012 06 19 02 00     1.0 24.10 999.00  0.10 999.0  8.50   3.50     8 99.00 99.00
2012 06 19 03 00     1.0 24.00 999.00  0.10 999.0  8.40   3.50     8 99.00 99.00
2012 06 19 04 00     1.0 24.00 999.00  0.10 999.0  8.50   3.50     7 99.00 99.00
2012 06 19 07 00     1.0 24.00 999.00  0.10 999.0  8.80   3.80     6 99.00 99.00
2012 06 19 08 00     1.0 24.10 999.00  0.10 999.0  8.80   4.10     7 99.00 99.00
2012 06 19 09 00     1.0 24.00 999.00  0.10 999.0  8.80   4.00     7 99.00 99.00
2012 06 19 10 00     1.0 24.00 999.00  0.10 999.0  8.80   3.80     7 99.00 99.00
2012 06 19 11 00     1.0 23.70 999.00  0.10 999.0  8.80   3.40     8 99.00 99.00
2012 06 19 12 00     1.0 23.70 999.00  0.10 999.0  8.90   3.30     7 99.00 99.00
2012 06 19 13 00     1.0 23.60 999.00  0.10 999.0  8.90   3.30     7 99.00 99.00
2012 06 19 15 00     1.0 23.70 999.00  0.10 999.0  9.00   3.90     5 99.00 99.00
2012 06 19 16 00     1.0 24.20 999.00  0.10 999.0  9.10   4.70     5 99.00 99.00
2012 06 19 18 00     1.0 25.20 999.00  0.10 999.0  9.10   3.80     5 99.00 99.00
2012 06 19 19 00     1.0 25.60 999.00  0.10 999.0  9.10   4.00     5 99.00 99.00
2012 06 19 20 00     1.0 25.60 999.00  0.10 999.0  8.70   3.20     5 99.00 99.00
2012 06 19 21 00     1.0 25.50 999.00  0.10 999.0  8.90   3.50     5 99.00 99.00
2012 06 19 23 00     1.0 24.90 999.00  0.10 999.0  8.90   3.40     5 99.00 99.00
2012 06 20 00 00     1.0 25.00 999.00  0.10 999.0  8.90   3.60     5 99.00 99.00
2012 06 20 01 00     1.0 24.90 999.00  0.10 999.0  8.80   3.80     5 99.00 99.00
2012 06 20 02 00     1.0 24.70 999.00  0.10 999.0  8.70   3.50     5 99.00 99.00
2012 06 20 03 00     1.0 25.10 999.00  0.10 999.0  9.00   4.20     4 99.00 99.00
2012 06 20 04 00     1.0 24.90 999.00  0.10 999.0  9.10   4.10     4 99.00 99.00
2012 06 20 09 00     1.0 24.80 999.00  0.10 999.0  9.00   4.50     4 99.00 99.00
2012 06 20 10 00     1.0 24.90 999.00  0.10 999.0  9.00   4.40     4 99.00 99.00
2012 06 20 11 00     1.0 24.90 999.00  0.10 999.0  9.00   4.40     4 99.00 99.00
2012 06 20 12 00     1.0 25.00 999.00  0.10 999.0  9.10   4.50     4 99.00 99.00
2012 06 20 13 00     1.0 25.40 999.00  0.10 999.0  9.20   4.80     4 99.00 99.00
2012 06 20 14 00     1.0 25.60 999.00  0.10 999.0  8.70   3.80     3 99.00 99.00
2012 06 20 15 00     1.0 26.50 999.00  0.10 999.0  9.50   6.30     4 99.00 99.00
2012 06 20 16 00     1.0 26.50 999.00  0.10 999.0  9.40   4.20     4 99.00 99.00
2012 06 20 17 00     1.0 27.40 999.00  0.10 999.0  9.20   3.50     3 99.00 99.00
2012 06 20 18 00     1.0 27.00 999.00  0.10 999.0  9.60   4.30     4 99.00 99.00
2012 06 20 19 00     1.0 27.40 999.00  0.10 999.0  9.60   4.90     4 99.00 99.00
2012 06 20 20 00     1.0 27.40 999.00  0.10 999.0  9.50   5.50     4 99.00 99.00
2012 06 20 21 00     1.0 27.90 999.00  0.10 999.0  9.60   5.50     4 99.00 99.00
2012 06 20 22 00     1.0 27.40 999.00  0.10 999.0  9.70   5.70     5 99.00 99.00
2012 06 20 23 00     1.0 26.10 999.00  0.10 999.0  9.30   4.50     5 99.00 99.00
2012 06 21 00 00     1.0 26.50 999.00  0.10 999.0  9.20   4.40     4 99.00 99.00
2012 06 21 01 00     1.0 26.30 999.00  0.10 999.0  9.10   4.40     4 99.00 99.00
2012 06 21 02 00     1.0 26.40 999.00  0.10 999.0  9.10   5.00     4 99.00 99.00
2012 06 21 03 00     1.0 26.20 999.00  0.10 999.0  9.00   5.10     4 99.00 99.00
2012 06 21 04 00     1.0 26.20 999.00  0.10 999.0  9.00   4.90     4 99.00 99.00
2012 06 21 05 00     1.0 26.10 999.00  0.10 999.0  8.90   4.40     4 99.00 99.00
2012 06 21 08 00     1.0 26.00 999.00  0.10 999.0  9.00   3.60     4 99.00 99.00
2012 06 21 09 00     1.0 26.00 999.00  0.10 999.0  9.00   3.50     4 99.00 99.00
2012 06 21 10 00     1.0 26.00 999.00  0.10 999.0  9.00   3.30     4 99.00 99.00
2012 06 21 11 00     1.0 25.90 999.00  0.10 999.0  8.90   3.20     4 99.00 99.00
2012 06 21 12 00     1.0 25.90 999.00  0.10 999.0  8.90   3.40     4 99.00 99.00
2012 06 21 13 00     1.0 26.10 999.00  0.10 999.0  9.00   3.70     4 99.00 99.00
2012 06 21 14 00     1.0 26.50 999.00  0.10 999.0  9.10   4.10     4 99.00 99.00
2012 06 21 15 00     1.0 26.80 999.00  0.10 999.0  9.20   3.90     3 99.00 99.00
2012 06 21 16 00     1.0 27.20 999.00  0.10 999.0  8.60   4.00     3 99.00 99.00
2012 06 21 17 00     1.0 27.30 999.00  0.10 999.0  9.40   4.80     3 99.00 99.00
2012 06 21 18 00     1.0 28.20 999.00  0.10 999.0  9.40   4.00     3 99.00 99.00
2012 06 21 19 00     1.0 27.60 999.00  0.10 999.0  9.50   4.50     4 99.00 99.00
2012 06 21 20 00     1.0 27.50 999.00  0.10 999.0  9.60   5.10     5 99.00 99.00
2012 06 21 21 00     1.0 26.50 999.00  0.10 999.0  9.30   4.60     5 99.00 99.00
2012 06 21 22 00     1.0 26.90 999.00  0.10 999.0 10.00   7.00     5 99.00 99.00
2012 06 21 23 00     1.0 26.90 999.00  0.10 999.0 10.10   7.20     5 99.00 99.00
2012 06 22 00 00     1.0 26.50 999.00  0.10 999.0  9.40   5.30     5 99.00 99.00
2012 06 22 01 00     1.0 26.40 999.00  0.10 999.0  8.90   4.90     5 99.00 99.00
2012 06 22 02 00     1.0 26.20 999.00  0.10 999.0  8.90   5.30     5 99.00 99.00
2012 06 22 03 00     1.0 26.30 999.00  0.10 999.0  9.00   6.00     4 99.00 99.00
2012 06 22 04 00     1.0 26.60 999.00  0.10 999.0  9.00   6.30     4 99.00 99.00
2012 06 22 05 00     1.0 26.60 999.00  0.10 999.0  8.90   5.70     4 99.00 99.00
2012 06 22 06 00     1.0 26.50 999.00  0.10 999.0  8.80   5.20     5 99.00 99.00
2012 06 22 07 00     1.0 26.50 999.00  0.10 999.0  8.70   4.40     5 99.00 99.00
2012 06 22 08 00     1.0 26.60 999.00  0.10 999.0  8.70   4.50     5 99.00 99.00
2012 06 22 09 00     1.0 26.60 999.00  0.10 999.0  8.70   4.50     5 99.00 99.00
2012 06 22 10 00     1.0 26.50 999.00  0.10 999.0  8.60   4.30     5 99.00 99.00
2012 06 22 11 00     1.0 26.50 999.00  0.10 999.0  8.60   4.80     5 99.00 99.00
2012 06 22 12 00     1.0 26.60 999.00  0.10 999.0  8.50   5.00     5 99.00 99.00
2012 06 22 13 00     1.0 26.70 999.00  0.10 999.0  8.70   5.70     5 99.00 99.00
2012 06 22 14 00     1.0 27.30 999.00  0.10 999.0  8.80   6.40     4 99.00 99.00
2012 06 22 15 00     1.0 27.20 999.00  0.10 999.0  9.00   7.50     4 99.00 99.00
2012 06 22 16 00     1.0 27.20 999.00  0.10 999.0  8.80   8.30     4 99.00 99.00
2012 06 22 17 00     1.0 27.40 999.00  0.10 999.0  8.60   8.00     4 99.00 99.00
2012 06 22 18 00     1.0 28.00 999.00  0.10 999.0  8.40   5.60     4 99.00 99.00
2012 06 22 19 00     1.0 28.30 999.00  0.10 999.0  8.60   5.70     4 99.00 99.00
2012 06 22 20 00     1.0 28.60 999.00  0.10 999.0  8.80   6.30     4 99.00 99.00
2012 06 22 21 00     1.0 28.20 999.00  0.10 999.0  9.70   8.20     4 99.00 99.00
2012 06 22 22 00     1.0 27.90 999.00  0.10 999.0  9.40   8.50     5 99.00 99.00
2012 06 22 23 00     1.0 26.70 999.00  0.10 999.0  8.20   5.70     5 99.00 99.00
2012 06 23 00 00     1.0 27.10 999.00  0.10 999.0  8.40   7.10     5 99.00 99.00
2012 06 23 01 00     1.0 27.10 999.00  0.10 999.0  8.30   7.40     6 99.00 99.00
2012 06 23 02 00     1.0 27.20 999.00  0.10 999.0  8.20   7.80     6 99.00 99.00
2012 06 23 03 00     1.0 27.10 999.00  0.10 999.0  8.00   7.50     7 99.00 99.00
2012 06 23 04 00     1.0 27.20 999.00  0.10 999.0  8.00   7.70     5 99.00 99.00
2012 06 23 05 00     1.0 27.20 999.00  0.10 999.0  8.00   7.60     5 99.00 99.00
2012 06 23 07 00     1.0 27.00 999.00  0.10 999.0  7.80   6.50     4 99.00 99.00
2012 06 23 08 00     1.0 27.10 999.00  0.10 999.0  7.80   6.20     4 99.00 99.00
2012 06 23 09 00     1.0 27.10 999.00  0.10 999.0  7.80   6.40     4 99.00 99.00
2012 06 23 10 00     1.0 27.00 999.00  0.10 999.0  7.70   5.60     4 99.00 99.00
2012 06 23 11 00     1.0 26.80 999.00  0.10 999.0  7.40   4.30     5 99.00 99.00
2012 06 23 12 00     1.0 26.80 999.00  0.10 999.0  7.40   4.00     6 99.00 99.00
2012 06 23 13 00     1.0 26.90 999.00  0.10 999.0  7.50   4.50     6 99.00 99.00
2012 06 23 14 00     1.0 27.00 999.00  0.10 999.0  7.60   4.80     6 99.00 99.00
2012 06 23 15 00     1.0 27.20 999.00  0.10 999.0  7.70   4.90     6 99.00 99.00
2012 06 23 16 00     1.0 27.50 999.00  0.10 999.0  7.80   5.10     5 99.00 99.00
2012 06 23 17 00     1.0 27.60 999.00  0.10 999.0  7.90   5.40     5 99.00 99.00
2012 06 23 18 00     1.0 27.60 999.00  0.10 999.0  7.90   5.20     4 99.00 99.00
2012 06 23 19 00     1.0 27.70 999.00  0.10 999.0  8.00   5.70     4 99.00 99.00
2012 06 23 20 00     1.0 27.70 999.00  0.10 999.0  8.10   6.30     5 99.00 99.00
2012 06 23 21 00     1.0 27.70 999.00  0.10 999.0  8.10   6.30     5 99.00 99.00
2012 06 23 22 00     1.0 27.80 999.00  0.10 999.0  8.10   6.10     5 99.00 99.00
2012 06 23 23 00     1.0 27.40 999.00  0.10 999.0  7.70   5.10     5 99.00 99.00
2012 06 24 00 00     1.0 27.60 999.00  0.10 999.0  8.20   5.80     5 99.00 99.00
2012 06 24 01 00     1.0 27.50 999.00  0.10 999.0  8.10   6.30     5 99.00 99.00
2012 06 24 02 00     1.0 27.30 999.00  0.10 999.0  7.80   5.90     6 99.00 99.00
2012 06 24 03 00     1.0 27.00 999.00  0.10 999.0  7.50   4.80     7 99.00 99.00
2012 06 24 04 00     1.0 27.10 999.00  0.10 999.0  7.60   5.70     7 99.00 99.00
2012 06 24 05 00     1.0 27.10 999.00  0.10 999.0  7.70   6.00     6 99.00 99.00
2012 06 24 09 00     1.0 27.00 999.00  0.10 999.0  7.40   5.10     6 99.00 99.00
2012 06 24 10 00     1.0 27.00 999.00  0.10 999.0  7.40   4.60     5 99.00 99.00
2012 06 24 11 00     1.0 27.00 999.00  0.10 999.0  7.40   4.50     4 99.00 99.00
2012 06 24 13 00     1.0 27.10 999.00  0.10 999.0  7.60   5.40     5 99.00 99.00
2012 06 24 14 00     1.0 27.30 999.00  0.10 999.0  7.70   5.70     5 99.00 99.00
2012 06 24 15 00     1.0 27.70 999.00  0.10 999.0  8.00   5.10     5 99.00 99.00
2012 06 24 16 00     1.0 28.20 999.00  0.10 999.0  8.00   5.80     5 99.00 99.00
2012 06 24 17 00     1.0 28.90 999.00  0.10 999.0  7.80   5.00     4 99.00 99.00
2012 06 24 18 00     1.0 28.30 999.00  0.10 999.0  8.20   7.40     5 99.00 99.00
2012 06 24 19 00     1.0 28.40 999.00  0.10 999.0  8.50   8.40     5 99.00 99.00
2012 06 24 20 00     1.0 28.20 999.00  0.10 999.0  8.80   9.40     5 99.00 99.00
2012 06 24 21 00     1.0 28.00 999.00  0.10 999.0  9.00   9.90     4 99.00 99.00
2012 06 24 22 00     1.0 28.10 999.00  0.10 999.0  9.10  10.20     4 99.00 99.00
2012 06 24 23 00     1.0 28.10 999.00  0.10 999.0  8.90   9.30     4 99.00 99.00
2012 06 25 00 00     1.0 27.80 999.00  0.10 999.0  8.40   7.30     4 99.00 99.00
2012 06 25 01 00     1.0 27.50 999.00  0.10 999.0  7.90   6.30     5 99.00 99.00
2012 06 25 02 00     1.0 27.50 999.00  0.10 999.0  7.70   6.20     5 99.00 99.00
2012 06 25 03 00     1.0 27.30 999.00  0.10 999.0  7.60   5.60     4 99.00 99.00
2012 06 25 04 00     1.0 27.10 999.00  0.10 999.0  7.40   5.00     4 99.00 99.00
2012 06 25 05 00     1.0 27.00 999.00  0.10 999.0  7.20   4.90     5 99.00 99.00
2012 06 25 06 00     1.0 26.90 999.00  0.10 999.0  7.20   4.90     5 99.00 99.00
2012 06 25 07 00     1.0 27.00 999.00  0.10 999.0  7.30   5.00     4 99.00 99.00
2012 06 25 08 00     1.0 27.00 999.00  0.10 999.0  7.30   5.00     4 99.00 99.00
2012 06 25 09 00     1.0 27.10 999.00  0.10 999.0  7.30   5.10     5 99.00 99.00
2012 06 25 10 00     1.0 27.10 999.00  0.10 999.0  7.30   4.70     4 99.00 99.00
2012 06 25 11 00     1.0 27.20 999.00  0.10 999.0  7.40   4.90     4 99.00 99.00
2012 06 25 12 00     1.0 27.30 999.00  0.10 999.0  7.40   5.30     4 99.00 99.00
2012 06 25 13 00     1.0 27.30 999.00  0.10 999.0  7.40   5.60     4 99.00 99.00
2012 06 25 14 00     1.0 27.30 999.00  0.10 999.0  7.40   5.50     4 99.00 99.00
2012 06 25 15 00     1.0 27.30 999.00  0.10 999.0  7.50   6.10     4 99.00 99.00
2012 06 25 16 00     1.0 27.40 999.00  0.10 999.0  7.70   7.10     4 99.00 99.00
2012 06 25 17 00     1.0 27.60 999.00  0.10 999.0  8.00   8.30     4 99.00 99.00
2012 06 25 18 00     1.0 27.60 999.00  0.10 999.0  8.10   8.30     4 99.00 99.00
2012 06 25 19 00     1.0 27.60 999.00  0.10 999.0  8.00   8.00     4 99.00 99.00
2012 06 25 20 00     1.0 27.70 999.00  0.10 999.0  7.80   6.90     4 99.00 99.00
2012 06 25 21 00     1.0 27.80 999.00  0.10 999.0  7.90   7.80     5 99.00 99.00
2012 06 25 22 00     1.0 27.60 999.00  0.10 999.0  7.60   6.70     5 99.00 99.00
2012 06 25 23 00     1.0 27.50 999.00  0.10 999.0  7.50   6.60     5 99.00 99.00
2012 06 26 00 00     1.0 27.50 999.00  0.10 999.0  7.40   5.80     6 99.00 99.00
2012 06 26 01 00     1.0 27.40 999.00  0.10 999.0  7.20   5.60     6 99.00 99.00
2012 06 26 02 00     1.0 27.30 999.00  0.10 999.0  7.20   5.10     6 99.00 99.00
2012 06 26 03 00     1.0 27.30 999.00  0.10 999.0  7.10   5.00     6 99.00 99.00
2012 06 26 04 00     1.0 27.10 999.00  0.10 999.0  7.20   4.90     6 99.00 99.00
2012 06 26 08 00     1.0 26.90 999.00  0.10 999.0  7.20   5.00     5 99.00 99.00
2012 06 26 09 00     1.0 26.80 999.00  0.10 999.0  7.10   4.70     6 99.00 99.00
2012 06 26 10 00     1.0 26.70 999.00  0.10 999.0  7.10   4.30     6 99.00 99.00
2012 06 26 12 00     1.0 26.50 999.00  0.10 999.0  7.10   4.30     5 99.00 99.00
2012 06 26 13 00     1.0 26.50 999.00  0.10 999.0  7.20   4.40     6 99.00 99.00
2012 06 26 14 00     1.0 26.60 999.00  0.10 999.0  7.30   4.70     6 99.00 99.00
2012 06 26 15 00     1.0 26.70 999.00  0.10 999.0  7.40   4.90     7 99.00 99.00
2012 06 26 16 00     1.0 26.80 999.00  0.10 999.0  7.40   5.10    10 99.00 99.00
2012 06 26 17 00     1.0 26.70 999.00  0.10 999.0  7.40   4.60     7 99.00 99.00
2012 06 26 18 00     1.0 26.60 999.00  0.10 999.0  7.50   4.40     6 99.00 99.00
2012 06 26 19 00     1.0 26.60 999.00  0.10 999.0  7.70   6.20     6 99.00 99.00
2012 06 26 20 00     1.0 26.50 999.00  0.10 999.0  8.10   8.60     8 99.00 99.00
2012 06 26 21 00     1.0 26.70 999.00  0.10 999.0  7.50   5.50     5 99.00 99.00
2012 06 26 22 00     1.0 26.50 999.00  0.10 999.0  7.30   4.00     5 99.00 99.00
2012 06 26 23 00     1.0 26.50 999.00  0.10 999.0  7.30   4.00     6 99.00 99.00
2012 06 27 00 00     1.0 26.50 999.00  0.10 999.0  7.20   3.90     6 99.00 99.00
2012 06 27 01 00     1.0 26.40 999.00  0.10 999.0  7.20   4.40     6 99.00 99.00
2012 06 27 02 00     1.0 26.40 999.00  0.10 999.0  7.10   4.60     6 99.00 99.00
2012 06 27 04 00     1.0 26.10 999.00  0.10 999.0  7.10   4.10     8 99.00 99.00
2012 06 27 05 00     1.0 25.90 999.00  0.10 999.0  7.10   4.30     7 99.00 99.00
2012 06 27 06 00     1.0 25.80 999.00  0.10 999.0  7.30   4.70     6 99.00 99.00
2012 06 27 08 00     1.0 25.70 999.00  0.10 999.0  7.40   4.50     6 99.00 99.00
2012 06 27 10 00     1.0 25.70 999.00  0.10 999.0  7.50   4.60     6 99.00 99.00
2012 06 27 11 00     1.0 25.60 999.00  0.10 999.0  7.60   3.90     7 99.00 99.00
2012 06 27 12 00     1.0 25.70 999.00  0.10 999.0  7.60   4.10     6 99.00 99.00
2012 06 27 13 00     1.0 25.90 999.00  0.10 999.0  7.60   4.00     6 99.00 99.00
2012 06 27 14 00     1.0 26.10 999.00  0.10 999.0  7.60   3.70     5 99.00 99.00
2012 06 27 15 00     1.0 26.20 999.00  0.10 999.0  7.70   3.70     5 99.00 99.00
2012 06 27 16 00     1.0 26.20 999.00  0.10 999.0  7.80   3.90     5 99.00 99.00
2012 06 27 17 00     1.0 26.30 999.00  0.10 999.0  7.90   4.40     6 99.00 99.00
2012 06 27 18 00     1.0 26.40 999.00  0.10 999.0  8.00   4.50     6 99.00 99.00
2012 06 27 19 00     1.0 26.50 999.00  0.10 999.0  8.10   4.90     5 99.00 99.00
2012 06 27 20 00     1.0 26.50 999.00  0.10 999.0  8.10   5.20     5 99.00 99.00
2012 06 27 21 00     1.0 26.40 999.00  0.10 999.0  8.10   5.20     5 99.00 99.00
2012 06 27 22 00     1.0 26.40 999.00  0.10 999.0  8.00   5.20     4 99.00 99.00
2012 06 27 23 00     1.0 26.40 999.00  0.10 999.0  8.00   5.00     4 99.00 99.00
2012 06 28 00 00     1.0 26.30 999.00  0.10 999.0  8.10   4.80     4 99.00 99.00
2012 06 28 01 00     1.0 26.20 999.00  0.10 999.0  8.20   5.40     4 99.00 99.00
2012 06 28 02 00     1.0 26.20 999.00  0.10 999.0  8.30   5.60     5 99.00 99.00
2012 06 28 03 00     1.0 26.20 999.00  0.10 999.0  8.20   5.70     5 99.00 99.00
2012 06 28 04 00     1.0 26.20 999.00  0.10 999.0  8.20   6.20     6 99.00 99.00
2012 06 28 05 00     1.0 26.00 999.00  0.10 999.0  8.20   5.00     6 99.00 99.00
2012 06 28 06 00     1.0 25.90 999.00  0.10 999.0  8.10   4.80     7 99.00 99.00
2012 06 28 08 00     1.0 25.70 999.00  0.10 999.0  8.00   5.10     6 99.00 99.00
2012 06 28 09 00     1.0 25.70 999.00  0.10 999.0  8.20   5.10     7 99.00 99.00
2012 06 28 10 00     1.0 25.80 999.00  0.10 999.0  8.30   4.70     7 99.00 99.00
2012 06 28 11 00     1.0 25.90 999.00  0.10 999.0  8.30   4.50     5 99.00 99.00
2012 06 28 12 00     1.0 25.90 999.00  0.10 999.0  8.40   5.00     6 99.00 99.00
2012 06 28 13 00     1.0 26.10 999.00  0.10 999.0  8.70   5.40     5 99.00 99.00
2012 06 28 14 00     1.0 26.40 999.00  0.10 999.0  8.70   5.30     4 99.00 99.00
2012 06 28 15 00     1.0 26.60 999.00  0.10 999.0  9.10   5.90     4 99.00 99.00
2012 06 28 16 00     1.0 26.70 999.00  0.10 999.0  9.10   5.70     4 99.00 99.00
2012 06 28 17 00     1.0 27.40 999.00  0.10 999.0  9.00   6.10     4 99.00 99.00
2012 06 28 18 00     1.0 27.20 999.00  0.10 999.0  9.20   5.40     4 99.00 99.00
2012 06 28 19 00     1.0 27.60 999.00  0.10 999.0  9.50   6.70     4 99.00 99.00
2012 06 28 20 00     1.0 27.40 999.00  0.10 999.0  9.50   8.40     5 99.00 99.00
2012 06 28 21 00     1.0 27.80 999.00  0.10 999.0 10.20  12.30     5 99.00 99.00
2012 06 28 22 00     1.0 27.90 999.00  0.10 999.0 10.60  15.10     5 99.00 99.00
2012 06 28 23 00     1.0 27.90 999.00  0.10 999.0 10.50  15.20     4 99.00 99.00
2012 06 29 00 00     1.0 27.00 999.00  0.10 999.0  9.10   7.30     4 99.00 99.00
2012 06 29 01 00     1.0 27.30 999.00  0.10 999.0  9.20   7.70     4 99.00 99.00
2012 06 29 02 00     1.0 27.00 999.00  0.10 999.0  8.70   6.90     4 99.00 99.00
2012 06 29 03 00     1.0 26.90 999.00  0.10 999.0  8.60   6.80     4 99.00 99.00
2012 06 29 04 00     1.0 26.90 999.00  0.10 999.0  8.50   6.90     4 99.00 99.00
2012 06 29 05 00     1.0 26.90 999.00  0.10 999.0  8.40   7.10     4 99.00 99.00
2012 06 29 06 00     1.0 26.90 999.00  0.10 999.0  8.30   7.70     4 99.00 99.00
2012 06 29 07 00     1.0 26.50 999.00  0.10 999.0  8.10   6.40     5 99.00 99.00
2012 06 29 09 00     1.0 26.80 999.00  0.10 999.0  8.20   7.10     4 99.00 99.00
2012 06 29 10 00     1.0 26.50 999.00  0.10 999.0  8.10   6.80     4 99.00 99.00
2012 06 29 11 00     1.0 26.70 999.00  0.10 999.0  8.10   6.20     4 99.00 99.00
2012 06 29 12 00     1.0 26.60 999.00  0.10 999.0  8.10   6.00     4 99.00 99.00
2012 06 29 13 00     1.0 26.70 999.00  0.10 999.0  8.30   7.40     4 99.00 99.00
2012 06 29 14 00     1.0 27.00 999.00  0.10 999.0  8.70   8.30     4 99.00 99.00
2012 06 29 15 00     1.0 27.50 999.00  0.10 999.0  8.60   6.40     4 99.00 99.00
2012 06 29 16 00     1.0 28.00 999.00  0.10 999.0  8.80   5.90     4 99.00 99.00
2012 06 29 17 00     1.0 28.40 999.00  0.10 999.0  8.70   5.50     3 99.00 99.00
2012 06 29 19 00     1.0 28.80 999.00  0.10 999.0  8.90   7.20     4 99.00 99.00
2012 06 29 20 00     1.0 29.70 999.00  0.10 999.0  9.50  10.80     4 99.00 99.00
2012 06 29 21 00     1.0 29.70 999.00  0.10 999.0  9.50  10.40     4 99.00 99.00
2012 06 29 23 00     1.0 29.30 999.00  0.10 999.0  9.30   9.80     4 99.00 99.00
2012 06 30 00 00     1.0 28.80 999.00  0.10 999.0  8.80   9.20     4 99.00 99.00
2012 06 30 01 00     1.0 29.30 999.00  0.10 999.0  9.10   9.10     4 99.00 99.00
2012 06 30 02 00     1.0 29.10 999.00  0.10 999.0  8.70   7.40     4 99.00 99.00
2012 06 30 07 00     1.0 27.30 999.00  0.10 999.0  7.30   5.20     7 99.00 99.00
2012 06 30 09 00     1.0 27.20 999.00  0.10 999.0  7.20   5.10     5 99.00 99.00
2012 06 30 11 00     1.0 27.20 999.00  0.10 999.0  7.30   4.50     4 99.00 99.00
2012 06 30 13 00     1.0 27.20 999.00  0.10 999.0  7.30   5.20     4 99.00 99.00
2012 06 30 14 00     1.0 27.60 999.00  0.10 999.0  7.70   6.00     5 99.00 99.00
2012 06 30 15 00     1.0 27.90 999.00  0.10 999.0  7.70   5.90     5 99.00 99.00
2012 06 30 18 00     1.0 28.80 999.00  0.10 999.0  8.10   5.40     4 99.00 99.00
2012 06 30 19 00     1.0 28.90 999.00  0.10 999.0  8.20   5.90     4 99.00 99.00
2012 06 30 20 00     1.0 28.80 999.00  0.10 999.0  8.20   6.90     4 99.00 99.00
2012 06 30 22 00     1.0 28.40 999.00  0.10 999.0  8.10   8.20     5 99.00 99.00
2012 06 30 23 00     1.0 28.60 999.00  0.10 999.0  8.50  10.40     5 99.00 99.00
2012 07 01 00 00     1.0 28.40 999.00  0.10 999.0  8.10   7.30     6 99.00 99.00
2012 07 01 01 00     1.0 28.40 999.00  0.10 999.0  8.20   8.00     4 99.00 99.00
2012 07 01 03 00     1.0 27.90 999.00  0.10 999.0  7.50   6.30     4 99.00 99.00
2012 07 01 04 00     1.0 27.80 999.00  0.10 999.0  7.30   5.90     4 99.00 99.00
2012 07 01 09 00     1.0 27.50 999.00  0.10 999.0  6.80   5.70     6 99.00 99.00
2012 07 01 10 00     1.0 27.40 999.00  0.10 999.0  6.70   5.20     6 99.00 99.00
2012 07 01 11 00     1.0 27.60 999.00  0.10 999.0  6.80   4.90     6 99.00 99.00
2012 07 01 12 00     1.0 27.60 999.00  0.10 999.0  6.90   5.10     5 99.00 99.00
2012 07 01 13 00     1.0 27.80 999.00  0.10 999.0  7.10   5.20     4 99.00 99.00
2012 07 01 14 00     1.0 28.40 999.00  0.10 999.0  7.30   6.40     3 99.00 99.00
2012 07 01 15 00     1.0 28.10 999.00  0.10 999.0  7.30   4.90     4 99.00 99.00
2012 07 01 16 00     1.0 28.90 999.00  0.10 999.0  7.70   5.20     3 99.00 99.00
2012 07 01 17 00     1.0 29.00 999.00  0.10 999.0  8.10   6.70     3 99.00 99.00
2012 07 01 18 00     1.0 29.20 999.00  0.10 999.0  8.30   7.40     3 99.00 99.00
2012 07 01 19 00     1.0 29.40 999.00  0.10 999.0  8.50   7.20     3 99.00 99.00
2012 07 01 20 00     1.0 29.00 999.00  0.10 999.0  8.20   6.60     3 99.00 99.00
2012 07 01 21 00     1.0 28.90 999.00  0.10 999.0  8.20   6.80     3 99.00 99.00
2012 07 01 22 00     1.0 29.10 999.00  0.10 999.0  8.10   6.60     4 99.00 99.00
2012 07 01 23 00     1.0 29.10 999.00  0.10 999.0  8.10   6.00     4 99.00 99.00
2012 07 02 00 00     1.0 29.10 999.00  0.10 999.0  7.90   5.30     4 99.00 99.00
2012 07 02 01 00     1.0 29.50 999.00  0.10 999.0  8.60   6.70     4 99.00 99.00
2012 07 02 02 00     1.0 29.30 999.00  0.10 999.0  8.40   6.60     4 99.00 99.00
2012 07 02 04 00     1.0 28.70 999.00  0.10 999.0  7.40   5.60     4 99.00 99.00
2012 07 02 07 00     1.0 28.40 999.00  0.10 999.0  6.90   4.40     4 99.00 99.00
2012 07 02 08 00     1.0 28.40 999.00  0.10 999.0  7.00   3.60     4 99.00 99.00
2012 07 02 09 00     1.0 28.10 999.00  0.10 999.0  6.80   3.80     6 99.00 99.00
2012 07 02 10 00     1.0 28.00 999.00  0.10 999.0  6.90   3.90     7 99.00 99.00
2012 07 02 11 00     1.0 28.10 999.00  0.10 999.0  6.80   3.80     7 99.00 99.00
2012 07 02 12 00     1.0 28.00 999.00  0.10 999.0  6.80   3.90     7 99.00 99.00
2012 07 02 13 00     1.0 28.30 999.00  0.10 999.0  7.00   3.70     4 99.00 99.00
2012 07 02 14 00     1.0 28.50 999.00  0.10 999.0  7.20   5.40     5 99.00 99.00
2012 07 02 15 00     1.0 28.40 999.00  0.10 999.0  7.00   3.40     4 99.00 99.00
2012 07 02 16 00     1.0 28.30 999.00  0.10 999.0  6.90   3.60     5 99.00 99.00
2012 07 02 17 00     1.0 28.40 999.00  0.10 999.0  7.20   4.50     4 99.00 99.00
2012 07 02 18 00     1.0 28.50 999.00  0.10 999.0  7.20   4.70     4 99.00 99.00
2012 07 02 19 00     1.0 28.60 999.00  0.10 999.0  7.40   5.20     4 99.00 99.00
2012 07 02 20 00     1.0 28.60 999.00  0.10 999.0  7.30   5.20     4 99.00 99.00
2012 07 02 21 00     1.0 28.70 999.00  0.10 999.0  7.40   5.00     4 99.00 99.00
2012 07 02 22 00     1.0 28.70 999.00  0.10 999.0  7.30   4.50     4 99.00 99.00
2012 07 02 23 00     1.0 29.00 999.00  0.10 999.0  7.50   4.50     5 99.00 99.00
2012 07 03 00 00     1.0 28.80 999.00  0.10 999.0  7.20   4.30     5 99.00 99.00
2012 07 03 01 00     1.0 28.70 999.00  0.10 999.0  7.10   4.30     6 99.00 99.00
2012 07 03 02 00     1.0 28.60 999.00  0.10 999.0  6.90   3.80     5 99.00 99.00
2012 07 03 03 00     1.0 28.60 999.00  0.10 999.0  6.80   3.80     4 99.00 99.00
2012 07 03 06 00     1.0 28.50 999.00  0.10 999.0  6.80   3.90     4 99.00 99.00
2012 07 03 07 00     1.0 28.40 999.00  0.10 999.0  6.70   3.80     4 99.00 99.00
2012 07 03 08 00     1.0 28.30 999.00  0.10 999.0  6.50   3.80     5 99.00 99.00
2012 07 03 09 00     1.0 28.30 999.00  0.10 999.0  6.60   3.60     5 99.00 99.00
2012 07 03 10 00     1.0 28.20 999.00  0.10 999.0  6.60   3.30     8 99.00 99.00
2012 07 03 11 00     1.0 28.10 999.00  0.10 999.0  6.60   3.40     8 99.00 99.00
2012 07 03 12 00     1.0 28.10 999.00  0.10 999.0  6.70   3.60     7 99.00 99.00
2012 07 03 13 00     1.0 28.20 999.00  0.10 999.0  6.80   3.80     6 99.00 99.00
2012 07 03 14 00     1.0 28.70 999.00  0.10 999.0  6.90   4.10     5 99.00 99.00
2012 07 03 15 00     1.0 29.00 999.00  0.10 999.0  7.20   5.30     5 99.00 99.00
2012 07 03 17 00     1.0 29.80 999.00  0.10 999.0  7.50   4.10     3 99.00 99.00
2012 07 03 18 00     1.0 29.40 999.00  0.10 999.0  7.60   4.50     3 99.00 99.00
2012 07 03 19 00     1.0 99.00 999.00 99.00 999.0 99.00 999.00    99 99.00 99.00
2012 07 03 21 00     1.0 29.90 999.00  0.10 999.0  8.00   5.40     4 99.00 99.00
2012 07 03 22 00     1.0 29.80 999.00  0.10 999.0  8.10   5.50     4 99.00 99.00
2012 07 03 23 00     1.0 30.00 999.00  0.10 999.0  8.50   6.20     4 99.00 99.00
2012 07 04 00 00     1.0 30.00 999.00  0.10 999.0  8.50   6.40     3 99.00 99.00
2012 07 04 01 00     1.0 29.00 999.00  0.10 999.0  7.50   6.30     6 99.00 99.00
2012 07 04 02 00     1.0 28.90 999.00  0.10 999.0  7.30   6.00     5 99.00 99.00
2012 07 04 03 00     1.0 28.80 999.00  0.10 999.0  7.30   6.50     6 99.00 99.00
2012 07 04 04 00     1.0 29.00 999.00  0.10 999.0  7.40   6.30     5 99.00 99.00
2012 07 04 07 00     1.0 29.20 999.00  0.10 999.0  7.60   5.30     3 99.00 99.00
2012 07 04 09 00     1.0 28.80 999.00  0.10 999.0  7.00   4.50     4 99.00 99.00
2012 07 04 10 00     1.0 28.80 999.00  0.10 999.0  7.00   4.20     3 99.00 99.00
2012 07 04 11 00     1.0 28.60 999.00  0.10 999.0  6.80   4.00     6 99.00 99.00
2012 07 04 12 00     1.0 28.60 999.00  0.10 999.0  7.00   4.70     7 99.00 99.00
2012 07 04 13 00     1.0 28.60 999.00  0.10 999.0  7.10   5.40     6 99.00 99.00
2012 07 04 14 00     1.0 29.10 999.00  0.10 999.0  7.20   5.00     4 99.00 99.00
2012 07 04 15 00     1.0 29.50 999.00  0.10 999.0  7.40   4.70     3 99.00 99.00
2012 07 04 16 00     1.0 29.70 999.00  0.10 999.0  7.40   4.00     3 99.00 99.00
2012 07 04 17 00     1.0 30.00 999.00  0.10 999.0  7.80   6.10     4 99.00 99.00
2012 07 04 18 00     1.0 30.30 999.00  0.10 999.0  8.20   7.00     3 99.00 99.00
2012 07 04 19 00     1.0 31.00 999.00  0.10 999.0  9.00   8.20     3 99.00 99.00
2012 07 04 21 00     1.0 30.50 999.00  0.10 999.0  9.10   7.80     3 99.00 99.00
2012 07 04 22 00     1.0 30.40 999.00  0.10 999.0  8.80   6.50     3 99.00 99.00
2012 07 04 23 00     1.0 30.60 999.00  0.10 999.0  8.60   5.90     3 99.00 99.00
2012 07 05 00 00     1.0 30.40 999.00  0.10 999.0  8.60   5.70     3 99.00 99.00
2012 07 05 01 00     1.0 30.30 999.00  0.10 999.0  8.60   6.20     3 99.00 99.00
2012 07 05 02 00     1.0 30.00 999.00  0.10 999.0  8.30   6.50     4 99.00 99.00
2012 07 05 03 00     1.0 29.90 999.00  0.10 999.0  8.20   6.50     3 99.00 99.00
2012 07 05 06 00     1.0 29.70 999.00  0.10 999.0  7.80   5.70     4 99.00 99.00
2012 07 05 07 00     1.0 29.80 999.00  0.10 999.0  7.90   5.50     4 99.00 99.00
2012 07 05 08 00     1.0 29.60 999.00  0.10 999.0  7.70   5.20     4 99.00 99.00
2012 07 05 09 00     1.0 29.30 999.00  0.10 999.0  7.40   5.10     4 99.00 99.00
2012 07 05 10 00     1.0 29.10 999.00  0.10 999.0  7.20   5.10     4 99.00 99.00
2012 07 05 11 00     1.0 29.20 999.00  0.10 999.0  7.20   4.50     5 99.00 99.00
2012 07 05 12 00     1.0 29.10 999.00  0.10 999.0  7.20   4.60     6 99.00 99.00
2012 07 05 13 00     1.0 29.10 999.00  0.10 999.0  7.30   5.40     6 99.00 99.00
2012 07 05 14 00     1.0 29.40 999.00  0.10 999.0  7.50   6.10     6 99.00 99.00
2012 07 05 15 00     1.0 29.80 999.00  0.10 999.0  8.00   6.40     5 99.00 99.00
2012 07 05 16 00     1.0 29.70 999.00  0.10 999.0  8.20   6.60     5 99.00 99.00
2012 07 05 17 00     1.0 29.80 999.00  0.10 999.0  8.20   6.30     5 99.00 99.00
2012 07 05 18 00     1.0 29.90 999.00  0.10 999.0  8.50   7.40     4 99.00 99.00
2012 07 05 19 00     1.0 30.30 999.00  0.10 999.0  8.80   7.10     4 99.00 99.00
2012 07 05 20 00     1.0 30.30 999.00  0.10 999.0  9.00   7.50     4 99.00 99.00
2012 07 05 21 00     1.0 30.30 999.00  0.10 999.0  9.10   8.10     4 99.00 99.00
2012 07 05 22 00     1.0 30.60 999.00  0.10 999.0  9.20   8.90     4 99.00 99.00
2012 07 05 23 00     1.0 30.20 999.00  0.10 999.0  8.60   8.30     5 99.00 99.00
2012 07 06 00 00     1.0 30.00 999.00  0.10 999.0  7.90   7.60     5 99.00 99.00
2012 07 06 01 00     1.0 29.60 999.00  0.10 999.0  7.20   8.10     7 99.00 99.00
2012 07 06 02 00     1.0 29.60 999.00  0.10 999.0  7.30   8.10     7 99.00 99.00
2012 07 06 04 00     1.0 29.60 999.00  0.10 999.0  7.50   8.40     6 99.00 99.00
2012 07 06 06 00     1.0 29.50 999.00  0.10 999.0  7.30   7.50     5 99.00 99.00
2012 07 06 07 00     1.0 29.40 999.00  0.10 999.0  7.30   7.20     5 99.00 99.00
2012 07 06 08 00     1.0 29.50 999.00  0.10 999.0  7.40   7.50     4 99.00 99.00
2012 07 06 09 00     1.0 29.40 999.00  0.10 999.0  7.10   7.30     4 99.00 99.00
2012 07 06 10 00     1.0 29.40 999.00  0.10 999.0  7.10   7.60     4 99.00 99.00
2012 07 06 11 00     1.0 29.40 999.00  0.10 999.0  7.20   6.40     4 99.00 99.00
2012 07 06 12 00     1.0 29.30 999.00  0.10 999.0  7.10   6.50     8 99.00 99.00
2012 07 06 13 00     1.0 29.30 999.00  0.10 999.0  7.20   7.10     7 99.00 99.00
2012 07 06 14 00     1.0 29.40 999.00  0.10 999.0  7.50   7.80     6 99.00 99.00
2012 07 06 15 00     1.0 30.00 999.00  0.10 999.0  8.00   8.60     5 99.00 99.00
2012 07 06 16 00     1.0 30.00 999.00  0.10 999.0  8.10  11.20     6 99.00 99.00
2012 07 06 17 00     1.0 30.20 999.00  0.10 999.0  8.60  10.80     6 99.00 99.00
2012 07 06 18 00     1.0 30.50 999.00  0.10 999.0  9.10  13.70     6 99.00 99.00
2012 07 06 19 00     1.0 31.10 999.00  0.10 999.0  9.40  13.80     5 99.00 99.00
2012 07 06 20 00     1.0 31.70 999.00  0.10 999.0 10.20  15.20     4 99.00 99.00
2012 07 06 21 00     1.0 31.30 999.00  0.10 999.0 10.60  14.80     4 99.00 99.00
2012 07 06 22 00     1.0 30.70 999.00  0.10 999.0  9.50  11.70     4 99.00 99.00
2012 07 06 23 00     1.0 30.50 999.00  0.10 999.0  9.10   9.70     5 99.00 99.00
2012 07 07 00 00     1.0 30.60 999.00  0.10 999.0  9.20  11.70     5 99.00 99.00
2012 07 07 01 00     1.0 30.40 999.00  0.10 999.0  9.50  11.40     4 99.00 99.00
2012 07 07 02 00     1.0 30.50 999.00  0.10 999.0 10.10  12.20     4 99.00 99.00
2012 07 07 03 00     1.0 30.50 999.00  0.10 999.0  9.10  12.00     4 99.00 99.00
2012 07 07 04 00     1.0 30.20 999.00  0.10 999.0  8.60  11.10     5 99.00 99.00
2012 07 07 05 00     1.0 29.90 999.00  0.10 999.0  8.30  11.10     6 99.00 99.00
2012 07 07 06 00     1.0 30.20 999.00  0.10 999.0  8.60  10.50     4 99.00 99.00
2012 07 07 07 00     1.0 29.90 999.00  0.10 999.0  8.10  11.60     6 99.00 99.00
2012 07 07 08 00     1.0 30.20 999.00  0.10 999.0  8.60  10.30     4 99.00 99.00
2012 07 07 09 00     1.0 30.30 999.00  0.10 999.0  8.60   9.50     4 99.00 99.00
2012 07 07 10 00     1.0 30.10 999.00  0.10 999.0  8.40   9.00     5 99.00 99.00
2012 07 07 12 00     1.0 30.30 999.00  0.10 999.0  8.40  10.40     4 99.00 99.00
2012 07 07 13 00     1.0 30.30 999.00  0.10 999.0  8.70  12.70     4 99.00 99.00
2012 07 07 14 00     1.0 30.50 999.00  0.10 999.0  8.90  10.30     4 99.00 99.00
2012 07 07 15 00     1.0 30.60 999.00  0.10 999.0  9.00  12.80     5 99.00 99.00
2012 07 07 17 00     1.0 30.90 999.00  0.10 999.0  9.40  12.70     6 99.00 99.00
2012 07 07 18 00     1.0 31.90 999.00  0.10 999.0 10.70  14.40     5 99.00 99.00
2012 07 07 19 00     1.0 32.10 999.00  0.10 999.0 10.70  13.90     4 99.00 99.00
2012 07 07 21 00     1.0 32.30 999.00  0.10 999.0 11.80  20.00     4 99.00 99.00
2012 07 07 22 00     1.0 32.20 999.00  0.10 999.0 11.80  18.00     4 99.00 99.00
2012 07 07 23 00     1.0 31.90 999.00  0.10 999.0 11.50  13.80     4 99.00 99.00
2012 07 08 00 00     1.0 32.20 999.00  0.10 999.0 10.80  11.00     4 99.00 99.00
2012 07 08 01 00     1.0 99.00 999.00  0.10 999.0 11.20  12.40     4 99.00 99.00
2012 07 08 02 00     1.0 31.20 999.00  0.10 999.0  9.10   9.70     4 99.00 99.00
2012 07 08 07 00     1.0 30.60 999.00  0.10 999.0  8.20   9.20     6 99.00 99.00
2012 07 08 08 00     1.0 30.40 999.00  0.10 999.0  8.10   9.60     5 99.00 99.00
2012 07 08 09 00     1.0 30.70 999.00  0.10 999.0  8.40   8.80     4 99.00 99.00
2012 07 08 10 00     1.0 30.80 999.00  0.10 999.0  8.50   9.00     4 99.00 99.00
2012 07 08 11 00     1.0 30.80 999.00  0.10 999.0  8.30   8.90     4 99.00 99.00
2012 07 08 12 00     1.0 30.80 999.00  0.10 999.0  8.50  10.00     4 99.00 99.00
2012 07 08 13 00     1.0 31.00 999.00  0.10 999.0  8.70  11.70     4 99.00 99.00
2012 07 08 14 00     1.0 31.20 999.00  0.10 999.0  9.10  12.80     4 99.00 99.00
2012 07 08 15 00     1.0 31.30 999.00  0.10 999.0  9.40  15.80     4 99.00 99.00
2012 07 08 16 00     1.0 31.80 999.00  0.10 999.0  9.90  13.80     4 99.00 99.00
2012 07 08 17 00     1.0 31.60 999.00  0.10 999.0  9.40  14.40     4 99.00 99.00
2012 07 08 18 00     1.0 31.60 999.00  0.10 999.0 11.10  14.70     5 99.00 99.00
2012 07 08 19 00     1.0 32.30 999.00  0.10 999.0 11.00  17.30     4 99.00 99.00
2012 07 08 20 00     1.0 31.90 999.00  0.10 999.0 11.10  21.50     5 99.00 99.00
2012 07 08 21 00     1.0 31.80 999.00  0.10 999.0 10.60  18.10     5 99.00 99.00
2012 07 08 22 00     1.0 31.30 999.00  0.10 999.0  9.50  13.50     4 99.00 99.00
2012 07 08 23 00     1.0 31.30 999.00  0.10 999.0  9.40  12.00     4 99.00 99.00
2012 07 09 00 00     1.0 31.40 999.00  0.10 999.0  9.40  10.80     4 99.00 99.00
2012 07 09 01 00     1.0 31.40 999.00  0.10 999.0  9.50  12.60     4 99.00 99.00
2012 07 09 03 00     1.0 31.20 999.00  0.10 999.0  9.10  12.80     4 99.00 99.00
2012 07 09 04 00     1.0 31.00 999.00  0.10 999.0  8.70  11.80     8 99.00 99.00
2012 07 09 06 00     1.0 30.90 999.00  0.10 999.0  8.50  12.10     6 99.00 99.00
2012 07 09 07 00     1.0 30.90 999.00  0.10 999.0  8.40  12.10     6 99.00 99.00
2012 07 09 08 00     1.0 30.80 999.00  0.10 999.0  8.20  12.20     6 99.00 99.00
2012 07 09 09 00     1.0 30.70 999.00  0.10 999.0  7.80  11.90     6 99.00 99.00
2012 07 09 10 00     1.0 30.50 999.00  0.10 999.0  7.80  12.50     6 99.00 99.00
2012 07 09 12 00     1.0 30.50 999.00  0.10 999.0  7.90  10.10     4 99.00 99.00
2012 07 09 13 00     1.0 30.60 999.00  0.10 999.0  7.90   9.50     4 99.00 99.00
2012 07 09 14 00     1.0 30.50 999.00  0.10 999.0  7.70  10.50     4 99.00 99.00
2012 07 09 15 00     1.0 30.50 999.00  0.10 999.0  7.90  11.30     8 99.00 99.00
2012 07 09 16 00     1.0 30.60 999.00  0.10 999.0  8.20  12.50     8 99.00 99.00
2012 07 09 17 00     1.0 30.70 999.00  0.10 999.0  8.70  17.40     7 99.00 99.00
2012 07 09 18 00     1.0 30.70 999.00  0.10 999.0  9.20  19.80     7 99.00 99.00
2012 07 09 20 00     1.0 31.10 999.00  0.10 999.0  9.80  16.90     5 99.00 99.00
2012 07 09 21 00     1.0 31.10 999.00  0.10 999.0 10.00  16.00     5 99.00 99.00
2012 07 09 22 00     1.0 30.90 999.00  0.10 999.0  9.80  14.70     5 99.00 99.00
2012 07 09 23 00     1.0 30.80 999.00  0.10 999.0  9.70  13.30     4 99.00 99.00
2012 07 10 00 00     1.0 30.70 999.00  0.10 999.0  9.40  13.70     4 99.00 99.00
2012 07 10 01 00     1.0 30.50 999.00  0.10 999.0  8.90  14.30     4 99.00 99.00
2012 07 10 02 00     1.0 30.30 999.00  0.10 999.0  8.20  12.30     4 99.00 99.00
2012 07 10 03 00     1.0 30.10 999.00  0.10 999.0  7.80  10.70     4 99.00 99.00
2012 07 10 04 00     1.0 30.00 999.00  0.10 999.0  7.80  10.00     6 99.00 99.00
2012 07 10 06 00     1.0 29.80 999.00  0.10 999.0  7.60   9.80     8 99.00 99.00
2012 07 10 07 00     1.0 29.80 999.00  0.10 999.0  7.40   9.90     8 99.00 99.00
2012 07 10 08 00     1.0 29.70 999.00  0.10 999.0  7.60  10.30     9 99.00 99.00
2012 07 10 09 00     1.0 29.70 999.00  0.10 999.0  7.10   9.70     7 99.00 99.00
2012 07 10 10 00     1.0 29.70 999.00  0.10 999.0  7.30   9.70     4 99.00 99.00
2012 07 10 12 00     1.0 29.70 999.00  0.10 999.0  7.40   9.40     4 99.00 99.00
2012 07 10 13 00     1.0 29.80 999.00  0.10 999.0  7.40  10.20     4 99.00 99.00
2012 07 10 14 00     1.0 29.90 999.00  0.10 999.0  7.70   9.90     3 99.00 99.00
2012 07 10 15 00     1.0 30.00 999.00  0.10 999.0  7.90   9.60     3 99.00 99.00
2012 07 10 16 00     1.0 30.30 999.00  0.10 999.0  8.60   9.50     3 99.00 99.00
2012 07 10 17 00     1.0 30.40 999.00  0.10 999.0  9.10  13.60     4 99.00 99.00
2012 07 10 18 00     1.0 30.40 999.00  0.10 999.0  9.20  13.60     6 99.00 99.00
2012 07 10 19 00     1.0 30.20 999.00  0.10 999.0  9.00  15.50     6 99.00 99.00
2012 07 10 20 00     1.0 30.10 999.00  0.10 999.0  8.90  15.90     5 99.00 99.00
2012 07 10 21 00     1.0 30.00 999.00  0.10 999.0  8.80  14.30     4 99.00 99.00
2012 07 10 22 00     1.0 30.10 999.00  0.10 999.0  8.80  13.80     4 99.00 99.00
2012 07 10 23 00     1.0 29.90 999.00  0.10 999.0  7.80  10.20     4 99.00 99.00
2012 07 11 00 00     1.0 29.90 999.00  0.10 999.0  7.70  10.50     4 99.00 99.00
2012 07 11 01 00     1.0 29.90 999.00  0.10 999.0  7.80  10.90     4 99.00 99.00
2012 07 11 02 00     1.0 29.80 999.00  0.10 999.0  7.70  11.40     4 99.00 99.00
2012 07 11 03 00     1.0 29.80 999.00  0.10 999.0  7.60  11.00     5 99.00 99.00
2012 07 11 04 00     1.0 29.60 999.00  0.10 999.0  7.30   9.40     4 99.00 99.00
2012 07 11 06 00     1.0 29.10 999.00  0.10 999.0  6.30   8.20     8 99.00 99.00
2012 07 11 07 00     1.0 29.00 999.00  0.10 999.0  6.50   8.40     8 99.00 99.00
2012 07 11 08 00     1.0 29.10 999.00  0.10 999.0  7.00   8.70     6 99.00 99.00
2012 07 11 09 00     1.0 29.30 999.00  0.10 999.0  7.00   8.20     5 99.00 99.00
2012 07 11 10 00     1.0 29.30 999.00  0.10 999.0  6.90   8.50     6 99.00 99.00
2012 07 11 11 00     1.0 29.30 999.00  0.10 999.0  6.60   6.80     6 99.00 99.00
2012 07 11 12 00     1.0 29.30 999.00  0.10 999.0  6.60   7.20     6 99.00 99.00
2012 07 11 13 00     1.0 29.50 999.00  0.10 999.0  6.90   7.20     5 99.00 99.00
2012 07 11 14 00     1.0 29.60 999.00  0.10 999.0  6.90   6.90     4 99.00 99.00
2012 07 11 15 00     1.0 29.70 999.00  0.10 999.0  7.50   7.10     5 99.00 99.00
2012 07 11 16 00     1.0 29.90 999.00  0.10 999.0  7.60   6.70     4 99.00 99.00
2012 07 11 17 00     1.0 30.10 999.00  0.10 999.0  7.80   6.30     4 99.00 99.00
2012 07 11 18 00     1.0 30.80 999.00  0.10 999.0  7.60   6.30     4 99.00 99.00
2012 07 11 19 00     1.0 30.90 999.00  0.10 999.0  8.10   6.90     4 99.00 99.00
2012 07 11 20 00     1.0 30.70 999.00  0.10 999.0  8.30   7.40     5 99.00 99.00
2012 07 11 21 00     1.0 30.30 999.00  0.10 999.0  8.30   9.10     5 99.00 99.00
2012 07 11 22 00     1.0 30.00 999.00  0.10 999.0  8.10   8.40     5 99.00 99.00
2012 07 11 23 00     1.0 30.00 999.00  0.10 999.0  7.90   7.90     5 99.00 99.00
2012 07 12 00 00     1.0 29.80 999.00  0.10 999.0  7.60   8.50     4 99.00 99.00
2012 07 12 01 00     1.0 29.60 999.00  0.10 999.0  6.90   7.70     4 99.00 99.00
2012 07 12 02 00     1.0 29.50 999.00  0.10 999.0  6.90   7.70     4 99.00 99.00
2012 07 12 03 00     1.0 29.50 999.00  0.10 999.0  6.90   7.50     4 99.00 99.00
2012 07 12 04 00     1.0 29.40 999.00  0.10 999.0  6.80   7.10     4 99.00 99.00
2012 07 12 05 00     1.0 29.00 999.00  0.10 999.0  5.80   5.70     5 99.00 99.00
2012 07 12 06 00     1.0 28.90 999.00  0.10 999.0  5.70   5.60     8 99.00 99.00
2012 07 12 07 00     1.0 28.80 999.00  0.10 999.0  5.80   6.00     8 99.00 99.00
2012 07 12 08 00     1.0 28.70 999.00  0.10 999.0  6.20   6.60     7 99.00 99.00
2012 07 12 09 00     1.0 29.00 999.00  0.10 999.0  6.40   5.90     4 99.00 99.00
2012 07 12 10 00     1.0 28.90 999.00  0.10 999.0  6.30  19.30     6 99.00 99.00
2012 07 12 11 00     1.0 28.90 999.00  0.10 999.0  6.30   5.70     6 99.00 99.00
2012 07 12 12 00     1.0 28.90 999.00  0.10 999.0  6.50   5.40     6 99.00 99.00
2012 07 12 13 00     1.0 29.10 999.00  0.10 999.0  6.70   5.30     5 99.00 99.00
2012 07 12 14 00     1.0 29.30 999.00  0.10 999.0  6.40   5.10     4 99.00 99.00
2012 07 12 15 00     1.0 29.60 999.00  0.10 999.0  6.70   5.20     6 99.00 99.00
2012 07 12 16 00     1.0 29.70 999.00  0.10 999.0  6.60   5.10     6 99.00 99.00
2012 07 12 17 00     1.0 30.00 999.00  0.10 999.0  6.80   5.10     6 99.00 99.00
2012 07 12 18 00     1.0 30.50 999.00  0.10 999.0  7.30   4.80     4 99.00 99.00
2012 07 12 19 00     1.0 30.60 999.00  0.10 999.0  7.80   5.70     4 99.00 99.00
2012 07 12 20 00     1.0 30.80 999.00  0.10 999.0  8.10   6.20     4 99.00 99.00
2012 07 12 21 00     1.0 30.90 999.00  0.10 999.0  8.50   8.20     4 99.00 99.00
2012 07 12 22 00     1.0 30.70 999.00  0.10 999.0  8.50   9.50     4 99.00 99.00
2012 07 12 23 00     1.0 30.10 999.00  0.10 999.0  8.20   9.50     4 99.00 99.00
2012 07 13 00 00     1.0 29.60 999.00  0.10 999.0  7.10   7.60     5 99.00 99.00
2012 07 13 01 00     1.0 29.20 999.00  0.10 999.0  6.10   5.60     5 99.00 99.00
2012 07 13 02 00     1.0 29.10 999.00  0.10 999.0  6.00   5.20     5 99.00 99.00
2012 07 13 03 00     1.0 29.10 999.00  0.10 999.0  6.20   5.40     5 99.00 99.00
2012 07 13 05 00     1.0 29.00 999.00  0.10 999.0  5.90   5.00     5 99.00 99.00
2012 07 13 06 00     1.0 28.70 999.00  0.10 999.0  5.00   4.10     8 99.00 99.00
2012 07 13 07 00     1.0 28.60 999.00  0.10 999.0  5.30   4.60    10 99.00 99.00
2012 07 13 08 00     1.0 28.50 999.00  0.10 999.0  5.80   5.70     9 99.00 99.00
2012 07 13 09 00     1.0 28.70 999.00  0.10 999.0  6.30   7.20     8 99.00 99.00
2012 07 13 10 00     1.0 28.70 999.00  0.10 999.0  6.20   7.00     7 99.00 99.00
2012 07 13 11 00     1.0 28.70 999.00  0.10 999.0  6.20   6.70     8 99.00 99.00
2012 07 13 12 00     1.0 28.70 999.00  0.10 999.0  6.20   5.30     8 99.00 99.00
2012 07 13 13 00     1.0 28.80 999.00  0.10 999.0  6.00   4.60     5 99.00 99.00
2012 07 13 14 00     1.0 29.00 999.00  0.10 999.0  6.30   5.10     5 99.00 99.00
2012 07 13 15 00     1.0 29.40 999.00  0.10 999.0  6.70   5.80     6 99.00 99.00
2012 07 13 16 00     1.0 29.70 999.00  0.10 999.0  7.30   6.20     5 99.00 99.00
2012 07 13 17 00     1.0 29.80 999.00  0.10 999.0  7.80   7.10     5 99.00 99.00
2012 07 13 18 00     1.0 30.00 999.00  0.10 999.0  7.90   6.30     4 99.00 99.00
2012 07 13 19 00     1.0 30.10 999.00  0.10 999.0  7.90   5.70     4 99.00 99.00
2012 07 13 20 00     1.0 30.20 999.00  0.10 999.0  7.90   6.80     4 99.00 99.00
2012 07 13 21 00     1.0 30.10 999.00  0.10 999.0  8.10   8.70     4 99.00 99.00
2012 07 13 22 00     1.0 29.90 999.00  0.10 999.0  7.70   8.60     5 99.00 99.00
2012 07 13 23 00     1.0 29.70 999.00  0.10 999.0  7.60   8.90     5 99.00 99.00
2012 07 14 00 00     1.0 29.90 999.00  0.10 999.0  8.20  10.20     4 99.00 99.00
2012 07 14 01 00     1.0 29.80 999.00  0.10 999.0  8.00  11.10     5 99.00 99.00
2012 07 14 04 00     1.0 29.60 999.00  0.10 999.0  8.20  11.40     4 99.00 99.00
2012 07 14 06 00     1.0 29.40 999.00  0.10 999.0  7.60   9.40     5 99.00 99.00
2012 07 14 08 00     1.0 29.10 999.00  0.10 999.0  7.40   9.30     7 99.00 99.00
2012 07 14 09 00     1.0 29.00 999.00  0.10 999.0  6.90   8.30     8 99.00 99.00
2012 07 14 10 00     1.0 29.00 999.00  0.10 999.0  6.80   8.70     8 99.00 99.00
2012 07 14 11 00     1.0 29.10 999.00  0.10 999.0  7.30   8.70     6 99.00 99.00
2012 07 14 12 00     1.0 29.20 999.00  0.10 999.0  7.40   8.30     6 99.00 99.00
2012 07 14 13 00     1.0 29.20 999.00  0.10 999.0  7.10   7.60     7 99.00 99.00
2012 07 14 14 00     1.0 29.20 999.00  0.10 999.0  7.00   6.80     6 99.00 99.00
2012 07 14 15 00     1.0 29.20 999.00  0.10 999.0  7.20   8.10     5 99.00 99.00
2012 07 14 17 00     1.0 29.60 999.00  0.10 999.0  8.40   8.90     4 99.00 99.00
2012 07 14 19 00     1.0 29.80 999.00  0.10 999.0  8.70   8.20     4 99.00 99.00
2012 07 14 20 00     1.0 29.90 999.00  0.10 999.0  9.10  10.20     4 99.00 99.00
2012 07 14 21 00     1.0 29.80 999.00  0.10 999.0  9.30  11.70     4 99.00 99.00
2012 07 14 22 00     1.0 29.80 999.00  0.10 999.0  9.20  12.00     4 99.00 99.00
2012 07 14 23 00     1.0 29.70 999.00  0.10 999.0  8.90  13.60     5 99.00 99.00
2012 07 15 00 00     1.0 29.60 999.00  0.10 999.0  8.80  14.50     9 99.00 99.00
2012 07 15 01 00     1.0 29.60 999.00  0.10 999.0  8.60  14.20     5 99.00 99.00
2012 07 15 02 00     1.0 29.60 999.00  0.10 999.0  8.60  12.40     4 99.00 99.00
2012 07 15 03 00     1.0 29.40 999.00  0.10 999.0  7.80  10.00     5 99.00 99.00
2012 07 15 04 00     1.0 29.30 999.00  0.10 999.0  7.50   9.90     4 99.00 99.00
2012 07 15 05 00     1.0 29.20 999.00  0.10 999.0  7.30   9.60     5 99.00 99.00
2012 07 15 06 00     1.0 29.20 999.00  0.10 999.0  7.30   9.30     4 99.00 99.00
2012 07 15 07 00     1.0 29.10 999.00  0.10 999.0  6.70   7.90     6 99.00 99.00
2012 07 15 08 00     1.0 28.90 999.00  0.10 999.0  6.10   6.30     8 99.00 99.00
2012 07 15 09 00     1.0 28.90 999.00  0.10 999.0  6.60   7.00     8 99.00 99.00
2012 07 15 10 00     1.0 28.90 999.00  0.10 999.0  7.10  10.20     8 99.00 99.00
2012 07 15 11 00     1.0 29.00 999.00  0.10 999.0  7.10   9.30     7 99.00 99.00
2012 07 15 12 00     1.0 29.00 999.00  0.10 999.0  7.10   8.50     7 99.00 99.00
2012 07 15 13 00     1.0 29.10 999.00  0.10 999.0  7.20   7.20     6 99.00 99.00
2012 07 15 14 00     1.0 29.10 999.00  0.10 999.0  7.20   7.40     5 99.00 99.00
2012 07 15 15 00     1.0 29.60 999.00  0.10 999.0  7.60   7.90     4 99.00 99.00
2012 07 15 16 00     1.0 29.90 999.00  0.10 999.0  8.70  10.40     3 99.00 99.00
2012 07 15 17 00     1.0 29.80 999.00  0.10 999.0  8.60  10.10     3 99.00 99.00
2012 07 15 18 00     1.0 29.80 999.00  0.10 999.0  8.60   9.60     3 99.00 99.00
2012 07 15 19 00     1.0 29.90 999.00  0.10 999.0  8.50   8.80     4 99.00 99.00
2012 07 15 20 00     1.0 29.90 999.00  0.10 999.0  8.30   9.40     4 99.00 99.00
2012 07 15 21 00     1.0 29.70 999.00  0.10 999.0  7.60   8.80     4 99.00 99.00
2012 07 15 22 00     1.0 29.70 999.00  0.10 999.0  7.60   9.60     5 99.00 99.00
2012 07 15 23 00     1.0 29.70 999.00  0.10 999.0  7.80  11.60     7 99.00 99.00
2012 07 16 00 00     1.0 29.60 999.00  0.10 999.0  7.40  12.70     7 99.00 99.00
2012 07 16 01 00     1.0 29.60 999.00  0.10 999.0  7.30  12.30     6 99.00 99.00
2012 07 16 02 00     1.0 29.50 999.00  0.10 999.0  7.20  11.50     6 99.00 99.00
2012 07 16 03 00     1.0 29.50 999.00  0.10 999.0  7.40  11.70     5 99.00 99.00
2012 07 16 04 00     1.0 29.60 999.00  0.10 999.0  7.60  11.80     5 99.00 99.00
2012 07 16 05 00     1.0 29.60 999.00  0.10 999.0  8.00  12.60     6 99.00 99.00
2012 07 16 06 00     1.0 29.50 999.00  0.10 999.0  7.90  12.10     4 99.00 99.00
2012 07 16 07 00     1.0 29.50 999.00  0.10 999.0  8.00  12.20     4 99.00 99.00
2012 07 16 08 00     1.0 29.40 999.00  0.10 999.0  7.80  11.90     4 99.00 99.00
2012 07 16 09 00     1.0 29.30 999.00  0.10 999.0  7.00  10.30     6 99.00 99.00
2012 07 16 10 00     1.0 29.20 999.00  0.10 999.0  7.00  11.40     8 99.00 99.00
2012 07 16 11 00     1.0 29.20 999.00  0.10 999.0  7.00  10.70     8 99.00 99.00
2012 07 16 12 00     1.0 29.20 999.00  0.10 999.0  7.00  10.00     7 99.00 99.00
2012 07 16 13 00     1.0 29.40 999.00  0.10 999.0  7.30   8.40     6 99.00 99.00
2012 07 16 14 00     1.0 29.70 999.00  0.10 999.0  7.80   7.20     5 99.00 99.00
2012 07 16 15 00     1.0 30.00 999.00  0.10 999.0  8.60   8.80     4 99.00 99.00
2012 07 16 16 00     1.0 30.10 999.00  0.10 999.0  9.10   9.20     4 99.00 99.00
2012 07 16 17 00     1.0 30.10 999.00  0.10 999.0  9.10  11.00     4 99.00 99.00
2012 07 16 18 00     1.0 30.40 999.00  0.10 999.0  9.50  10.60     4 99.00 99.00
2012 07 16 19 00     1.0 30.30 999.00  0.10 999.0  9.30  11.80     4 99.00 99.00
2012 07 16 20 00     1.0 29.90 999.00  0.10 999.0  8.60  12.20     5 99.00 99.00
2012 07 16 21 00     1.0 30.40 999.00  0.10 999.0  9.90  15.10     4 99.00 99.00
2012 07 16 22 00     1.0 30.70 999.00  0.10 999.0 10.20  13.90     4 99.00 99.00
2012 07 16 23 00     1.0 30.80 999.00  0.10 999.0 10.50  15.60     4 99.00 99.00
2012 07 17 00 00     1.0 30.70 999.00  0.10 999.0 10.30  18.00     4 99.00 99.00
2012 07 17 01 00     1.0 30.60 999.00  0.10 999.0 10.10  19.80     5 99.00 99.00
2012 07 17 02 00     1.0 30.40 999.00  0.10 999.0  9.80  17.90     5 99.00 99.00
2012 07 17 03 00     1.0 30.40 999.00  0.10 999.0  9.70  16.40     4 99.00 99.00
2012 07 17 04 00     1.0 30.40 999.00  0.10 999.0  9.60  16.30     4 99.00 99.00
2012 07 17 05 00     1.0 30.40 999.00  0.10 999.0  9.40  15.40     4 99.00 99.00
2012 07 17 06 00     1.0 30.30 999.00  0.10 999.0  9.20  14.90     4 99.00 99.00
2012 07 17 07 00     1.0 30.20 999.00  0.10 999.0  9.20  15.20     4 99.00 99.00
2012 07 17 08 00     1.0 30.20 999.00  0.10 999.0  9.00  14.60     4 99.00 99.00
2012 07 17 09 00     1.0 30.20 999.00  0.10 999.0  8.50  14.10     7 99.00 99.00
2012 07 17 10 00     1.0 30.10 999.00  0.10 999.0  8.30  14.80    11 99.00 99.00
2012 07 17 11 00     1.0 30.00 999.00  0.10 999.0  8.40  15.20     9 99.00 99.00
2012 07 17 12 00     1.0 29.90 999.00  0.10 999.0  8.40  13.00     8 99.00 99.00
2012 07 17 13 00     1.0 30.20 999.00  0.10 999.0  8.60  11.40     6 99.00 99.00
2012 07 17 14 00     1.0 30.30 999.00  0.10 999.0  8.80  10.40     5 99.00 99.00
2012 07 17 15 00     1.0 30.80 999.00  0.10 999.0  9.00  11.00     6 99.00 99.00
2012 07 17 16 00     1.0 30.70 999.00  0.10 999.0  9.30  11.40     5 99.00 99.00
2012 07 17 17 00     1.0 31.40 999.00  0.10 999.0  9.50   9.40     4 99.00 99.00
2012 07 17 18 00     1.0 31.60 999.00  0.10 999.0 10.20  10.40     4 99.00 99.00
2012 07 17 19 00     1.0 31.20 999.00  0.10 999.0 10.00  10.20     4 99.00 99.00
2012 07 17 20 00     1.0 31.90 999.00  0.10 999.0 10.40  10.30     4 99.00 99.00
2012 07 17 21 00     1.0 31.70 999.00  0.10 999.0 10.80  13.20     4 99.00 99.00
2012 07 17 22 00     1.0 31.50 999.00  0.10 999.0 10.80  14.50     4 99.00 99.00
2012 07 17 23 00     1.0 31.30 999.00  0.10 999.0 10.50  14.10     4 99.00 99.00
2012 07 18 00 00     1.0 31.00 999.00  0.10 999.0 10.00  16.50     5 99.00 99.00
2012 07 18 01 00     1.0 30.80 999.00  0.10 999.0  9.60  17.80     6 99.00 99.00
2012 07 18 02 00     1.0 30.70 999.00  0.10 999.0  9.50  17.40     6 99.00 99.00
2012 07 18 03 00     1.0 30.80 999.00  0.10 999.0  9.70  16.70     4 99.00 99.00
2012 07 18 04 00     1.0 30.90 999.00  0.10 999.0  9.90  16.40     4 99.00 99.00
2012 07 18 06 00     1.0 30.90 999.00  0.10 999.0  9.90  16.20     4 99.00 99.00
2012 07 18 07 00     1.0 30.80 999.00  0.10 999.0  9.70  15.80     4 99.00 99.00
2012 07 18 08 00     1.0 30.80 999.00  0.10 999.0  9.40  15.10     4 99.00 99.00
2012 07 18 09 00     1.0 30.80 999.00  0.10 999.0  9.40  15.00     4 99.00 99.00
2012 07 18 10 00     1.0 30.60 999.00  0.10 999.0  9.10  15.50     4 99.00 99.00
2012 07 18 11 00     1.0 30.60 999.00  0.10 999.0  9.20  14.90     4 99.00 99.00
2012 07 18 12 00     1.0 30.60 999.00  0.10 999.0  9.20  13.10     3 99.00 99.00
2012 07 18 13 00     1.0 30.70 999.00  0.10 999.0  9.40  12.10     4 99.00 99.00
2012 07 18 14 00     1.0 30.90 999.00  0.10 999.0  9.50  12.40     4 99.00 99.00
2012 07 18 15 00     1.0 31.20 999.00  0.10 999.0 10.00  13.10     4 99.00 99.00
2012 07 18 16 00     1.0 31.20 999.00  0.10 999.0 10.00  12.20     4 99.00 99.00
2012 07 18 17 00     1.0 31.20 999.00  0.10 999.0  9.90  11.90     4 99.00 99.00
2012 07 18 18 00     1.0 31.40 999.00  0.10 999.0 10.00  12.10     4 99.00 99.00
2012 07 18 19 00     1.0 31.40 999.00  0.10 999.0 10.00  11.50     4 99.00 99.00
2012 07 18 20 00     1.0 31.30 999.00  0.10 999.0  9.90  14.90     4 99.00 99.00
2012 07 18 21 00     1.0 31.20 999.00  0.10 999.0  9.40  13.80     5 99.00 99.00
2012 07 18 22 00     1.0 31.10 999.00  0.10 999.0  9.30  13.60     4 99.00 99.00
2012 07 18 23 00     1.0 30.90 999.00  0.10 999.0  8.90  14.40     5 99.00 99.00
2012 07 19 00 00     1.0 30.80 999.00  0.10 999.0  8.70  14.00     6 99.00 99.00
2012 07 19 01 00     1.0 31.00 999.00  0.10 999.0  9.40  16.70     4 99.00 99.00
2012 07 19 02 00     1.0 30.90 999.00  0.10 999.0  9.00  14.30     4 99.00 99.00
2012 07 19 03 00     1.0 30.90 999.00  0.10 999.0  8.70  13.20     5 99.00 99.00
2012 07 19 04 00     1.0 30.60 999.00  0.10 999.0  8.30  12.20     5 99.00 99.00
2012 07 19 05 00     1.0 30.50 999.00  0.10 999.0  8.00  11.70     5 99.00 99.00
2012 07 19 06 00     1.0 30.40 999.00  0.10 999.0  7.70  11.20     5 99.00 99.00
2012 07 19 07 00     1.0 30.50 999.00  0.10 999.0  8.00  11.40     4 99.00 99.00
2012 07 19 08 00     1.0 30.40 999.00  0.10 999.0  7.60  11.10     5 99.00 99.00
2012 07 19 09 00     1.0 30.50 999.00  0.10 999.0  7.80  11.20     5 99.00 99.00
2012 07 19 10 00     1.0 30.40 999.00  0.10 999.0  7.60  11.70     5 99.00 99.00
2012 07 19 11 00     1.0 30.30 999.00  0.10 999.0  7.20  10.50     7 99.00 99.00
2012 07 19 12 00     1.0 30.10 999.00  0.10 999.0  7.20  10.30     8 99.00 99.00
2012 07 19 13 00     1.0 30.20 999.00  0.10 999.0  7.50   9.80     8 99.00 99.00
2012 07 19 14 00     1.0 30.20 999.00  0.10 999.0  7.50  10.50     8 99.00 99.00
2012 07 19 15 00     1.0 30.30 999.00  0.10 999.0  7.40   9.20     8 99.00 99.00
2012 07 19 17 00     1.0 30.90 999.00  0.10 999.0  8.10   9.30     5 99.00 99.00
2012 07 19 18 00     1.0 31.00 999.00  0.10 999.0  8.10   9.10     5 99.00 99.00
2012 07 19 19 00     1.0 31.40 999.00  0.10 999.0  8.70  11.50     4 99.00 99.00
2012 07 19 20 00     1.0 31.00 999.00  0.10 999.0  8.50  11.70     4 99.00 99.00
2012 07 19 21 00     1.0 30.70 999.00  0.10 999.0  7.80  10.70     4 99.00 99.00
2012 07 19 22 00     1.0 30.50 999.00  0.10 999.0  7.60  10.20     5 99.00 99.00
2012 07 19 23 00     1.0 30.50 999.00  0.10 999.0  7.70  11.10     6 99.00 99.00
2012 07 20 00 00     1.0 30.50 999.00  0.10 999.0  7.90  11.90     7 99.00 99.00
2012 07 20 01 00     1.0 30.20 999.00  0.10 999.0  7.00  10.40     9 99.00 99.00
2012 07 20 02 00     1.0 30.00 999.00  0.10 999.0  6.90  10.20     9 99.00 99.00
2012 07 20 03 00     1.0 29.80 999.00  0.10 999.0  7.00  10.50     8 99.00 99.00
2012 07 20 04 00     1.0 30.20 999.00  0.10 999.0  7.10   9.50     6 99.00 99.00
2012 07 20 05 00     1.0 30.10 999.00  0.10 999.0  7.00   9.90     6 99.00 99.00
2012 07 20 06 00     1.0 30.00 999.00  0.10 999.0  6.10   7.00     7 99.00 99.00
2012 07 20 07 00     1.0 30.10 999.00  0.10 999.0  6.70   8.00     5 99.00 99.00
2012 07 20 08 00     1.0 29.90 999.00  0.10 999.0  6.60   9.00     6 99.00 99.00
2012 07 20 09 00     1.0 30.00 999.00  0.10 999.0  6.80   8.80     5 99.00 99.00
2012 07 20 10 00     1.0 30.00 999.00  0.10 999.0  6.70   8.80     5 99.00 99.00
2012 07 20 11 00     1.0 29.80 999.00  0.10 999.0  6.00   7.40     8 99.00 99.00
2012 07 20 12 00     1.0 29.70 999.00  0.10 999.0  6.10   7.10     9 99.00 99.00
2012 07 20 13 00     1.0 29.60 999.00  0.10 999.0  6.10   6.20    10 99.00 99.00
2012 07 20 14 00     1.0 29.40 999.00  0.10 999.0  6.60   7.90    10 99.00 99.00
2012 07 20 15 00     1.0 29.30 999.00  0.10 999.0  6.70   9.40     8 99.00 99.00
2012 07 20 16 00     1.0 29.40 999.00  0.10 999.0  6.40   7.60     7 99.00 99.00
2012 07 20 17 00     1.0 29.70 999.00  0.10 999.0  6.60   8.10     6 99.00 99.00
2012 07 20 18 00     1.0 29.60 999.00  0.10 999.0  6.40   8.20     7 99.00 99.00
2012 07 20 19 00     1.0 29.60 999.00  0.10 999.0  6.20   6.70     6 99.00 99.00
2012 07 20 20 00     1.0 29.70 999.00  0.10 999.0  6.20   5.90     7 99.00 99.00
2012 07 20 21 00     1.0 29.70 999.00  0.10 999.0  5.70   4.50     5 99.00 99.00
2012 07 20 22 00     1.0 29.70 999.00  0.10 999.0  5.30   4.10     6 99.00 99.00
2012 07 20 23 00     1.0 29.60 999.00  0.10 999.0  5.40   4.40     6 99.00 99.00
2012 07 21 00 00     1.0 29.60 999.00  0.10 999.0  5.50   4.60     7 99.00 99.00
2012 07 21 01 00     1.0 29.30 999.00  0.10 999.0  5.40   4.40     8 99.00 99.00
2012 07 21 02 00     1.0 29.10 999.00  0.10 999.0  5.80   5.30     8 99.00 99.00
2012 07 21 03 00     1.0 28.90 999.00  0.10 999.0  6.00   5.80     9 99.00 99.00
2012 07 21 05 00     1.0 29.00 999.00  0.10 999.0  5.70   4.20     7 99.00 99.00
2012 07 21 08 00     1.0 29.00 999.00  0.10 999.0  5.70   4.90     6 99.00 99.00
2012 07 21 09 00     1.0 29.10 999.00  0.10 999.0  5.40   4.10     6 99.00 99.00
2012 07 21 10 00     1.0 29.10 999.00  0.10 999.0  5.50   4.20     6 99.00 99.00
2012 07 21 11 00     1.0 29.10 999.00  0.10 999.0  5.50   4.20     7 99.00 99.00
2012 07 21 12 00     1.0 28.80 999.00  0.10 999.0  5.70   4.00     8 99.00 99.00
2012 07 21 13 00     1.0 28.50 999.00  0.10 999.0  5.80   4.20     8 99.00 99.00
2012 07 21 14 00     1.0 28.20 999.00  0.10 999.0  6.00   4.60     7 99.00 99.00
2012 07 21 15 00     1.0 28.50 999.00  0.10 999.0  6.00   4.40     6 99.00 99.00
2012 07 21 16 00     1.0 28.60 999.00  0.10 999.0  5.90   4.40     7 99.00 99.00
2012 07 21 17 00     1.0 28.50 999.00  0.10 999.0  5.90   4.40     7 99.00 99.00
2012 07 21 18 00     1.0 28.70 999.00  0.10 999.0  5.90   4.40     7 99.00 99.00
2012 07 21 19 00     1.0 29.00 999.00  0.10 999.0  5.50   3.70     7 99.00 99.00
2012 07 21 20 00     1.0 29.20 999.00  0.10 999.0  5.00   3.00     6 99.00 99.00
2012 07 21 21 00     1.0 29.20 999.00  0.10 999.0  5.30   3.10     5 99.00 99.00
2012 07 21 22 00     1.0 29.20 999.00  0.10 999.0  4.80   2.80     5 99.00 99.00
2012 07 21 23 00     1.0 29.10 999.00  0.10 999.0  4.80   2.50     5 99.00 99.00
2012 07 22 00 00     1.0 29.00 999.00  0.10 999.0  5.30   3.20     5 99.00 99.00
2012 07 22 01 00     1.0 28.70 999.00  0.10 999.0  5.20   3.80     7 99.00 99.00
2012 07 22 02 00     1.0 28.60 999.00  0.10 999.0  5.50   4.20     7 99.00 99.00
2012 07 22 03 00     1.0 28.40 999.00  0.10 999.0  5.70   4.30     7 99.00 99.00
2012 07 22 04 00     1.0 28.60 999.00  0.10 999.0  5.40   3.40     6 99.00 99.00
2012 07 22 05 00     1.0 28.70 999.00  0.10 999.0  5.40   3.30     5 99.00 99.00
2012 07 22 06 00     1.0 28.60 999.00  0.10 999.0  5.00   2.90     5 99.00 99.00
2012 07 22 07 00     1.0 28.50 999.00  0.10 999.0  5.00   3.10     5 99.00 99.00
2012 07 22 08 00     1.0 28.50 999.00  0.10 999.0  4.60   2.60     6 99.00 99.00
2012 07 22 09 00     1.0 28.50 999.00  0.10 999.0  4.60   2.60     5 99.00 99.00
2012 07 22 10 00     1.0 28.60 999.00  0.10 999.0  5.10   3.10     5 99.00 99.00
2012 07 22 11 00     1.0 28.60 999.00  0.10 999.0  5.20   3.30     5 99.00 99.00
2012 07 22 12 00     1.0 28.50 999.00  0.10 999.0  5.20   3.30     6 99.00 99.00
2012 07 22 13 00     1.0 28.40 999.00  0.10 999.0  5.20   3.10     6 99.00 99.00
2012 07 22 14 00     1.0 28.40 999.00  0.10 999.0  5.30   3.00     6 99.00 99.00
2012 07 22 15 00     1.0 28.30 999.00  0.10 999.0  5.20   4.10     6 99.00 99.00
2012 07 22 16 00     1.0 28.70 999.00  0.10 999.0  5.90   4.50     5 99.00 99.00
2012 07 22 17 00     1.0 29.00 999.00  0.10 999.0  6.00   5.30     5 99.00 99.00
2012 07 22 18 00     1.0 28.90 999.00  0.10 999.0  5.70   3.30     5 99.00 99.00
2012 07 22 19 00     1.0 28.90 999.00  0.10 999.0  5.50   2.70     5 99.00 99.00
2012 07 22 20 00     1.0 29.20 999.00  0.10 999.0  6.70   5.40     4 99.00 99.00
2012 07 22 21 00     1.0 29.00 999.00  0.10 999.0  6.30   4.50     5 99.00 99.00
2012 07 22 22 00     1.0 28.90 999.00  0.10 999.0  6.10   4.30     5 99.00 99.00
2012 07 22 23 00     1.0 28.90 999.00  0.10 999.0  5.90   3.90     5 99.00 99.00
2012 07 23 00 00     1.0 28.80 999.00  0.10 999.0  6.10   4.80     5 99.00 99.00
2012 07 23 01 00     1.0 28.70 999.00  0.10 999.0  6.10   5.80     5 99.00 99.00
2012 07 23 02 00     1.0 28.50 999.00  0.10 999.0  5.60   4.50     6 99.00 99.00
2012 07 23 03 00     1.0 28.20 999.00  0.10 999.0  5.20   3.60     8 99.00 99.00
2012 07 23 04 00     1.0 28.10 999.00  0.10 999.0  5.60   4.70     8 99.00 99.00
2012 07 23 05 00     1.0 28.30 999.00  0.10 999.0  5.70   5.10     7 99.00 99.00
2012 07 23 06 00     1.0 28.50 999.00  0.10 999.0  6.00   5.90     6 99.00 99.00
2012 07 23 07 00     1.0 28.50 999.00  0.10 999.0  6.00   5.20     5 99.00 99.00
2012 07 23 08 00     1.0 28.60 999.00  0.10 999.0  6.00   5.40     5 99.00 99.00
2012 07 23 09 00     1.0 28.60 999.00  0.10 999.0  6.10   5.30     4 99.00 99.00
2012 07 23 10 00     1.0 28.70 999.00  0.10 999.0  5.90   6.10     5 99.00 99.00
2012 07 23 11 00     1.0 28.60 999.00  0.10 999.0  6.10   6.60     5 99.00 99.00
2012 07 23 12 00     1.0 28.70 999.00  0.10 999.0  6.30   6.50     4 99.00 99.00
2012 07 23 13 00     1.0 28.70 999.00  0.10 999.0  6.40   5.90     4 99.00 99.00
2012 07 23 14 00     1.0 28.70 999.00  0.10 999.0  6.40   5.80     5 99.00 99.00
2012 07 23 15 00     1.0 28.70 999.00  0.10 999.0  6.10   5.10     6 99.00 99.00
2012 07 23 16 00     1.0 28.70 999.00  0.10 999.0  6.20   5.10     7 99.00 99.00
2012 07 23 17 00     1.0 28.90 999.00  0.10 999.0  6.80   5.90     6 99.00 99.00
2012 07 23 18 00     1.0 29.10 999.00  0.10 999.0  7.10   6.30     4 99.00 99.00
2012 07 23 19 00     1.0 29.90 999.00  0.10 999.0  8.30   8.10     4 99.00 99.00
2012 07 23 20 00     1.0 30.00 999.00  0.10 999.0  7.80   6.80     4 99.00 99.00
2012 07 23 21 00     1.0 29.70 999.00  0.10 999.0  7.20   6.70     5 99.00 99.00
2012 07 23 22 00     1.0 29.80 999.00  0.10 999.0  7.40   7.60     4 99.00 99.00
2012 07 23 23 00     1.0 30.00 999.00  0.10 999.0  7.70   8.40     4 99.00 99.00
2012 07 24 00 00     1.0 29.80 999.00  0.10 999.0  7.20   7.00     4 99.00 99.00
2012 07 24 01 00     1.0 29.80 999.00  0.10 999.0  7.10   7.70     4 99.00 99.00
2012 07 24 02 00     1.0 29.70 999.00  0.10 999.0  6.90   7.90     4 99.00 99.00
2012 07 24 03 00     1.0 29.80 999.00  0.10 999.0  7.20   8.70     4 99.00 99.00
2012 07 24 04 00     1.0 29.70 999.00  0.10 999.0  7.00   8.40     4 99.00 99.00
2012 07 24 06 00     1.0 29.70 999.00  0.10 999.0  6.90   7.80     4 99.00 99.00
2012 07 24 07 00     1.0 29.60 999.00  0.10 999.0  6.80   7.30     4 99.00 99.00
2012 07 24 08 00     1.0 29.60 999.00  0.10 999.0  6.70   6.90     4 99.00 99.00
2012 07 24 09 00     1.0 29.70 999.00  0.10 999.0  6.70   7.30     4 99.00 99.00
2012 07 24 10 00     1.0 29.70 999.00  0.20 999.0  6.80   6.90     4 99.00 99.00
2012 07 24 11 00     1.0 29.70 999.00  0.20 999.0  6.60   6.40     4 99.00 99.00
2012 07 24 12 00     1.0 29.80 999.00  0.20 999.0  6.60   6.80     4 99.00 99.00
2012 07 24 13 00     1.0 30.00 999.00  0.20 999.0  6.60   6.50     4 99.00 99.00
2012 07 24 14 00     1.0 30.00 999.00  0.20 999.0  6.70   6.30     4 99.00 99.00
2012 07 24 15 00     1.0 30.20 999.00  0.20 999.0  6.80   6.10     4 99.00 99.00
2012 07 24 16 00     1.0 30.30 999.00  0.20 999.0  7.00   6.20     4 99.00 99.00
2012 07 24 17 00     1.0 30.40 999.00  0.20 999.0  7.20   6.40     4 99.00 99.00
2012 07 24 18 00     1.0 30.30 999.00  0.20 999.0  7.20   7.00     4 99.00 99.00
2012 07 24 19 00     1.0 30.10 999.00  0.10 999.0  6.80   6.20     5 99.00 99.00
2012 07 24 20 00     1.0 29.90 999.00  0.10 999.0  6.40   5.50     6 99.00 99.00
2012 07 24 21 00     1.0 30.00 999.00  0.10 999.0  6.60   6.40     6 99.00 99.00
2012 07 24 22 00     1.0 30.00 999.00  0.20 999.0  6.40   6.30     6 99.00 99.00
2012 07 24 23 00     1.0 30.00 999.00  0.20 999.0  6.60   6.60     5 99.00 99.00
2012 07 25 00 00     1.0 29.90 999.00  0.20 999.0  6.50   6.70     5 99.00 99.00
2012 07 25 01 00     1.0 29.70 999.00  0.20 999.0  6.30   6.90     6 99.00 99.00
2012 07 25 02 00     1.0 29.60 999.00  0.20 999.0  6.10   6.80     6 99.00 99.00
2012 07 25 03 00     1.0 29.50 999.00  0.20 999.0  6.10   6.70     6 99.00 99.00
2012 07 25 04 00     1.0 29.30 999.00  0.20 999.0  5.90   6.40     7 99.00 99.00
2012 07 25 05 00     1.0 29.20 999.00  0.20 999.0  5.90   6.40     7 99.00 99.00
2012 07 25 06 00     1.0 29.30 999.00  0.20 999.0  6.20   7.00     6 99.00 99.00
2012 07 25 07 00     1.0 29.30 999.00  0.20 999.0  6.30   7.30    10 99.00 99.00
2012 07 25 08 00     1.0 29.40 999.00  0.20 999.0  6.30   7.40     9 99.00 99.00
2012 07 25 09 00     1.0 29.30 999.00  0.20 999.0  6.30   7.10     7 99.00 99.00
2012 07 25 10 00     1.0 29.10 999.00  0.20 999.0  6.00   6.50     7 99.00 99.00
2012 07 25 11 00     1.0 29.10 999.00  0.20 999.0  5.90   6.10     8 99.00 99.00
2012 07 25 12 00     1.0 29.10 999.00  0.20 999.0  6.10   5.90     8 99.00 99.00
2012 07 25 13 00     1.0 29.20 999.00  0.20 999.0  6.20   5.80     8 99.00 99.00
2012 07 25 14 00     1.0 29.30 999.00  0.20 999.0  6.40   6.10     7 99.00 99.00
2012 07 25 15 00     1.0 29.40 999.00  0.20 999.0  6.50   6.50     7 99.00 99.00
2012 07 25 16 00     1.0 29.50 999.00  0.20 999.0  6.90   7.60     7 99.00 99.00
2012 07 25 17 00     1.0 29.90 999.00  0.20 999.0  7.80   9.20     5 99.00 99.00
2012 07 25 18 00     1.0 30.20 999.00  0.20 999.0  8.10  11.30     5 99.00 99.00
2012 07 25 19 00     1.0 30.20 999.00  0.20 999.0  8.50  11.60     5 99.00 99.00
2012 07 25 20 00     1.0 30.30 999.00  0.20 999.0  8.90  14.10     5 99.00 99.00
2012 07 25 21 00     1.0 30.40 999.00  0.20 999.0  9.10  13.20     5 99.00 99.00
2012 07 25 22 00     1.0 30.30 999.00  0.20 999.0  8.70  12.10     5 99.00 99.00
2012 07 25 23 00     1.0 30.10 999.00  0.20 999.0  8.80  10.50     5 99.00 99.00
2012 07 26 00 00     1.0 29.90 999.00  0.20 999.0  8.20   9.70     5 99.00 99.00
2012 07 26 01 00     1.0 29.80 999.00  0.20 999.0  7.70  10.80     5 99.00 99.00
2012 07 26 02 00     1.0 29.70 999.00  0.20 999.0  7.70  11.00     6 99.00 99.00
2012 07 26 03 00     1.0 29.40 999.00  0.20 999.0  7.80  11.60     8 99.00 99.00
2012 07 26 04 00     1.0 29.50 999.00  0.20 999.0  7.90  12.50     8 99.00 99.00
2012 07 26 06 00     1.0 29.20 999.00  0.20 999.0  8.10  15.40     8 99.00 99.00
2012 07 26 07 00     1.0 29.20 999.00  0.20 999.0  8.00  14.00     7 99.00 99.00
2012 07 26 08 00     1.0 29.30 999.00  0.20 999.0  7.70  12.60     7 99.00 99.00
2012 07 26 09 00     1.0 29.10 999.00  0.20 999.0  7.70  14.70     8 99.00 99.00
2012 07 26 10 00     1.0 29.10 999.00  0.20 999.0  7.70  14.50     8 99.00 99.00
2012 07 26 11 00     1.0 29.10 999.00  0.20 999.0  7.60  12.60     7 99.00 99.00
2012 07 26 12 00     1.0 29.20 999.00  0.20 999.0  7.60  11.10     7 99.00 99.00
2012 07 26 13 00     1.0 29.10 999.00  0.20 999.0  7.50  11.80     7 99.00 99.00
2012 07 26 14 00     1.0 29.10 999.00  0.20 999.0  7.40  12.50     7 99.00 99.00
2012 07 26 15 00     1.0 29.10 999.00  0.20 999.0  7.40  14.40     6 99.00 99.00
2012 07 26 16 00     1.0 29.30 999.00  0.20 999.0  7.70  12.40     6 99.00 99.00
2012 07 26 17 00     1.0 29.50 999.00  0.20 999.0  8.30  13.20     6 99.00 99.00
2012 07 26 18 00     1.0 29.50 999.00  0.20 999.0  8.60  11.80     6 99.00 99.00
2012 07 26 19 00     1.0 29.70 999.00  0.20 999.0  9.20  14.30     6 99.00 99.00
2012 07 26 20 00     1.0 29.80 999.00  0.20 999.0  8.90  14.00     6 99.00 99.00
2012 07 26 21 00     1.0 29.90 999.00  0.20 999.0  8.20  10.40     6 99.00 99.00
2012 07 26 22 00     1.0 30.00 999.00  0.20 999.0  8.10  10.50     5 99.00 99.00
2012 07 26 23 00     1.0 29.90 999.00  0.20 999.0  7.70   9.70     5 99.00 99.00
2012 07 27 00 00     1.0 30.00 999.00  0.20 999.0  7.90  10.30     5 99.00 99.00
2012 07 27 01 00     1.0 29.40 999.00  0.20 999.0  6.40   7.90     6 99.00 99.00
2012 07 27 02 00     1.0 29.40 999.00  0.20 999.0  6.40   7.40     7 99.00 99.00
2012 07 27 03 00     1.0 29.30 999.00  0.20 999.0  6.30   7.70     8 99.00 99.00
2012 07 27 04 00     1.0 29.30 999.00  0.20 999.0  6.40   8.00     8 99.00 99.00
2012 07 27 05 00     1.0 29.30 999.00  0.20 999.0  6.70   8.90     7 99.00 99.00
2012 07 27 06 00     1.0 29.10 999.00  0.20 999.0  6.50   8.30     8 99.00 99.00
2012 07 27 07 00     1.0 28.80 999.00  0.20 999.0  6.20   7.40     8 99.00 99.00
2012 07 27 08 00     1.0 28.80 999.00  0.20 999.0  6.20   7.90     8 99.00 99.00
2012 07 27 09 00     1.0 29.00 999.00  0.20 999.0  6.30   7.90     7 99.00 99.00
2012 07 27 10 00     1.0 29.00 999.00  0.20 999.0  6.20   8.00     8 99.00 99.00
2012 07 27 11 00     1.0 29.00 999.00  0.20 999.0  6.10   8.00     8 99.00 99.00
2012 07 27 12 00     1.0 99.00 999.00 99.00 999.0 99.00 999.00    99 99.00 99.00
2012 07 27 13 00     1.0 29.10 999.00  0.20 999.0  6.50   7.40     6 99.00 99.00
2012 07 27 14 00     1.0 29.40 999.00  0.20 999.0  6.90   8.80     5 99.00 99.00
2012 07 27 15 00     1.0 29.50 999.00  0.20 999.0  7.40   8.60     5 99.00 99.00
2012 07 27 16 00     1.0 29.70 999.00  0.20 999.0  7.60   9.90     5 99.00 99.00
2012 07 27 17 00     1.0 30.00 999.00  0.20 999.0  8.60  12.10     4 99.00 99.00
2012 07 27 18 00     1.0 30.20 999.00  0.20 999.0  8.60  11.30     4 99.00 99.00
2012 07 27 19 00     1.0 30.10 999.00  0.20 999.0  8.40  12.50     4 99.00 99.00
2012 07 27 20 00     1.0 30.00 999.00  0.20 999.0  8.40  12.80     5 99.00 99.00
2012 07 27 21 00     1.0 30.30 999.00  0.20 999.0  8.70  13.60     5 99.00 99.00
2012 07 27 22 00     1.0 30.30 999.00  0.20 999.0  8.90  10.50     4 99.00 99.00
2012 07 27 23 00     1.0 30.00 999.00  0.20 999.0  8.80  11.60     4 99.00 99.00
2012 07 28 00 00     1.0 30.00 999.00  0.20 999.0  9.10  12.70     4 99.00 99.00
2012 07 28 01 00     1.0 30.10 999.00  0.20 999.0  9.50  13.20     4 99.00 99.00
2012 07 28 02 00     1.0 30.20 999.00  0.20 999.0  9.40  11.80     4 99.00 99.00
2012 07 28 03 00     1.0 30.10 999.00  0.20 999.0  9.40  12.40     4 99.00 99.00
2012 07 28 04 00     1.0 30.00 999.00  0.20 999.0  9.30  12.30     4 99.00 99.00
2012 07 28 05 00     1.0 30.00 999.00  0.20 999.0  9.30  12.60     4 99.00 99.00
2012 07 28 06 00     1.0 30.00 999.00  0.20 999.0  9.00  13.20     4 99.00 99.00
2012 07 28 07 00     1.0 29.80 999.00  0.20 999.0  8.50  12.40     6 99.00 99.00
2012 07 28 08 00     1.0 29.50 999.00  0.20 999.0  7.60  11.60     7 99.00 99.00
2012 07 28 09 00     1.0 29.70 999.00  0.20 999.0  8.30  11.90     5 99.00 99.00
2012 07 28 10 00     1.0 29.60 999.00  0.20 999.0  8.00  11.80     6 99.00 99.00
2012 07 28 11 00     1.0 29.60 999.00  0.20 999.0  7.80  10.40     6 99.00 99.00
2012 07 28 12 00     1.0 29.60 999.00  0.20 999.0  7.80   9.90     5 99.00 99.00
2012 07 28 13 00     1.0 29.60 999.00  0.20 999.0  7.90   9.90     5 99.00 99.00
2012 07 28 14 00     1.0 29.70 999.00  0.20 999.0  8.00  10.10     6 99.00 99.00
2012 07 28 15 00     1.0 30.30 999.00  0.20 999.0  8.50  11.90     4 99.00 99.00
2012 07 28 16 00     1.0 30.60 999.00  0.20 999.0  8.80  11.90     4 99.00 99.00
2012 07 28 17 00     1.0 30.50 999.00  0.20 999.0  9.30  13.40     4 99.00 99.00
2012 07 28 18 00     1.0 30.80 999.00  0.20 999.0  9.90  17.00     4 99.00 99.00
2012 07 28 19 00     1.0 31.10 999.00  0.20 999.0 10.00  10.50     3 99.00 99.00
2012 07 28 20 00     1.0 30.70 999.00  0.20 999.0 10.00  14.20     4 99.00 99.00
2012 07 28 21 00     1.0 30.20 999.00  0.20 999.0  9.10  11.70     4 99.00 99.00
2012 07 28 22 00     1.0 30.20 999.00  0.20 999.0  9.00  12.30     4 99.00 99.00
2012 07 28 23 00     1.0 30.20 999.00  0.20 999.0  9.40  13.30     4 99.00 99.00
2012 07 29 00 00     1.0 30.20 999.00  0.20 999.0  9.30  14.30     4 99.00 99.00
2012 07 29 01 00     1.0 29.90 999.00  0.20 999.0  8.80  14.00     4 99.00 99.00
2012 07 29 02 00     1.0 30.00 999.00  0.20 999.0  9.20  15.20     4 99.00 99.00
2012 07 29 03 00     1.0 30.20 999.00  0.20 999.0  8.90  14.60     6 99.00 99.00
2012 07 29 04 00     1.0 30.10 999.00  0.20 999.0  9.10  13.70     5 99.00 99.00
2012 07 29 05 00     1.0 30.00 999.00  0.20 999.0  9.00  14.20     4 99.00 99.00
2012 07 29 06 00     1.0 29.90 999.00  0.20 999.0  8.50  14.00     8 99.00 99.00
2012 07 29 07 00     1.0 29.70 999.00  0.20 999.0  8.30  13.90    10 99.00 99.00
2012 07 29 08 00     1.0 29.50 999.00  0.20 999.0  8.20  13.90     7 99.00 99.00
2012 07 29 09 00     1.0 29.30 999.00  0.20 999.0  7.80  12.70     9 99.00 99.00
2012 07 29 10 00     1.0 29.40 999.00  0.20 999.0  8.00  14.20     7 99.00 99.00
2012 07 29 11 00     1.0 29.50 999.00  0.20 999.0  8.00  13.70     6 99.00 99.00
2012 07 29 12 00     1.0 29.60 999.00  0.20 999.0  7.90  11.60     8 99.00 99.00
2012 07 29 13 00     1.0 29.60 999.00  0.20 999.0  8.00  11.50     7 99.00 99.00
2012 07 29 14 00     1.0 29.60 999.00  0.20 999.0  7.80  10.70     6 99.00 99.00
2012 07 29 15 00     1.0 29.60 999.00  0.20 999.0  8.10  11.60     5 99.00 99.00
2012 07 29 16 00     1.0 29.70 999.00  0.20 999.0  7.90  12.60     5 99.00 99.00
2012 07 29 17 00     1.0 29.60 999.00  0.20 999.0  7.60  11.00     5 99.00 99.00
2012 07 29 18 00     1.0 29.60 999.00  0.20 999.0  7.50  10.80     6 99.00 99.00
2012 07 29 19 00     1.0 29.90 999.00  0.20 999.0  8.60  15.60     5 99.00 99.00
2012 07 29 20 00     1.0 30.20 999.00  0.20 999.0  9.20  25.50     5 99.00 99.00
2012 07 29 21 00     1.0 30.50 999.00  0.20 999.0 10.50  23.50     5 99.00 99.00
2012 07 29 22 00     1.0 30.80 999.00  0.20 999.0  9.40  12.90     5 99.00 99.00
2012 07 29 23 00     1.0 30.80 999.00  0.20 999.0  9.80  14.10     5 99.00 99.00
2012 07 30 00 00     1.0 30.30 999.00  0.20 999.0  9.60  16.10     4 99.00 99.00
2012 07 30 01 00     1.0 29.90 999.00  0.20 999.0  9.00  17.50     5 99.00 99.00
2012 07 30 02 00     1.0 29.90 999.00  0.20 999.0  8.70  16.00     5 99.00 99.00
2012 07 30 03 00     1.0 30.00 999.00  0.20 999.0  9.10  15.50     4 99.00 99.00
2012 07 30 04 00     1.0 29.80 999.00  0.20 999.0  8.40  14.60     4 99.00 99.00
2012 07 30 05 00     1.0 29.70 999.00  0.20 999.0  8.10  13.40     5 99.00 99.00
2012 07 30 06 00     1.0 29.70 999.00  0.20 999.0  8.00  13.30     5 99.00 99.00
2012 07 30 07 00     1.0 29.60 999.00  0.20 999.0  8.00  13.60     5 99.00 99.00
2012 07 30 08 00     1.0 29.40 999.00  0.20 999.0  7.40  13.20     9 99.00 99.00
2012 07 30 09 00     1.0 29.20 999.00  0.20 999.0  7.40  13.70    10 99.00 99.00
2012 07 30 10 00     1.0 29.30 999.00  0.20 999.0  7.70  15.00    10 99.00 99.00
2012 07 30 11 00     1.0 29.10 999.00  0.20 999.0  7.50  14.20    10 99.00 99.00
2012 07 30 12 00     1.0 29.20 999.00  0.20 999.0  7.70  13.20     8 99.00 99.00
2012 07 30 13 00     1.0 29.30 999.00  0.20 999.0  7.80  12.40     7 99.00 99.00
2012 07 30 14 00     1.0 29.50 999.00  0.20 999.0  7.70  11.10     8 99.00 99.00
2012 07 30 15 00     1.0 29.50 999.00  0.20 999.0  7.50  10.90     7 99.00 99.00
2012 07 30 16 00     1.0 29.60 999.00  0.20 999.0  7.20   9.10     6 99.00 99.00
2012 07 30 17 00     1.0 29.70 999.00  0.20 999.0  8.00  11.50     5 99.00 99.00
2012 07 30 18 00     1.0 29.80 999.00  0.20 999.0  8.10  11.30     5 99.00 99.00
2012 07 30 19 00     1.0 29.90 999.00  0.20 999.0  7.80  10.90     5 99.00 99.00
2012 07 30 20 00     1.0 30.00 999.00  0.20 999.0  7.90   9.00     5 99.00 99.00
2012 07 30 21 00     1.0 30.00 999.00  0.20 999.0  7.90   9.90     5 99.00 99.00
2012 07 30 22 00     1.0 29.90 999.00  0.20 999.0  8.00   9.70     5 99.00 99.00
2012 07 30 23 00     1.0 29.70 999.00  0.20 999.0  7.50  10.20     6 99.00 99.00
2012 07 31 00 00     1.0 29.50 999.00  0.20 999.0  6.90   9.80     7 99.00 99.00
2012 07 31 01 00     1.0 29.20 999.00  0.20 999.0  6.00   8.30     6 99.00 99.00
2012 07 31 02 00     1.0 29.30 999.00  0.20 999.0  6.40   9.20     6 99.00 99.00
2012 07 31 03 00     1.0 29.20 999.00  0.20 999.0  6.70   9.60     5 99.00 99.00
2012 07 31 04 00     1.0 29.20 999.00  0.20 999.0  6.80   9.90     5 99.00 99.00
2012 07 31 05 00     1.0 29.20 999.00  0.20 999.0  6.80  10.40     5 99.00 99.00
2012 07 31 06 00     1.0 29.20 999.00  0.20 999.0  6.90  10.70     5 99.00 99.00
2012 07 31 07 00     1.0 29.10 999.00  0.20 999.0  6.70  10.40     6 99.00 99.00
2012 07 31 08 00     1.0 29.00 999.00  0.20 999.0  6.30   9.40     7 99.00 99.00
2012 07 31 09 00     1.0 28.70 999.00  0.20 999.0  5.80   8.20     9 99.00 99.00
2012 07 31 10 00     1.0 28.60 999.00  0.20 999.0  5.70   8.30     9 99.00 99.00
2012 07 31 11 00     1.0 28.40 999.00  0.20 999.0  5.80   8.40     9 99.00 99.00
2012 07 31 12 00     1.0 28.60 999.00  0.20 999.0  6.30  10.00    10 99.00 99.00
2012 07 31 13 00     1.0 28.70 999.00  0.20 999.0  6.70  11.20     9 99.00 99.00
2012 07 31 14 00     1.0 28.80 999.00  0.20 999.0  6.50   9.50     5 99.00 99.00
2012 07 31 15 00     1.0 28.90 999.00  0.20 999.0  6.60   9.40     6 99.00 99.00
2012 07 31 16 00     1.0 29.30 999.00  0.20 999.0  7.10   9.80     6 99.00 99.00
2012 07 31 17 00     1.0 29.50 999.00  0.20 999.0  7.30   9.00     5 99.00 99.00
2012 07 31 18 00     1.0 29.80 999.00  0.20 999.0  7.40   8.90     5 99.00 99.00
2012 07 31 19 00     1.0 30.10 999.00  0.20 999.0  7.90   9.20     5 99.00 99.00
2012 07 31 20 00     1.0 30.10 999.00  0.20 999.0  8.30   9.70     4 99.00 99.00
2012 07 31 21 00     1.0 30.00 999.00  0.20 999.0  8.30   9.80     6 99.00 99.00
2012 07 31 22 00     1.0 30.20 999.00  0.20 999.0  8.70  10.00     4 99.00 99.00
2012 07 31 23 00     1.0 30.00 999.00  0.20 999.0  9.00  11.80     4 99.00 99.00
2012 08 01 00 00     1.0 29.70 999.00  0.20 999.0  8.30  11.80     5 99.00 99.00
2012 08 01 01 00     1.0 29.60 999.00  0.20 999.0  8.00  11.90     5 99.00 99.00
2012 08 01 02 00     1.0 29.50 999.00  0.20 999.0  7.60  10.50     5 99.00 99.00
2012 08 01 03 00     1.0 29.50 999.00  0.20 999.0  7.50  10.00     5 99.00 99.00
2012 08 01 04 00     1.0 29.40 999.00  0.20 999.0  7.40   9.80     5 99.00 99.00
2012 08 01 05 00     1.0 29.30 999.00  0.20 999.0  7.10   9.10     5 99.00 99.00
2012 08 01 06 00     1.0 29.30 999.00  0.20 999.0  7.00   9.90     5 99.00 99.00
2012 08 01 07 00     1.0 29.20 999.00  0.20 999.0  7.00   9.70     5 99.00 99.00
2012 08 01 08 00     1.0 29.20 999.00  0.20 999.0  6.80   9.60     5 99.00 99.00
2012 08 01 09 00     1.0 29.10 999.00  0.20 999.0  6.50   8.50     5 99.00 99.00
2012 08 01 10 00     1.0 29.00 999.00  0.20 999.0  5.90   7.40     7 99.00 99.00
2012 08 01 11 00     1.0 28.90 999.00  0.20 999.0  6.10   7.70     8 99.00 99.00
2012 08 01 12 00     1.0 28.90 999.00  0.20 999.0  6.60   9.10     8 99.00 99.00
2012 08 01 13 00     1.0 28.80 999.00  0.10 999.0  5.60   8.90     9 99.00 99.00
2012 08 01 14 00     1.0 28.80 999.00  0.20 999.0  6.40   8.50     8 99.00 99.00
2012 08 01 15 00     1.0 28.90 999.00  0.20 999.0  6.40   9.20     6 99.00 99.00
2012 08 01 16 00     1.0 29.10 999.00  0.20 999.0  6.90  10.10     5 99.00 99.00
2012 08 01 17 00     1.0 29.60 999.00  0.10 999.0  7.00  13.70     4 99.00 99.00
2012 08 01 18 00     1.0 30.00 999.00  0.20 999.0  8.80  11.70     5 99.00 99.00
2012 08 01 19 00     1.0 29.70 999.00  0.20 999.0  8.00   9.80     5 99.00 99.00
2012 08 01 20 00     1.0 29.70 999.00  0.20 999.0  7.60   8.50     5 99.00 99.00
2012 08 01 21 00     1.0 29.90 999.00  0.20 999.0  8.20  10.50     5 99.00 99.00
2012 08 01 22 00     1.0 29.90 999.00  0.20 999.0  8.40  10.80     5 99.00 99.00
2012 08 01 23 00     1.0 29.90 999.00  0.20 999.0  8.60  11.10     4 99.00 99.00
2012 08 02 00 00     1.0 29.90 999.00  0.20 999.0  9.00  15.90     4 99.00 99.00
2012 08 02 01 00     1.0 29.70 999.00  0.20 999.0  8.00  13.60     5 99.00 99.00
2012 08 02 02 00     1.0 29.70 999.00  0.20 999.0  8.00  12.10     4 99.00 99.00
2012 08 02 03 00     1.0 29.60 999.00  0.20 999.0  7.70  10.20     4 99.00 99.00
2012 08 02 05 00     1.0 29.70 999.00  0.20 999.0  7.80  10.70     4 99.00 99.00
2012 08 02 06 00     1.0 29.60 999.00  0.20 999.0  7.50   9.90     4 99.00 99.00
2012 08 02 07 00     1.0 29.60 999.00  0.20 999.0  7.60  10.40     4 99.00 99.00
2012 08 02 08 00     1.0 29.50 999.00  0.20 999.0  7.10   9.20     4 99.00 99.00
2012 08 02 09 00     1.0 29.40 999.00  0.20 999.0  6.90   9.00     4 99.00 99.00
2012 08 02 10 00     1.0 29.40 999.00  0.20 999.0  6.80   8.60     4 99.00 99.00
2012 08 02 11 00     1.0 29.20 999.00  0.20 999.0  6.40   7.20     7 99.00 99.00
2012 08 02 12 00     1.0 29.10 999.00  0.20 999.0  6.40   7.30     7 99.00 99.00
2012 08 02 13 00     1.0 29.20 999.00  0.20 999.0  7.00   8.70     6 99.00 99.00
2012 08 02 14 00     1.0 29.40 999.00  0.20 999.0  6.90   8.00     6 99.00 99.00
2012 08 02 15 00     1.0 29.80 999.00  0.20 999.0  8.70  12.70     4 99.00 99.00
2012 08 02 16 00     1.0 30.10 999.00  0.20 999.0  8.80   9.90     4 99.00 99.00
2012 08 02 17 00     1.0 30.40 999.00  0.20 999.0  8.90  11.20     4 99.00 99.00
2012 08 02 18 00     1.0 30.60 999.00  0.20 999.0  9.10   9.70     4 99.00 99.00
2012 08 02 19 00     1.0 30.70 999.00  0.20 999.0  8.70   9.10     4 99.00 99.00
2012 08 02 20 00     1.0 30.80 999.00  0.20 999.0  8.70   9.20     4 99.00 99.00
2012 08 02 21 00     1.0 30.30 999.00  0.20 999.0  9.30  10.50     4 99.00 99.00
2012 08 02 22 00     1.0 30.50 999.00  0.20 999.0  9.50  11.50     4 99.00 99.00
2012 08 02 23 00     1.0 30.40 999.00  0.20 999.0  9.20  12.30     4 99.00 99.00
2012 08 03 00 00     1.0 30.10 999.00  0.20 999.0  8.50  12.60     4 99.00 99.00
2012 08 03 01 00     1.0 29.90 999.00  0.20 999.0  8.20  12.00     6 99.00 99.00
2012 08 03 03 00     1.0 29.90 999.00  0.20 999.0  8.20  12.30     6 99.00 99.00
2012 08 03 07 00     1.0 29.90 999.00  0.20 999.0  7.60  10.70     4 99.00 99.00
2012 08 03 08 00     1.0 29.90 999.00  0.20 999.0  7.70  10.80     4 99.00 99.00
2012 08 03 10 00     1.0 29.80 999.00  0.20 999.0  7.40  11.10     3 99.00 99.00
2012 08 03 11 00     1.0 29.70 999.00  0.20 999.0  7.30  10.20     3 99.00 99.00
2012 08 03 12 00     1.0 29.50 999.00  0.20 999.0  7.00   8.80     7 99.00 99.00
2012 08 03 13 00     1.0 29.50 999.00  0.20 999.0  7.20   9.30     6 99.00 99.00
2012 08 03 14 00     1.0 29.80 999.00  0.20 999.0  7.60   9.70     5 99.00 99.00
2012 08 03 15 00     1.0 29.90 999.00  0.20 999.0  7.80   9.70     5 99.00 99.00
2012 08 03 16 00     1.0 30.00 999.00  0.20 999.0  8.30  10.80     5 99.00 99.00
2012 08 03 17 00     1.0 30.40 999.00  0.20 999.0  9.00  12.20     4 99.00 99.00
2012 08 03 18 00     1.0 30.80 999.00  0.20 999.0  8.70  10.10     3 99.00 99.00
2012 08 03 19 00     1.0 30.80 999.00  0.20 999.0 10.40  13.10     3 99.00 99.00
2012 08 03 20 00     1.0 30.60 999.00  0.20 999.0  8.90  10.00     4 99.00 99.00
2012 08 03 21 00     1.0 30.50 999.00  0.20 999.0  8.00   9.10     4 99.00 99.00
2012 08 03 22 00     1.0 30.30 999.00  0.20 999.0  7.70  10.30     5 99.00 99.00
2012 08 03 23 00     1.0 30.40 999.00  0.20 999.0  7.50   9.40     4 99.00 99.00
2012 08 04 00 00     1.0 30.30 999.00  0.20 999.0  7.40  10.40     4 99.00 99.00
2012 08 04 01 00     1.0 30.20 999.00  0.20 999.0  7.30  10.40     4 99.00 99.00
2012 08 04 03 00     1.0 30.10 999.00  0.20 999.0  7.20   9.90     4 99.00 99.00
2012 08 04 07 00     1.0 30.00 999.00  0.20 999.0  7.10   9.60     5 99.00 99.00
2012 08 04 08 00     1.0 30.00 999.00  0.20 999.0  6.70   8.80     4 99.00 99.00
2012 08 04 09 00     1.0 30.00 999.00  0.20 999.0  6.90   9.10     4 99.00 99.00
2012 08 04 10 00     1.0 30.00 999.00  0.20 999.0  6.60   9.20     4 99.00 99.00
2012 08 04 11 00     1.0 30.00 999.00  0.20 999.0  6.40   9.20     5 99.00 99.00
2012 08 04 12 00     1.0 29.90 999.00  0.20 999.0  6.70   8.40     6 99.00 99.00
2012 08 04 13 00     1.0 29.80 999.00  0.20 999.0  6.60   7.80     6 99.00 99.00
2012 08 04 14 00     1.0 29.90 999.00  0.20 999.0  7.10   8.90     5 99.00 99.00
2012 08 04 15 00     1.0 30.20 999.00  0.20 999.0  7.60  10.90     5 99.00 99.00
2012 08 04 16 00     1.0 30.50 999.00  0.20 999.0  8.20  13.70     4 99.00 99.00
2012 08 04 17 00     1.0 31.10 999.00  0.20 999.0  8.20  12.50     4 99.00 99.00
2012 08 04 18 00     1.0 31.60 999.00  0.20 999.0  9.30  11.40     3 99.00 99.00
2012 08 04 21 00     1.0 30.70 999.00  0.20 999.0  8.20  10.20     3 99.00 99.00
2012 08 04 22 00     1.0 30.30 999.00  0.20 999.0  7.00   7.10     4 99.00 99.00
2012 08 04 23 00     1.0 30.40 999.00  0.20 999.0  7.50   8.40     4 99.00 99.00
2012 08 05 00 00     1.0 30.30 999.00  0.20 999.0  7.20   8.00     5 99.00 99.00
2012 08 05 01 00     1.0 30.30 999.00  0.20 999.0  7.30   8.60     5 99.00 99.00
2012 08 05 02 00     1.0 30.10 999.00  0.20 999.0  6.80   7.50     6 99.00 99.00
2012 08 05 03 00     1.0 30.00 999.00  0.20 999.0  6.60   6.90     7 99.00 99.00
2012 08 05 04 00     1.0 29.90 999.00  0.20 999.0  6.70   7.00     6 99.00 99.00
2012 08 05 06 00     1.0 29.90 999.00  0.20 999.0  6.60   6.90     6 99.00 99.00
2012 08 05 07 00     1.0 30.00 999.00  0.20 999.0  6.70   6.60     5 99.00 99.00
2012 08 05 08 00     1.0 30.00 999.00  0.20 999.0  6.70   6.70     5 99.00 99.00
2012 08 05 09 00     1.0 30.00 999.00  0.20 999.0  6.00   5.30     5 99.00 99.00
2012 08 05 10 00     1.0 30.00 999.00  0.20 999.0  6.10   6.00     5 99.00 99.00
2012 08 05 11 00     1.0 30.00 999.00  0.20 999.0  5.90   5.40     6 99.00 99.00
2012 08 05 12 00     1.0 30.00 999.00  0.20 999.0  5.90   5.00     7 99.00 99.00
2012 08 05 13 00     1.0 30.00 999.00  0.20 999.0  6.00   5.00     8 99.00 99.00
2012 08 05 14 00     1.0 30.00 999.00  0.20 999.0  6.10   4.80     7 99.00 99.00
2012 08 05 15 00     1.0 30.00 999.00  0.20 999.0  6.10   4.60     9 99.00 99.00
2012 08 05 19 00     1.0 30.10 999.00  0.20 999.0  6.70   6.60     6 99.00 99.00
2012 08 05 20 00     1.0 30.20 999.00  0.20 999.0  6.70   6.80     6 99.00 99.00
2012 08 05 21 00     1.0 30.10 999.00  0.20 999.0  6.50   6.20     6 99.00 99.00
2012 08 05 22 00     1.0 30.00 999.00  0.20 999.0  6.50   6.10     5 99.00 99.00
2012 08 05 23 00     1.0 30.30 999.00  0.20 999.0  7.20   8.10     4 99.00 99.00
2012 08 06 00 00     1.0 30.20 999.00  0.20 999.0  7.30   8.10     4 99.00 99.00
2012 08 06 01 00     1.0 30.20 999.00  0.20 999.0  7.40   9.00     5 99.00 99.00
2012 08 06 02 00     1.0 30.20 999.00  0.20 999.0  7.20   8.90     6 99.00 99.00
2012 08 06 03 00     1.0 30.10 999.00  0.20 999.0  7.30   8.40     6 99.00 99.00
2012 08 06 04 00     1.0 30.10 999.00  0.20 999.0  7.20   7.50     6 99.00 99.00
2012 08 06 05 00     1.0 30.00 999.00  0.20 999.0  7.10   7.30     6 99.00 99.00
2012 08 06 06 00     1.0 30.00 999.00  0.20 999.0  7.10   7.20     6 99.00 99.00
2012 08 06 07 00     1.0 30.00 999.00  0.20 999.0  7.00   6.90     6 99.00 99.00
2012 08 06 08 00     1.0 30.00 999.00  0.20 999.0  7.00   6.70     5 99.00 99.00
2012 08 06 09 00     1.0 30.00 999.00  0.20 999.0  6.90   6.70     6 99.00 99.00
2012 08 06 10 00     1.0 30.00 999.00  0.20 999.0  7.00   7.10     6 99.00 99.00
2012 08 06 11 00     1.0 29.90 999.00  0.20 999.0  6.90   7.00     6 99.00 99.00
2012 08 06 12 00     1.0 29.90 999.00  0.20 999.0  6.90   6.70     6 99.00 99.00
2012 08 06 13 00     1.0 29.90 999.00  0.20 999.0  6.80   6.10     7 99.00 99.00
2012 08 06 14 00     1.0 29.90 999.00  0.20 999.0  6.90   6.10     7 99.00 99.00
2012 08 06 15 00     1.0 30.10 999.00  0.20 999.0  7.20   7.10     6 99.00 99.00
2012 08 06 17 00     1.0 30.60 999.00  0.20 999.0  8.20  12.10     5 99.00 99.00
2012 08 06 18 00     1.0 30.70 999.00  0.20 999.0  8.50  11.80     4 99.00 99.00
2012 08 06 19 00     1.0 30.40 999.00  0.20 999.0  8.00   8.00     5 99.00 99.00
2012 08 06 20 00     1.0 30.60 999.00  0.20 999.0  8.60   8.10     4 99.00 99.00
2012 08 06 21 00     1.0 30.70 999.00  0.20 999.0  9.70   9.80     3 99.00 99.00
2012 08 06 22 00     1.0 30.40 999.00  0.20 999.0  8.70   8.50     4 99.00 99.00
2012 08 06 23 00     1.0 30.10 999.00  0.20 999.0  7.80   7.20     4 99.00 99.00
2012 08 07 00 00     1.0 30.00 999.00  0.20 999.0  7.30   6.50     5 99.00 99.00
2012 08 07 01 00     1.0 29.90 999.00  0.20 999.0  7.00   6.40     6 99.00 99.00
2012 08 07 02 00     1.0 29.90 999.00  0.20 999.0  6.80   6.20     6 99.00 99.00
2012 08 07 05 00     1.0 29.70 999.00  0.20 999.0  6.70   5.30     6 99.00 99.00
2012 08 07 06 00     1.0 29.60 999.00  0.20 999.0  6.60   4.80     6 99.00 99.00
2012 08 07 07 00     1.0 29.60 999.00  0.20 999.0  6.70   5.10     6 99.00 99.00
2012 08 07 08 00     1.0 29.70 999.00  0.20 999.0  6.70   4.80     6 99.00 99.00
2012 08 07 09 00     1.0 29.70 999.00  0.20 999.0  6.60   4.70     6 99.00 99.00
2012 08 07 10 00     1.0 29.60 999.00  0.20 999.0  6.90   5.80     6 99.00 99.00
2012 08 07 11 00     1.0 29.70 999.00  0.20 999.0  6.50   4.60     7 99.00 99.00
2012 08 07 12 00     1.0 29.70 999.00  0.20 999.0  5.90   3.70     6 99.00 99.00
2012 08 07 13 00     1.0 29.60 999.00  0.20 999.0  5.80   3.80     6 99.00 99.00
2012 08 07 14 00     1.0 29.80 999.00  0.20 999.0  6.00   3.80     5 99.00 99.00
2012 08 07 15 00     1.0 29.80 999.00  0.20 999.0  6.80   4.70     5 99.00 99.00
2012 08 07 17 00     1.0 29.90 999.00  0.20 999.0  7.50   6.10     5 99.00 99.00
2012 08 07 18 00     1.0 30.10 999.00  0.20 999.0  7.90   7.60     5 99.00 99.00
2012 08 07 19 00     1.0 30.40 999.00  0.20 999.0  8.10   9.50     4 99.00 99.00
2012 08 07 20 00     1.0 30.40 999.00  0.20 999.0  7.80   7.00     3 99.00 99.00
2012 08 07 21 00     1.0 30.40 999.00  0.20 999.0  7.90   7.00     3 99.00 99.00
2012 08 07 22 00     1.0 30.30 999.00  0.20 999.0  8.00   6.20     3 99.00 99.00
2012 08 07 23 00     1.0 30.20 999.00  0.20 999.0  8.10   8.00     2 99.00 99.00
2012 08 08 00 00     1.0 30.20 999.00  0.20 999.0  8.10   7.90     3 99.00 99.00
2012 08 08 01 00     1.0 30.10 999.00  0.20 999.0  7.60   7.10     3 99.00 99.00
2012 08 08 02 00     1.0 30.00 999.00  0.20 999.0  7.00   5.80     3 99.00 99.00
2012 08 08 03 00     1.0 29.80 999.00  0.20 999.0  7.10   5.70     4 99.00 99.00
2012 08 08 05 00     1.0 29.50 999.00  0.20 999.0  7.00   6.60     7 99.00 99.00
2012 08 08 07 00     1.0 29.50 999.00  0.20 999.0  7.40   7.90     6 99.00 99.00
2012 08 08 08 00     1.0 29.60 999.00  0.20 999.0  7.00   5.40     4 99.00 99.00
2012 08 08 09 00     1.0 29.60 999.00  0.20 999.0  7.00   5.80     4 99.00 99.00
2012 08 08 10 00     1.0 29.60 999.00  0.20 999.0  6.70   5.60     6 99.00 99.00
2012 08 08 11 00     1.0 29.70 999.00  0.20 999.0  6.40   4.40     5 99.00 99.00
2012 08 08 12 00     1.0 29.70 999.00  0.20 999.0  6.70   5.10     5 99.00 99.00
2012 08 08 13 00     1.0 29.80 999.00  0.20 999.0  6.60   5.20     3 99.00 99.00
2012 08 08 14 00     1.0 29.90 999.00  0.20 999.0  6.20   3.80     3 99.00 99.00
2012 08 08 15 00     1.0 30.10 999.00  0.20 999.0  6.20   3.50     2 99.00 99.00
2012 08 08 16 00     1.0 30.50 999.00  0.20 999.0  7.40   6.20     2 99.00 99.00
2012 08 08 17 00     1.0 30.90 999.00  0.20 999.0  8.00   4.40     3 99.00 99.00
2012 08 08 18 00     1.0 31.10 999.00  0.20 999.0  8.40   5.20     3 99.00 99.00
2012 08 08 19 00     1.0 30.60 999.00  0.20 999.0  8.50   7.90     4 99.00 99.00
2012 08 08 20 00     1.0 30.60 999.00  0.20 999.0  8.70   7.60     3 99.00 99.00
2012 08 08 21 00     1.0 31.00 999.00  0.20 999.0  9.10   5.90     3 99.00 99.00
2012 08 08 22 00     1.0 30.80 999.00  0.20 999.0  8.50   5.40     3 99.00 99.00
2012 08 08 23 00     1.0 30.20 999.00  0.20 999.0  7.50   4.80     3 99.00 99.00
2012 08 09 00 00     1.0 30.10 999.00  0.20 999.0  7.20   4.90     2 99.00 99.00
2012 08 09 01 00     1.0 29.90 999.00  0.20 999.0  6.60   4.10     3 99.00 99.00
2012 08 09 04 00     1.0 29.60 999.00  0.20 999.0  5.50   3.00     6 99.00 99.00
2012 08 09 05 00     1.0 29.50 999.00  0.20 999.0  6.00   3.40     6 99.00 99.00
2012 08 09 06 00     1.0 29.50 999.00  0.20 999.0  6.20   3.90     6 99.00 99.00
2012 08 09 07 00     1.0 29.60 999.00  0.20 999.0  6.10   4.30     6 99.00 99.00
2012 08 09 08 00     1.0 29.60 999.00  0.20 999.0  6.20   4.50     6 99.00 99.00
2012 08 09 09 00     1.0 29.60 999.00  0.20 999.0  6.20   3.60     4 99.00 99.00
2012 08 09 10 00     1.0 29.60 999.00  0.20 999.0  6.00   3.40     5 99.00 99.00
2012 08 09 11 00     1.0 29.60 999.00  0.20 999.0  6.00   3.50     5 99.00 99.00
2012 08 09 12 00     1.0 29.60 999.00  0.20 999.0  5.80   3.10     4 99.00 99.00
2012 08 09 13 00     1.0 29.70 999.00  0.20 999.0  5.30   3.00     4 99.00 99.00
2012 08 09 14 00     1.0 29.80 999.00  0.20 999.0  5.40   3.50     4 99.00 99.00
2012 08 09 15 00     1.0 30.10 999.00  0.20 999.0  5.70   3.60     4 99.00 99.00
2012 08 09 17 00     1.0 30.80 999.00  0.20 999.0  6.90   3.70     3 99.00 99.00
2012 08 09 18 00     1.0 30.30 999.00  0.20 999.0  6.70   4.80     4 99.00 99.00
2012 08 09 19 00     1.0 30.30 999.00  0.20 999.0  6.60   4.40     5 99.00 99.00
2012 08 09 20 00     1.0 30.80 999.00  0.20 999.0  7.00   5.40     4 99.00 99.00
2012 08 09 21 00     1.0 30.90 999.00  0.20 999.0  8.10   7.80     3 99.00 99.00
2012 08 09 22 00     1.0 30.40 999.00  0.20 999.0  7.10   4.80     3 99.00 99.00
2012 08 09 23 00     1.0 30.20 999.00  0.20 999.0  6.90   4.00     3 99.00 99.00
2012 08 10 00 00     1.0 30.00 999.00  0.20 999.0  6.90   3.10     3 99.00 99.00
2012 08 10 01 00     1.0 30.10 999.00  0.20 999.0  7.00   2.90     3 99.00 99.00
2012 08 10 02 00     1.0 30.10 999.00  0.20 999.0  6.90   2.70     3 99.00 99.00
2012 08 10 03 00     1.0 30.00 999.00  0.20 999.0  6.90   2.90     3 99.00 99.00
2012 08 10 04 00     1.0 29.80 999.00  0.20 999.0  6.70   2.70     3 99.00 99.00
2012 08 10 05 00     1.0 29.70 999.00  0.20 999.0  6.10   2.60     7 99.00 99.00
2012 08 10 06 00     1.0 29.60 999.00  0.20 999.0  6.20   2.60     8 99.00 99.00
2012 08 10 07 00     1.0 29.40 999.00  0.20 999.0  5.90   2.90     6 99.00 99.00
2012 08 10 08 00     1.0 29.40 999.00  0.20 999.0  6.00   3.10     6 99.00 99.00
2012 08 10 09 00     1.0 29.40 999.00  0.20 999.0  6.10   3.00     6 99.00 99.00
2012 08 10 11 00     1.0 29.40 999.00  0.20 999.0  6.20   2.80     6 99.00 99.00
2012 08 10 12 00     1.0 29.50 999.00  0.20 999.0  6.10   2.40     6 99.00 99.00
2012 08 10 13 00     1.0 29.50 999.00  0.20 999.0  5.60   2.00     5 99.00 99.00
2012 08 10 14 00     1.0 29.50 999.00  0.20 999.0  5.90   2.20     5 99.00 99.00
2012 08 10 15 00     1.0 29.60 999.00  0.20 999.0  6.30   2.40     4 99.00 99.00
2012 08 10 16 00     1.0 29.60 999.00  0.20 999.0  6.50   2.50     3 99.00 99.00
2012 08 10 17 00     1.0 30.10 999.00  0.20 999.0  6.40   2.10     4 99.00 99.00
2012 08 10 18 00     1.0 30.10 999.00  0.20 999.0  6.20   2.40     3 99.00 99.00
2012 08 10 19 00     1.0 30.00 999.00  0.20 999.0  6.70   3.10     3 99.00 99.00
2012 08 10 20 00     1.0 30.00 999.00  0.20 999.0  6.60   2.80     3 99.00 99.00
2012 08 10 21 00     1.0 29.90 999.00  0.20 999.0  6.80   2.60     3 99.00 99.00
2012 08 10 22 00     1.0 29.90 999.00  0.20 999.0  6.80   2.40     3 99.00 99.00
2012 08 10 23 00     1.0 29.80 999.00  0.20 999.0  6.70   2.30     3 99.00 99.00
2012 08 11 00 00     1.0 29.80 999.00  0.20 999.0  6.90   3.50     3 99.00 99.00
2012 08 11 01 00     1.0 29.80 999.00  0.20 999.0  6.70   3.30     3 99.00 99.00
2012 08 11 02 00     1.0 29.70 999.00  0.20 999.0  6.60   3.30     3 99.00 99.00
2012 08 11 03 00     1.0 29.60 999.00  0.20 999.0  6.50   2.80     3 99.00 99.00
2012 08 11 04 00     1.0 29.60 999.00  0.20 999.0  6.40   2.60     4 99.00 99.00
2012 08 11 05 00     1.0 29.50 999.00  0.20 999.0  6.20   2.60     5 99.00 99.00
2012 08 11 06 00     1.0 29.40 999.00  0.20 999.0  6.30   2.60     6 99.00 99.00
2012 08 11 07 00     1.0 29.10 999.00  0.20 999.0  6.40   2.50     6 99.00 99.00
2012 08 11 08 00     1.0 29.00 999.00  0.20 999.0  6.50   2.30     6 99.00 99.00
2012 08 11 09 00     1.0 29.20 999.00  0.20 999.0  6.60   2.90     4 99.00 99.00
2012 08 11 10 00     1.0 29.10 999.00  0.20 999.0  6.50   2.70     4 99.00 99.00
2012 08 11 11 00     1.0 29.20 999.00  0.20 999.0  6.40   2.60     6 99.00 99.00
2012 08 11 12 00     1.0 29.20 999.00  0.20 999.0  6.40   2.60     5 99.00 99.00
2012 08 11 13 00     1.0 29.20 999.00  0.20 999.0  6.50   2.60     4 99.00 99.00
2012 08 11 14 00     1.0 29.40 999.00  0.20 999.0  6.40   2.50     4 99.00 99.00
2012 08 11 15 00     1.0 29.70 999.00  0.20 999.0  6.20   2.20     3 99.00 99.00
2012 08 11 16 00     1.0 29.80 999.00  0.20 999.0  5.90   1.70     3 99.00 99.00
2012 08 11 17 00     1.0 30.00 999.00  0.20 999.0  5.90   1.60     3 99.00 99.00
2012 08 11 18 00     1.0 30.20 999.00  0.20 999.0  6.00   1.70     3 99.00 99.00
2012 08 11 19 00     1.0 30.30 999.00  0.20 999.0  6.20   1.80     3 99.00 99.00
2012 08 11 20 00     1.0 30.30 999.00  0.20 999.0  6.60   2.50     3 99.00 99.00
2012 08 11 21 00     1.0 30.10 999.00  0.20 999.0  6.80   3.10     4 99.00 99.00
2012 08 11 22 00     1.0 30.00 999.00  0.20 999.0  6.40   2.80     4 99.00 99.00
2012 08 11 23 00     1.0 29.80 999.00  0.20 999.0  6.40   2.80     4 99.00 99.00
2012 08 12 00 00     1.0 29.70 999.00  0.20 999.0  6.40   2.70     4 99.00 99.00
2012 08 12 01 00     1.0 29.50 999.00  0.20 999.0  6.30   2.60     3 99.00 99.00
2012 08 12 02 00     1.0 29.60 999.00  0.20 999.0  6.50   3.00     3 99.00 99.00
2012 08 12 03 00     1.0 29.70 999.00  0.20 999.0  6.60   3.10     3 99.00 99.00
2012 08 12 04 00     1.0 29.60 999.00  0.20 999.0  6.40   2.70     3 99.00 99.00
2012 08 12 05 00     1.0 29.50 999.00  0.20 999.0  6.30   3.10     3 99.00 99.00
2012 08 12 06 00     1.0 29.40 999.00  0.20 999.0  6.40   3.40     4 99.00 99.00
2012 08 12 07 00     1.0 29.30 999.00  0.20 999.0  6.40   3.40     4 99.00 99.00
2012 08 12 08 00     1.0 29.20 999.00  0.20 999.0  6.10   2.60     5 99.00 99.00
2012 08 12 09 00     1.0 29.10 999.00  0.20 999.0  6.00   2.40     5 99.00 99.00
2012 08 12 10 00     1.0 29.10 999.00  0.20 999.0  6.10   2.40     5 99.00 99.00
2012 08 12 11 00     1.0 29.20 999.00  0.20 999.0  6.00   2.30     6 99.00 99.00
2012 08 12 12 00     1.0 29.20 999.00  0.20 999.0  6.10   2.60     6 99.00 99.00
2012 08 12 13 00     1.0 29.20 999.00  0.20 999.0  6.10   2.50     4 99.00 99.00
2012 08 12 14 00     1.0 29.30 999.00  0.20 999.0  6.20   2.70     5 99.00 99.00
2012 08 12 15 00     1.0 29.40 999.00  0.20 999.0  6.20   2.60     4 99.00 99.00
2012 08 12 16 00     1.0 29.50 999.00  0.20 999.0  6.30   2.50     3 99.00 99.00
2012 08 12 17 00     1.0 29.80 999.00  0.20 999.0  6.50   3.00     3 99.00 99.00
2012 08 12 18 00     1.0 30.00 999.00  0.20 999.0  6.90   4.20     2 99.00 99.00
2012 08 12 19 00     1.0 29.90 999.00  0.20 999.0  7.10   4.80     2 99.00 99.00
2012 08 12 20 00     1.0 30.10 999.00  0.20 999.0  7.40   5.70     2 99.00 99.00
2012 08 12 21 00     1.0 30.10 999.00  0.20 999.0  7.30   4.80     3 99.00 99.00
2012 08 12 22 00     1.0 29.90 999.00  0.20 999.0  7.00   4.00     4 99.00 99.00
2012 08 12 23 00     1.0 29.70 999.00  0.20 999.0  6.90   4.30     4 99.00 99.00
2012 08 13 00 00     1.0 29.60 999.00  0.20 999.0  6.90   4.70     4 99.00 99.00
2012 08 13 01 00     1.0 29.60 999.00  0.20 999.0  7.20   6.10     3 99.00 99.00
2012 08 13 02 00     1.0 29.50 999.00  0.20 999.0  7.30   6.90     3 99.00 99.00
2012 08 13 03 00     1.0 29.50 999.00  0.20 999.0  7.30   7.30     3 99.00 99.00
2012 08 13 04 00     1.0 29.50 999.00  0.20 999.0  7.10   6.10     3 99.00 99.00
2012 08 13 05 00     1.0 29.50 999.00  0.20 999.0  7.60   8.70     3 99.00 99.00
2012 08 13 06 00     1.0 29.40 999.00  0.20 999.0  7.50   8.10     4 99.00 99.00
2012 08 13 07 00     1.0 29.40 999.00  0.20 999.0  7.60   8.50     5 99.00 99.00
2012 08 13 08 00     1.0 29.20 999.00  0.20 999.0  7.50   8.90     5 99.00 99.00
2012 08 13 09 00     1.0 29.20 999.00  0.20 999.0  7.60   9.10     4 99.00 99.00
2012 08 13 10 00     1.0 29.20 999.00  0.20 999.0  7.70   9.10     4 99.00 99.00
2012 08 13 11 00     1.0 29.20 999.00  0.20 999.0  7.60   7.90     5 99.00 99.00
2012 08 13 12 00     1.0 29.20 999.00  0.20 999.0  7.40   6.80     5 99.00 99.00
2012 08 13 13 00     1.0 29.20 999.00  0.20 999.0  7.30   6.70     5 99.00 99.00
2012 08 13 14 00     1.0 29.30 999.00  0.20 999.0  7.30   6.60     5 99.00 99.00
2012 08 13 15 00     1.0 29.30 999.00  0.20 999.0  7.40   7.10     4 99.00 99.00
2012 08 13 16 00     1.0 29.50 999.00  0.20 999.0  7.30   6.40     5 99.00 99.00
2012 08 13 17 00     1.0 29.90 999.00  0.20 999.0  8.10   7.90     3 99.00 99.00
2012 08 13 18 00     1.0 29.90 999.00  0.20 999.0  8.20   7.80     3 99.00 99.00
2012 08 13 19 00     1.0 30.00 999.00  0.20 999.0  8.60   9.20     3 99.00 99.00
2012 08 13 20 00     1.0 30.00 999.00  0.20 999.0  8.90  10.20     3 99.00 99.00
2012 08 13 21 00     1.0 30.00 999.00  0.20 999.0  8.70  10.00     6 99.00 99.00
2012 08 13 22 00     1.0 29.80 999.00  0.20 999.0  8.40   8.90     6 99.00 99.00
2012 08 13 23 00     1.0 29.70 999.00  0.20 999.0  8.40   8.90     5 99.00 99.00
2012 08 14 00 00     1.0 29.70 999.00  0.20 999.0  8.80  11.80     4 99.00 99.00
2012 08 14 01 00     1.0 29.60 999.00  0.20 999.0  8.50   9.40     3 99.00 99.00
2012 08 14 02 00     1.0 29.60 999.00  0.20 999.0  8.30   8.90     3 99.00 99.00
2012 08 14 03 00     1.0 29.50 999.00  0.20 999.0  7.80   7.50     3 99.00 99.00
2012 08 14 04 00     1.0 29.30 999.00  0.20 999.0  7.60   7.40     4 99.00 99.00
2012 08 14 05 00     1.0 29.20 999.00  0.20 999.0  7.10   6.20     4 99.00 99.00
2012 08 14 06 00     1.0 29.20 999.00  0.20 999.0  7.20   5.70     4 99.00 99.00
2012 08 14 07 00     1.0 29.10 999.00  0.20 999.0  6.80   5.00     4 99.00 99.00
2012 08 14 08 00     1.0 29.00 999.00  0.20 999.0  6.80   5.70     5 99.00 99.00
2012 08 14 09 00     1.0 28.80 999.00  0.20 999.0  6.60   5.10     7 99.00 99.00
2012 08 14 10 00     1.0 28.80 999.00  0.20 999.0  6.90   5.60     7 99.00 99.00
2012 08 14 11 00     1.0 28.80 999.00  0.20 999.0  7.00   5.80     6 99.00 99.00
2012 08 14 12 00     1.0 28.80 999.00  0.20 999.0  7.00   5.90     6 99.00 99.00
2012 08 14 13 00     1.0 28.80 999.00  0.20 999.0  7.00   5.60     7 99.00 99.00
2012 08 14 14 00     1.0 28.90 999.00  0.20 999.0  7.10   5.20     5 99.00 99.00
2012 08 14 15 00     1.0 29.00 999.00  0.20 999.0  7.00   5.70     4 99.00 99.00
2012 08 14 16 00     1.0 29.20 999.00  0.20 999.0  7.00   5.50     4 99.00 99.00
2012 08 14 17 00     1.0 29.30 999.00  0.20 999.0  6.60   5.00     4 99.00 99.00
2012 08 14 18 00     1.0 29.70 999.00  0.20 999.0  7.20   5.90     3 99.00 99.00
2012 08 14 19 00     1.0 29.90 999.00  0.20 999.0  7.90   6.60     5 99.00 99.00
2012 08 14 20 00     1.0 29.70 999.00  0.20 999.0  7.70   6.90     4 99.00 99.00
2012 08 14 21 00     1.0 29.50 999.00  0.20 999.0  7.30   6.20     5 99.00 99.00
2012 08 14 22 00     1.0 29.50 999.00  0.20 999.0  7.20   6.70     4 99.00 99.00
2012 08 14 23 00     1.0 29.50 999.00  0.20 999.0  7.40   8.10     4 99.00 99.00
2012 08 15 00 00     1.0 29.40 999.00  0.20 999.0  7.10   7.50     5 99.00 99.00
2012 08 15 01 00     1.0 29.40 999.00  0.20 999.0  7.40   7.80     4 99.00 99.00
2012 08 15 02 00     1.0 29.30 999.00  0.20 999.0  7.60   7.30     3 99.00 99.00
2012 08 15 03 00     1.0 29.40 999.00  0.20 999.0  8.10   8.90     3 99.00 99.00
2012 08 15 04 00     1.0 29.40 999.00  0.20 999.0  7.80   8.00     3 99.00 99.00
2012 08 15 05 00     1.0 29.30 999.00  0.20 999.0  7.50   7.20     3 99.00 99.00
2012 08 15 06 00     1.0 29.30 999.00  0.20 999.0  7.50   7.30     4 99.00 99.00
2012 08 15 07 00     1.0 29.20 999.00  0.20 999.0  6.80   6.80     4 99.00 99.00
2012 08 15 08 00     1.0 29.10 999.00  0.20 999.0  6.50   5.50     5 99.00 99.00
2012 08 15 09 00     1.0 29.00 999.00  0.20 999.0  6.80   6.70     5 99.00 99.00
2012 08 15 10 00     1.0 29.00 999.00  0.20 999.0  7.10   7.70     6 99.00 99.00
2012 08 15 11 00     1.0 28.80 999.00  0.20 999.0  7.10   7.40     7 99.00 99.00
2012 08 15 12 00     1.0 28.80 999.00  0.20 999.0  7.30   6.30     6 99.00 99.00
2012 08 15 13 00     1.0 29.00 999.00  0.20 999.0  7.50   6.40     5 99.00 99.00
2012 08 15 14 00     1.0 29.10 999.00  0.20 999.0  7.40   6.70     5 99.00 99.00
2012 08 15 15 00     1.0 29.20 999.00  0.20 999.0  7.30   7.20     5 99.00 99.00
2012 08 15 16 00     1.0 29.30 999.00  0.20 999.0  7.20   6.70     4 99.00 99.00
2012 08 15 17 00     1.0 29.40 999.00  0.20 999.0  7.70   9.00     3 99.00 99.00
2012 08 15 18 00     1.0 29.50 999.00  0.20 999.0  7.80   9.70     3 99.00 99.00
2012 08 16 15 00     1.0 29.10 999.00  0.20 999.0  7.10   6.40     5 99.00 99.00
2012 08 16 16 00     1.0 29.10 999.00  0.20 999.0  7.00   6.00     6 99.00 99.00
2012 08 16 17 00     1.0 29.50 999.00  0.20 999.0  7.60   8.40     4 99.00 99.00
2012 08 16 18 00     1.0 29.60 999.00  0.20 999.0  7.80   8.50     3 99.00 99.00
2012 08 16 19 00     1.0 29.80 999.00  0.20 999.0  8.00  10.80     3 99.00 99.00
2012 08 16 20 00     1.0 29.80 999.00  0.20 999.0  8.20   9.40     3 99.00 99.00
2012 08 16 21 00     1.0 29.40 999.00  0.20 999.0  7.40   7.50     3 99.00 99.00
2012 08 16 22 00     1.0 29.40 999.00  0.20 999.0  7.80   8.50     4 99.00 99.00
2012 08 16 23 00     1.0 29.30 999.00  0.20 999.0  7.30   7.10     4 99.00 99.00
2012 08 17 00 00     1.0 29.20 999.00  0.20 999.0  6.80   4.90     4 99.00 99.00
2012 08 17 01 00     1.0 29.20 999.00  0.20 999.0  6.90   5.20     4 99.00 99.00
2012 08 17 02 00     1.0 29.20 999.00  0.20 999.0  6.90   5.00     4 99.00 99.00
2012 08 17 03 00     1.0 29.20 999.00  0.20 999.0  6.90   4.80     4 99.00 99.00
2012 08 17 04 00     1.0 29.30 999.00  0.20 999.0  7.10   5.00     3 99.00 99.00
2012 08 17 05 00     1.0 29.20 999.00  0.20 999.0  6.80   4.40     3 99.00 99.00
2012 08 17 06 00     1.0 29.10 999.00  0.20 999.0  6.40   4.20     3 99.00 99.00
2012 08 17 07 00     1.0 29.10 999.00  0.20 999.0  6.20   4.10     4 99.00 99.00
2012 08 17 08 00     1.0 29.10 999.00  0.20 999.0  6.10   3.90     4 99.00 99.00
2012 08 17 09 00     1.0 29.00 999.00  0.20 999.0  6.00   3.90     4 99.00 99.00
2012 08 17 10 00     1.0 29.00 999.00  0.20 999.0  6.10   3.90     5 99.00 99.00
2012 08 17 11 00     1.0 28.80 999.00  0.20 999.0  6.10   4.30     6 99.00 99.00
2012 08 17 12 00     1.0 28.80 999.00  0.20 999.0  6.20   4.40     6 99.00 99.00
2012 08 17 13 00     1.0 28.90 999.00  0.20 999.0  6.50   6.00     5 99.00 99.00
2012 08 17 14 00     1.0 29.00 999.00  0.20 999.0  6.60   4.60     5 99.00 99.00
2012 08 17 15 00     1.0 29.20 999.00  0.20 999.0  7.00   6.30     4 99.00 99.00
2012 08 17 16 00     1.0 29.50 999.00  0.20 999.0  7.20   5.60     3 99.00 99.00
2012 08 17 17 00     1.0 29.60 999.00  0.20 999.0  7.00   3.90     4 99.00 99.00
2012 08 17 18 00     1.0 29.80 999.00  0.20 999.0  7.50   5.90     4 99.00 99.00
2012 08 17 19 00     1.0 29.90 999.00  0.20 999.0  7.60   5.80     3 99.00 99.00
2012 08 17 20 00     1.0 29.80 999.00  0.20 999.0  7.80   6.30     4 99.00 99.00
2012 08 17 21 00     1.0 29.70 999.00  0.20 999.0  7.20   4.90     3 99.00 99.00
2012 08 17 22 00     1.0 29.50 999.00  0.20 999.0  6.70   3.90     4 99.00 99.00
2012 08 17 23 00     1.0 29.40 999.00  0.20 999.0  6.60   3.80     4 99.00 99.00
2012 08 18 00 00     1.0 29.30 999.00  0.20 999.0  6.40   3.90     4 99.00 99.00
2012 08 18 01 00     1.0 29.30 999.00  0.20 999.0  6.60   4.10     4 99.00 99.00
2012 08 18 02 00     1.0 29.40 999.00  0.20 999.0  6.50   4.40     4 99.00 99.00
2012 08 18 03 00     1.0 29.50 999.00  0.20 999.0  6.50   4.80     4 99.00 99.00
2012 08 18 04 00     1.0 29.50 999.00  0.20 999.0  6.30   4.00     3 99.00 99.00
2012 08 18 05 00     1.0 29.60 999.00  0.20 999.0  6.30   3.80     3 99.00 99.00
2012 08 18 06 00     1.0 29.50 999.00  0.20 999.0  6.50   4.90     4 99.00 99.00
2012 08 18 07 00     1.0 29.40 999.00  0.20 999.0  6.10   3.50     3 99.00 99.00
2012 08 18 08 00     1.0 29.40 999.00  0.20 999.0  5.90   3.20     4 99.00 99.00
2012 08 18 09 00     1.0 29.30 999.00  0.20 999.0  5.90   3.20     5 99.00 99.00
2012 08 18 10 00     1.0 29.30 999.00  0.20 999.0  5.90   3.30     5 99.00 99.00
2012 08 18 11 00     1.0 29.20 999.00  0.20 999.0  6.00   3.30     5 99.00 99.00
2012 08 18 12 00     1.0 29.00 999.00  0.20 999.0  6.00   3.20     5 99.00 99.00
2012 08 18 13 00     1.0 29.00 999.00  0.20 999.0  6.00   2.90     4 99.00 99.00
2012 08 18 14 00     1.0 29.10 999.00  0.20 999.0  6.20   3.10     4 99.00 99.00
2012 08 18 15 00     1.0 29.40 999.00  0.20 999.0  6.20   3.50     5 99.00 99.00
2012 08 18 16 00     1.0 29.60 999.00  0.20 999.0  6.40   4.30     3 99.00 99.00
2012 08 18 17 00     1.0 29.60 999.00  0.20 999.0  6.50   4.10     4 99.00 99.00
2012 08 18 18 00     1.0 29.80 999.00  0.20 999.0  7.20   4.90     3 99.00 99.00
2012 08 18 19 00     1.0 29.90 999.00  0.20 999.0  7.40   4.60     3 99.00 99.00
2012 08 18 20 00     1.0 29.90 999.00  0.20 999.0  7.40   4.50     3 99.00 99.00
2012 08 18 21 00     1.0 29.80 999.00  0.20 999.0  7.00   4.00     3 99.00 99.00
2012 08 18 22 00     1.0 29.60 999.00  0.20 999.0  6.80   3.50     3 99.00 99.00
2012 08 18 23 00     1.0 29.40 999.00  0.20 999.0  6.80   3.90     4 99.00 99.00
2012 08 19 00 00     1.0 29.40 999.00  0.20 999.0  7.00   4.90     4 99.00 99.00
2012 08 19 01 00     1.0 29.40 999.00  0.20 999.0  6.90   4.80     6 99.00 99.00
2012 08 19 02 00     1.0 29.30 999.00  0.20 999.0  6.90   5.00     5 99.00 99.00
2012 08 19 03 00     1.0 29.20 999.00  0.20 999.0  6.90   5.50     5 99.00 99.00
2012 08 19 04 00     1.0 29.10 999.00  0.20 999.0  6.80   5.40     5 99.00 99.00
2012 08 19 05 00     1.0 29.20 999.00  0.20 999.0  7.00   4.80     5 99.00 99.00
2012 08 19 06 00     1.0 29.20 999.00  0.20 999.0  6.50   4.20     5 99.00 99.00
2012 08 19 07 00     1.0 29.20 999.00  0.20 999.0  6.70   4.70     4 99.00 99.00
2012 08 19 08 00     1.0 29.10 999.00  0.20 999.0  6.40   4.40     5 99.00 99.00
2012 08 19 09 00     1.0 29.10 999.00  0.20 999.0  6.20   4.20     5 99.00 99.00
2012 08 19 10 00     1.0 29.00 999.00  0.20 999.0  6.10   4.30     5 99.00 99.00
2012 08 19 11 00     1.0 28.90 999.00  0.20 999.0  6.20   4.10     6 99.00 99.00
2012 08 19 12 00     1.0 28.80 999.00  0.20 999.0  6.50   4.00     6 99.00 99.00
2012 08 19 13 00     1.0 28.50 999.00  0.20 999.0  6.40   3.90     5 99.00 99.00
2012 08 19 14 00     1.0 28.40 999.00  0.20 999.0  6.50   4.60     5 99.00 99.00
2012 08 19 15 00     1.0 28.50 999.00  0.20 999.0  6.70   4.60     4 99.00 99.00
2012 08 19 16 00     1.0 28.50 999.00  0.20 999.0  6.70   4.80     5 99.00 99.00
2012 08 19 17 00     1.0 28.70 999.00  0.20 999.0  6.70   5.60     4 99.00 99.00
2012 08 19 18 00     1.0 28.70 999.00  0.20 999.0  6.60   5.80     4 99.00 99.00
2012 08 19 19 00     1.0 28.80 999.00  0.20 999.0  6.50   5.70     4 99.00 99.00
2012 08 19 20 00     1.0 28.90 999.00  0.20 999.0  6.20   4.30     4 99.00 99.00
2012 08 19 21 00     1.0 28.90 999.00  0.20 999.0  5.90   3.50     5 99.00 99.00
2012 08 19 22 00     1.0 28.80 999.00  0.20 999.0  5.70   3.50     5 99.00 99.00
2012 08 19 23 00     1.0 28.80 999.00  0.20 999.0  5.70   3.60     5 99.00 99.00
2012 08 20 00 00     1.0 28.70 999.00  0.20 999.0  5.90   4.00     5 99.00 99.00
2012 08 20 01 00     1.0 28.50 999.00  0.20 999.0  6.40   5.60     6 99.00 99.00
2012 08 20 02 00     1.0 28.30 999.00  0.20 999.0  6.50   6.60     6 99.00 99.00
2012 08 20 03 00     1.0 28.20 999.00  0.20 999.0  6.60   8.10     6 99.00 99.00
2012 08 20 04 00     1.0 28.10 999.00  0.20 999.0  6.70   8.40     5 99.00 99.00
2012 08 20 05 00     1.0 28.40 999.00  0.20 999.0  5.80   3.60     5 99.00 99.00
2012 08 20 06 00     1.0 28.50 999.00  0.20 999.0  5.90   3.90     5 99.00 99.00
2012 08 20 07 00     1.0 28.50 999.00  0.20 999.0  5.90   4.10     5 99.00 99.00
2012 08 20 08 00     1.0 28.50 999.00  0.20 999.0  6.00   3.90     5 99.00 99.00
2012 08 20 09 00     1.0 28.50 999.00  0.20 999.0  6.10   4.30     4 99.00 99.00
2012 08 20 10 00     1.0 28.50 999.00  0.20 999.0  5.90   3.80     6 99.00 99.00
2012 08 20 11 00     1.0 28.50 999.00  0.20 999.0  5.60   3.70     6 99.00 99.00
2012 08 20 12 00     1.0 28.40 999.00  0.20 999.0  5.90   3.70     6 99.00 99.00
2012 08 20 13 00     1.0 28.20 999.00  0.20 999.0  6.00   4.00     6 99.00 99.00
2012 08 20 14 00     1.0 28.10 999.00  0.20 999.0  6.00   4.00     6 99.00 99.00
2012 08 20 15 00     1.0 28.00 999.00  0.20 999.0  5.80   4.80     5 99.00 99.00
2012 08 20 16 00     1.0 28.20 999.00  0.20 999.0  6.30   5.20     4 99.00 99.00
2012 08 20 17 00     1.0 28.60 999.00  0.20 999.0  6.30   5.80     5 99.00 99.00
2012 08 20 18 00     1.0 28.70 999.00  0.20 999.0  6.10   4.60     6 99.00 99.00
2012 08 20 19 00     1.0 29.00 999.00  0.20 999.0  6.30   5.00     5 99.00 99.00
2012 08 20 20 00     1.0 29.30 999.00  0.20 999.0  6.60   5.20     5 99.00 99.00
2012 08 20 23 00     1.0 29.00 999.00  0.20 999.0  6.40   3.80     4 99.00 99.00
2012 08 21 00 00     1.0 28.50 999.00  0.20 999.0  5.90   2.80     6 99.00 99.00
2012 08 21 01 00     1.0 28.40 999.00  0.20 999.0  5.90   3.00     6 99.00 99.00
2012 08 21 02 00     1.0 28.40 999.00  0.20 999.0  6.10   3.80     6 99.00 99.00
2012 08 21 03 00     1.0 28.30 999.00  0.20 999.0  6.10   4.00     6 99.00 99.00
2012 08 21 04 00     1.0 28.20 999.00  0.20 999.0  6.10   4.20     6 99.00 99.00
2012 08 21 05 00     1.0 28.20 999.00  0.20 999.0  6.20   3.90     5 99.00 99.00
2012 08 21 06 00     1.0 28.20 999.00  0.20 999.0  6.00   3.50     6 99.00 99.00
2012 08 21 07 00     1.0 28.20 999.00  0.20 999.0  6.00   3.30     6 99.00 99.00
2012 08 21 08 00     1.0 28.20 999.00  0.20 999.0  5.90   2.80     5 99.00 99.00
2012 08 21 09 00     1.0 28.20 999.00  0.20 999.0  5.90   3.10     7 99.00 99.00
2012 08 21 10 00     1.0 28.10 999.00  0.20 999.0  5.70   2.80     7 99.00 99.00
2012 08 21 11 00     1.0 28.10 999.00  0.20 999.0  5.70   2.80     6 99.00 99.00
2012 08 21 12 00     1.0 28.00 999.00  0.20 999.0  5.50   2.80     7 99.00 99.00
2012 08 21 13 00     1.0 28.00 999.00  0.20 999.0  5.70   2.70     7 99.00 99.00
2012 08 21 14 00     1.0 27.90 999.00  0.20 999.0  5.90   3.00     6 99.00 99.00
2012 08 21 15 00     1.0 27.90 999.00  0.20 999.0  6.00   3.10     6 99.00 99.00
2012 08 21 16 00     1.0 28.00 999.00  0.20 999.0  6.30   3.80     5 99.00 99.00
2012 08 21 17 00     1.0 28.60 999.00  0.20 999.0  6.30   4.40     4 99.00 99.00
2012 08 21 18 00     1.0 28.70 999.00  0.20 999.0  6.40   4.50     4 99.00 99.00
2012 08 21 19 00     1.0 28.90 999.00  0.20 999.0  6.60   5.50     4 99.00 99.00
2012 08 21 20 00     1.0 28.60 999.00  0.20 999.0  6.30   3.50     6 99.00 99.00
2012 08 21 21 00     1.0 28.90 999.00  0.20 999.0  7.00   4.80     3 99.00 99.00
2012 08 21 22 00     1.0 28.50 999.00  0.20 999.0  7.50   5.90     3 99.00 99.00
2012 08 21 23 00     1.0 28.40 999.00  0.20 999.0  7.80   6.10     4 99.00 99.00
2012 08 22 00 00     1.0 28.20 999.00  0.20 999.0  8.20   9.70     4 99.00 99.00
2012 08 22 01 00     1.0 28.00 999.00  0.20 999.0  7.50   7.90     5 99.00 99.00
2012 08 22 02 00     1.0 27.90 999.00  0.20 999.0  6.80   5.70     6 99.00 99.00
2012 08 22 03 00     1.0 27.80 999.00  0.20 999.0  6.30   4.60     6 99.00 99.00
2012 08 22 04 00     1.0 27.70 999.00  0.20 999.0  6.20   5.00     6 99.00 99.00
2012 08 22 05 00     1.0 27.80 999.00  0.20 999.0  6.40   6.00     6 99.00 99.00
2012 08 22 06 00     1.0 27.80 999.00  0.20 999.0  6.60   6.60     5 99.00 99.00
2012 08 22 07 00     1.0 27.80 999.00  0.20 999.0  6.70   6.90     5 99.00 99.00
2012 08 22 08 00     1.0 27.80 999.00  0.20 999.0  7.00   7.50     5 99.00 99.00
2012 08 22 09 00     1.0 27.80 999.00  0.20 999.0  7.10   6.50     4 99.00 99.00
2012 08 22 10 00     1.0 27.80 999.00  0.20 999.0  7.00   4.30   106 99.00 99.00
2012 08 22 11 00     1.0 27.80 999.00  0.20 999.0  6.80   6.00     8 99.00 99.00
2012 08 22 12 00     1.0 27.80 999.00  0.20 999.0  6.90   5.40     6 99.00 99.00
2012 08 22 13 00     1.0 27.80 999.00  0.20 999.0  6.80   5.70     7 99.00 99.00
2012 08 22 14 00     1.0 27.90 999.00  0.20 999.0  7.10   6.70     6 99.00 99.00
2012 08 22 15 00     1.0 28.20 999.00  0.20 999.0  7.70   9.50     5 99.00 99.00
2012 08 22 16 00     1.0 28.60 999.00  0.20 999.0  8.30  10.10     4 99.00 99.00
2012 08 22 17 00     1.0 28.40 999.00  0.20 999.0  8.20   9.90     5 99.00 99.00
2012 08 22 18 00     1.0 28.40 999.00  0.20 999.0  8.50  12.80     5 99.00 99.00
2012 08 22 19 00     1.0 28.60 999.00  0.20 999.0  8.60  13.20     4 99.00 99.00
2012 08 22 20 00     1.0 28.80 999.00  0.20 999.0  8.80  12.00     4 99.00 99.00
2012 08 22 21 00     1.0 28.80 999.00  0.20 999.0  9.30   9.90     4 99.00 99.00
2012 08 22 22 00     1.0 28.80 999.00  0.20 999.0  8.90   8.40     4 99.00 99.00
2012 08 22 23 00     1.0 28.40 999.00  0.20 999.0  7.50   5.10     5 99.00 99.00
2012 08 23 00 00     1.0 28.40 999.00  0.20 999.0  7.20   5.80     5 99.00 99.00
2012 08 23 01 00     1.0 28.30 999.00  0.20 999.0  7.00   5.80     4 99.00 99.00
2012 08 23 02 00     1.0 28.20 999.00  0.20 999.0  6.80   5.30     5 99.00 99.00
2012 08 23 03 00     1.0 28.00 999.00  0.20 999.0  6.90   5.00     6 99.00 99.00
2012 08 23 04 00     1.0 27.80 999.00  0.20 999.0  6.80   4.40     7 99.00 99.00
2012 08 23 05 00     1.0 27.70 999.00  0.20 999.0  6.80   4.50     6 99.00 99.00
2012 08 23 06 00     1.0 27.70 999.00  0.20 999.0  6.80   5.30     6 99.00 99.00
2012 08 23 07 00     1.0 27.70 999.00  0.20 999.0  6.90   5.20     6 99.00 99.00
2012 08 23 08 00     1.0 27.80 999.00  0.20 999.0  6.80   4.90     5 99.00 99.00
2012 08 23 09 00     1.0 27.80 999.00  0.20 999.0  6.80   5.00     5 99.00 99.00
2012 08 23 10 00     1.0 27.90 999.00  0.20 999.0  6.70   4.90     5 99.00 99.00
2012 08 23 11 00     1.0 27.90 999.00  0.20 999.0  6.70   5.10     7 99.00 99.00
2012 08 23 12 00     1.0 27.90 999.00  0.20 999.0  6.50   4.60     6 99.00 99.00
2012 08 23 13 00     1.0 28.00 999.00  0.20 999.0  6.60   4.80     6 99.00 99.00
2012 08 23 14 00     1.0 28.10 999.00  0.20 999.0  6.70   6.10     4 99.00 99.00
2012 08 23 15 00     1.0 28.50 999.00  0.20 999.0  6.90   8.20     4 99.00 99.00
2012 08 23 16 00     1.0 29.20 999.00  0.20 999.0  7.60  11.90     4 99.00 99.00
2012 08 23 17 00     1.0 28.70 999.00  0.20 999.0  8.10   9.80     4 99.00 99.00
2012 08 23 18 00     1.0 28.80 999.00  0.20 999.0  8.30  11.20     4 99.00 99.00
2012 08 23 19 00     1.0 28.90 999.00  0.20 999.0  8.20   9.20     5 99.00 99.00
2012 08 23 20 00     1.0 28.80 999.00  0.20 999.0  8.50  10.30     4 99.00 99.00
2012 08 23 21 00     1.0 28.70 999.00  0.20 999.0  8.50   9.10     4 99.00 99.00
2012 08 23 22 00     1.0 29.10 999.00  0.20 999.0  9.50  11.10     4 99.00 99.00
2012 08 23 23 00     1.0 29.10 999.00  0.20 999.0  9.80  12.00     3 99.00 99.00
2012 08 24 00 00     1.0 28.90 999.00  0.20 999.0  9.20  11.70     3 99.00 99.00
2012 08 24 01 00     1.0 28.70 999.00  0.20 999.0  8.20   8.10     4 99.00 99.00
2012 08 24 02 00     1.0 28.50 999.00  0.20 999.0  7.60   7.20     4 99.00 99.00
2012 08 24 03 00     1.0 28.20 999.00  0.20 999.0  7.20   6.10     5 99.00 99.00
2012 08 24 05 00     1.0 28.00 999.00  0.20 999.0  7.10   7.00     6 99.00 99.00
2012 08 24 06 00     1.0 28.00 999.00  0.20 999.0  6.90   6.80     6 99.00 99.00
2012 08 24 07 00     1.0 28.00 999.00  0.20 999.0  6.80   6.70     6 99.00 99.00
2012 08 24 08 00     1.0 28.00 999.00  0.20 999.0  6.90   7.00     6 99.00 99.00
2012 08 24 09 00     1.0 28.00 999.00  0.20 999.0  6.90   6.50     6 99.00 99.00
2012 08 24 10 00     1.0 28.00 999.00  0.20 999.0  7.00   6.40     5 99.00 99.00
2012 08 24 11 00     1.0 28.10 999.00  0.20 999.0  7.00   6.50     5 99.00 99.00
2012 08 24 12 00     1.0 28.10 999.00  0.20 999.0  6.80   5.70     5 99.00 99.00
2012 08 24 13 00     1.0 28.20 999.00  0.20 999.0  6.80   6.90     4 99.00 99.00
2012 08 24 14 00     1.0 28.40 999.00  0.20 999.0  7.20   8.00     3 99.00 99.00
2012 08 24 15 00     1.0 28.50 999.00  0.20 999.0  7.30   8.00     4 99.00 99.00
2012 08 24 16 00     1.0 28.60 999.00  0.20 999.0  7.50   6.90     4 99.00 99.00
2012 08 24 17 00     1.0 29.20 999.00  0.20 999.0  8.50   9.70     3 99.00 99.00
2012 08 24 18 00     1.0 29.30 999.00  0.20 999.0  8.40   8.30     4 99.00 99.00
2012 08 24 19 00     1.0 29.10 999.00  0.20 999.0  8.00   7.50     4 99.00 99.00
2012 08 24 20 00     1.0 28.90 999.00  0.20 999.0  8.00   8.50     4 99.00 99.00
2012 08 24 21 00     1.0 28.90 999.00  0.20 999.0  8.10   8.20     4 99.00 99.00
2012 08 24 22 00     1.0 29.20 999.00  0.20 999.0  9.30   9.10     4 99.00 99.00
2012 08 24 23 00     1.0 29.10 999.00  0.20 999.0  9.10   9.00     4 99.00 99.00
2012 08 25 00 00     1.0 28.70 999.00  0.20 999.0  7.90   7.40     4 99.00 99.00
2012 08 25 01 00     1.0 28.50 999.00  0.20 999.0  7.30   6.00     4 99.00 99.00
2012 08 25 02 00     1.0 28.50 999.00  0.20 999.0  7.20   6.50     4 99.00 99.00
2012 08 25 03 00     1.0 28.40 999.00  0.20 999.0  6.80   6.00     4 99.00 99.00
2012 08 25 04 00     1.0 28.20 999.00  0.20 999.0  6.60   4.50     4 99.00 99.00
2012 08 25 05 00     1.0 28.10 999.00  0.20 999.0  6.50   4.70     7 99.00 99.00
2012 08 25 06 00     1.0 27.90 999.00  0.20 999.0  6.40   5.10     7 99.00 99.00
2012 08 25 07 00     1.0 28.00 999.00  0.20 999.0  6.70   5.80     5 99.00 99.00
2012 08 25 08 00     1.0 28.00 999.00  0.20 999.0  6.60   5.30     4 99.00 99.00
2012 08 25 09 00     1.0 28.00 999.00  0.20 999.0  6.60   5.50     4 99.00 99.00
2012 08 25 10 00     1.0 28.00 999.00  0.20 999.0  6.80   5.70     5 99.00 99.00
2012 08 25 11 00     1.0 28.10 999.00  0.20 999.0  6.80   5.70     4 99.00 99.00
2012 08 25 12 00     1.0 28.10 999.00  0.20 999.0  6.40   4.90     6 99.00 99.00
2012 08 25 13 00     1.0 28.10 999.00  0.20 999.0  6.50   5.50     4 99.00 99.00
2012 08 25 14 00     1.0 28.20 999.00  0.20 999.0  6.40   6.10     4 99.00 99.00
2012 08 25 15 00     1.0 28.20 999.00  0.20 999.0  6.40   5.30     4 99.00 99.00
2012 08 25 16 00     1.0 28.20 999.00  0.20 999.0  6.50   5.60     4 99.00 99.00
2012 08 25 17 00     1.0 28.30 999.00  0.20 999.0  6.60   6.20     4 99.00 99.00
2012 08 25 18 00     1.0 28.10 999.00  0.20 999.0  6.70   6.70     6 99.00 99.00
2012 08 25 19 00     1.0 28.10 999.00  0.20 999.0  6.80   6.10     7 99.00 99.00
2012 08 25 20 00     1.0 28.10 999.00  0.20 999.0  7.00   6.80     7 99.00 99.00
2012 08 25 21 00     1.0 28.00 999.00  0.20 999.0  7.10   7.30     6 99.00 99.00
2012 08 25 22 00     1.0 28.20 999.00  0.20 999.0  7.00   7.80     5 99.00 99.00
2012 08 25 23 00     1.0 28.20 999.00  0.20 999.0  6.90   6.90     5 99.00 99.00
2012 08 26 00 00     1.0 28.10 999.00  0.20 999.0  6.80   7.10     6 99.00 99.00
2012 08 26 01 00     1.0 28.10 999.00  0.20 999.0  6.80   6.30     7 99.00 99.00
2012 08 26 02 00     1.0 28.00 999.00  0.20 999.0  6.70   6.50     6 99.00 99.00
2012 08 26 03 00     1.0 28.00 999.00  0.20 999.0  6.90   7.10     6 99.00 99.00
2012 08 26 04 00     1.0 27.90 999.00  0.20 999.0  6.90   7.00     6 99.00 99.00
2012 08 26 05 00     1.0 27.90 999.00  0.20 999.0  6.70   5.80     7 99.00 99.00
2012 08 26 06 00     1.0 27.60 999.00  0.20 999.0  6.40   4.70     7 99.00 99.00
2012 08 26 07 00     1.0 27.40 999.00  0.20 999.0  6.60   5.70     7 99.00 99.00
2012 08 26 08 00     1.0 27.30 999.00  0.20 999.0  6.50   5.80     7 99.00 99.00
2012 08 26 09 00     1.0 27.20 999.00  0.20 999.0  6.50   6.40     6 99.00 99.00
2012 08 26 10 00     1.0 27.40 999.00  0.20 999.0  6.50   5.80     5 99.00 99.00
2012 08 26 11 00     1.0 27.40 999.00  0.20 999.0  6.40   5.70     5 99.00 99.00
2012 08 26 12 00     1.0 27.50 999.00  0.20 999.0  6.50   5.20     5 99.00 99.00
2012 08 26 13 00     1.0 27.50 999.00  0.20 999.0  6.70   6.10     4 99.00 99.00
2012 08 26 14 00     1.0 27.70 999.00  0.20 999.0  6.50   5.70     4 99.00 99.00
2012 08 26 15 00     1.0 27.80 999.00  0.20 999.0  6.50   5.20     4 99.00 99.00
2012 08 26 16 00     1.0 27.90 999.00  0.20 999.0  6.40   5.00     4 99.00 99.00
2012 08 26 17 00     1.0 28.00 999.00  0.20 999.0  6.40   4.80     4 99.00 99.00
2012 08 26 18 00     1.0 28.10 999.00  0.20 999.0  6.70   5.90     4 99.00 99.00
2012 08 26 19 00     1.0 28.00 999.00  0.20 999.0  7.00   7.00     5 99.00 99.00
2012 08 26 20 00     1.0 27.70 999.00  0.20 999.0  7.50   8.40     7 99.00 99.00
2012 08 26 21 00     1.0 27.60 999.00  0.20 999.0  7.50   9.20     6 99.00 99.00
2012 08 26 22 00     1.0 27.80 999.00  0.20 999.0  7.40   8.70     5 99.00 99.00
2012 08 26 23 00     1.0 27.70 999.00  0.20 999.0  7.10   8.70     5 99.00 99.00
2012 08 27 00 00     1.0 27.80 999.00  0.20 999.0  6.50   5.20     4 99.00 99.00
2012 08 27 01 00     1.0 27.80 999.00  0.20 999.0  6.50   5.30     4 99.00 99.00
2012 08 27 02 00     1.0 27.70 999.00  0.20 999.0  6.40   5.40     4 99.00 99.00
2012 08 27 03 00     1.0 27.70 999.00  0.20 999.0  6.30   5.60     5 99.00 99.00
2012 08 27 04 00     1.0 27.60 999.00  0.20 999.0  6.30   6.10     5 99.00 99.00
2012 08 27 05 00     1.0 27.60 999.00  0.20 999.0  6.40   6.00     5 99.00 99.00
2012 08 27 06 00     1.0 27.60 999.00  0.20 999.0  6.20   5.00     5 99.00 99.00
2012 08 27 07 00     1.0 27.40 999.00  0.20 999.0  6.00   4.10     6 99.00 99.00
2012 08 27 08 00     1.0 27.30 999.00  0.20 999.0  6.20   4.50     6 99.00 99.00
2012 08 27 09 00     1.0 27.20 999.00  0.20 999.0  6.30   4.40     6 99.00 99.00
2012 08 27 10 00     1.0 27.20 999.00  0.20 999.0  6.30   5.20     6 99.00 99.00
2012 08 27 11 00     1.0 27.20 999.00  0.20 999.0  6.20   4.90     6 99.00 99.00
2012 08 27 12 00     1.0 27.30 999.00  0.20 999.0  6.20   4.90     5 99.00 99.00
2012 08 27 13 00     1.0 27.40 999.00  0.20 999.0  6.20   4.60     4 99.00 99.00
2012 08 27 14 00     1.0 27.70 999.00  0.20 999.0  6.90   8.30     4 99.00 99.00
2012 08 27 15 00     1.0 28.00 999.00  0.20 999.0  6.40   5.60     3 99.00 99.00
2012 08 27 16 00     1.0 28.10 999.00  0.20 999.0  6.40   4.80     3 99.00 99.00
2012 08 27 17 00     1.0 28.10 999.00  0.20 999.0  6.40   4.30     4 99.00 99.00
2012 08 27 18 00     1.0 28.20 999.00  0.20 999.0  6.70   4.70     4 99.00 99.00
2012 08 27 19 00     1.0 28.10 999.00  0.20 999.0  6.70   4.70     4 99.00 99.00
2012 08 27 20 00     1.0 28.00 999.00  0.20 999.0  7.00   5.60     4 99.00 99.00
2012 08 27 21 00     1.0 28.30 999.00  0.20 999.0  7.60   7.70     5 99.00 99.00
2012 08 27 22 00     1.0 28.30 999.00  0.20 999.0  8.00  10.00     5 99.00 99.00
2012 08 27 23 00     1.0 28.20 999.00  0.20 999.0  7.80  10.20     5 99.00 99.00
2012 08 28 00 00     1.0 28.00 999.00  0.20 999.0  7.00   8.40     4 99.00 99.00
2012 08 28 01 00     1.0 28.00 999.00  0.20 999.0  6.90   7.10     4 99.00 99.00
2012 08 28 02 00     1.0 27.90 999.00  0.20 999.0  7.20   7.60     4 99.00 99.00
2012 08 28 03 00     1.0 27.80 999.00  0.20 999.0  6.90   6.90     4 99.00 99.00
2012 08 28 04 00     1.0 27.70 999.00  0.20 999.0  6.70   5.90     4 99.00 99.00
2012 08 28 05 00     1.0 27.60 999.00  0.20 999.0  6.70   6.00     4 99.00 99.00
2012 08 28 06 00     1.0 27.60 999.00  0.20 999.0  6.60   5.60     4 99.00 99.00
2012 08 28 07 00     1.0 27.40 999.00  0.20 999.0  6.40   4.60     4 99.00 99.00
2012 08 28 08 00     1.0 27.30 999.00  0.20 999.0  6.30   4.60     6 99.00 99.00
2012 08 28 09 00     1.0 27.30 999.00  0.20 999.0  6.40   5.20     6 99.00 99.00
2012 08 28 10 00     1.0 27.40 999.00  0.20 999.0  6.50   5.90     6 99.00 99.00
2012 08 28 11 00     1.0 27.40 999.00  0.20 999.0  6.50   6.00     7 99.00 99.00
2012 08 28 12 00     1.0 27.40 999.00  0.20 999.0  6.40   5.50     6 99.00 99.00
2012 08 28 13 00     1.0 27.40 999.00  0.20 999.0  6.60   4.50     4 99.00 99.00
2012 08 28 14 00     1.0 27.50 999.00  0.20 999.0  6.80   5.30     3 99.00 99.00
2012 08 28 15 00     1.0 27.70 999.00  0.20 999.0  7.00   6.90     3 99.00 99.00
2012 08 28 16 00     1.0 27.80 999.00  0.20 999.0  7.30   7.20     3 99.00 99.00
2012 08 28 17 00     1.0 27.90 999.00  0.20 999.0  7.30   6.80     4 99.00 99.00
2012 08 28 18 00     1.0 27.90 999.00  0.20 999.0  7.20   7.00     4 99.00 99.00
2012 08 28 19 00     1.0 28.00 999.00  0.20 999.0  7.60   9.00     4 99.00 99.00
2012 08 28 20 00     1.0 28.40 999.00  0.20 999.0  8.90  16.10     4 99.00 99.00
2012 08 28 21 00     1.0 28.50 999.00  0.20 999.0  8.60  11.70     4 99.00 99.00
2012 08 28 22 00     1.0 28.40 999.00  0.20 999.0  8.90  13.50     4 99.00 99.00
2012 08 28 23 00     1.0 28.30 999.00  0.20 999.0  8.50  10.90     4 99.00 99.00
2012 08 29 00 00     1.0 28.10 999.00  0.20 999.0  7.80  10.50     4 99.00 99.00
2012 08 29 01 00     1.0 28.10 999.00  0.20 999.0  8.00  10.70     4 99.00 99.00
2012 08 29 02 00     1.0 28.10 999.00  0.20 999.0  7.40   8.10     4 99.00 99.00
2012 08 29 03 00     1.0 28.10 999.00  0.20 999.0  7.60   8.80     4 99.00 99.00
2012 08 29 04 00     1.0 28.00 999.00  0.20 999.0  7.60   9.70     4 99.00 99.00
2012 08 29 05 00     1.0 28.00 999.00  0.20 999.0  7.50   9.20     4 99.00 99.00
2012 08 29 06 00     1.0 28.00 999.00  0.20 999.0  7.40   8.70     4 99.00 99.00
2012 08 29 07 00     1.0 27.90 999.00  0.20 999.0  7.20   8.60     5 99.00 99.00
2012 08 29 08 00     1.0 27.80 999.00  0.20 999.0  7.10   8.40     6 99.00 99.00
2012 08 29 09 00     1.0 27.70 999.00  0.20 999.0  7.00   8.20     6 99.00 99.00
2012 08 29 10 00     1.0 27.60 999.00  0.20 999.0  6.80   7.90     7 99.00 99.00
2012 08 29 11 00     1.0 27.50 999.00  0.20 999.0  6.70   7.40     7 99.00 99.00
2012 08 29 12 00     1.0 27.50 999.00  0.20 999.0  6.90   6.80     6 99.00 99.00
2012 08 29 13 00     1.0 27.70 999.00  0.20 999.0  7.10   7.30     6 99.00 99.00
2012 08 29 14 00     1.0 27.70 999.00  0.20 999.0  7.30   7.60     5 99.00 99.00
2012 08 29 15 00     1.0 27.90 999.00  0.20 999.0  7.60   8.90     4 99.00 99.00
2012 08 29 16 00     1.0 28.00 999.00  0.20 999.0  7.60   9.10     4 99.00 99.00
2012 08 29 17 00     1.0 28.40 999.00  0.20 999.0  8.80   6.80     3 99.00 99.00
2012 08 29 18 00     1.0 28.60 999.00  0.20 999.0  8.30   4.30     3 99.00 99.00
2012 08 29 19 00     1.0 28.30 999.00  0.20 999.0  8.30   5.20     3 99.00 99.00
2012 08 29 20 00     1.0 28.70 999.00  0.20 999.0  8.70   6.20     3 99.00 99.00
2012 08 29 21 00     1.0 28.50 999.00  0.20 999.0  8.50   6.40     3 99.00 99.00
2012 08 29 22 00     1.0 28.60 999.00  0.20 999.0  8.50   6.80     3 99.00 99.00
2012 08 29 23 00     1.0 28.60 999.00  0.20 999.0  8.60   7.50     3 99.00 99.00
2012 08 30 00 00     1.0 28.40 999.00  0.20 999.0  8.60   8.40     3 99.00 99.00
2012 08 30 01 00     1.0 28.30 999.00  0.20 999.0  8.50   8.10     4 99.00 99.00
2012 08 30 02 00     1.0 28.20 999.00  0.20 999.0  8.50   7.20     3 99.00 99.00
2012 08 30 03 00     1.0 28.20 999.00  0.20 999.0  8.50   7.20     3 99.00 99.00
2012 08 30 04 00     1.0 28.10 999.00  0.20 999.0  8.40   7.00     4 99.00 99.00
2012 08 30 06 00     1.0 28.00 999.00  0.20 999.0  8.10   6.80     4 99.00 99.00
2012 08 30 07 00     1.0 28.00 999.00  0.20 999.0  7.90   6.30     4 99.00 99.00
2012 08 30 08 00     1.0 27.90 999.00  0.20 999.0  7.70   6.10     4 99.00 99.00
2012 08 30 09 00     1.0 27.90 999.00  0.20 999.0  7.90   6.20     5 99.00 99.00
2012 08 30 10 00     1.0 27.60 999.00  0.20 999.0  8.00   6.90     6 99.00 99.00
2012 08 30 11 00     1.0 27.50 999.00  0.20 999.0  7.80   6.80     6 99.00 99.00
2012 08 30 12 00     1.0 27.50 999.00  0.20 999.0  7.70   6.70     5 99.00 99.00
2012 08 30 13 00     1.0 27.50 999.00  0.20 999.0  7.90   5.80     5 99.00 99.00
2012 08 30 14 00     1.0 27.70 999.00  0.20 999.0  8.10   5.80     4 99.00 99.00
2012 08 30 15 00     1.0 28.00 999.00  0.20 999.0  8.40   5.60     4 99.00 99.00
2012 08 30 16 00     1.0 28.30 999.00  0.20 999.0  8.50   5.60     4 99.00 99.00
2012 08 30 17 00     1.0 28.70 999.00  0.20 999.0  8.90   6.80     4 99.00 99.00
2012 08 30 18 00     1.0 28.70 999.00  0.20 999.0  9.10   6.30     3 99.00 99.00
2012 08 30 19 00     1.0 28.70 999.00  0.20 999.0  9.10   6.40     3 99.00 99.00
2012 08 30 20 00     1.0 28.60 999.00  0.20 999.0  8.70   6.00     3 99.00 99.00
2012 08 30 21 00     1.0 28.50 999.00  0.20 999.0  8.90   5.80     3 99.00 99.00
2012 08 30 22 00     1.0 28.40 999.00  0.20 999.0  9.00   5.40     3 99.00 99.00
2012 08 31 00 00     1.0 28.00 999.00  0.20 999.0  8.50   7.30     5 99.00 99.00
2012 08 31 01 00     1.0 28.10 999.00  0.20 999.0  9.10   8.30     5 99.00 99.00
2012 08 31 02 00     1.0 28.00 999.00  0.20 999.0  8.60   7.50     4 99.00 99.00
2012 08 31 03 00     1.0 28.10 999.00  0.20 999.0  9.20   7.40     4 99.00 99.00
2012 08 31 05 00     1.0 28.00 999.00  0.20 999.0  8.30   5.90     3 99.00 99.00
2012 08 31 06 00     1.0 27.90 999.00  0.20 999.0  8.20   5.60     3 99.00 99.00
2012 08 31 07 00     1.0 27.90 999.00  0.20 999.0  8.00   5.40     3 99.00 99.00
2012 08 31 08 00     1.0 27.90 999.00  0.20 999.0  8.10   5.70     2 99.00 99.00
2012 08 31 09 00     1.0 27.80 999.00  0.20 999.0  7.80   5.10     2 99.00 99.00
2012 08 31 10 00     1.0 27.70 999.00  0.20 999.0  7.70   4.90     2 99.00 99.00
2012 08 31 11 00     1.0 27.60 999.00  0.20 999.0  7.30   4.30     4 99.00 99.00
2012 08 31 12 00     1.0 27.50 999.00  0.20 999.0  7.00   4.10     5 99.00 99.00
2012 08 31 13 00     1.0 27.50 999.00  0.20 999.0  7.30   4.80     4 99.00 99.00
2012 08 31 14 00     1.0 28.00 999.00  0.20 999.0  8.20   5.00     4 99.00 99.00
2012 08 31 15 00     1.0 28.40 999.00  0.20 999.0  8.50   7.60     4 99.00 99.00
2012 08 31 16 00     1.0 28.40 999.00  0.20 999.0  8.60   7.10     3 99.00 99.00
2012 08 31 17 00     1.0 28.90 999.00  0.20 999.0  8.60   6.80     2 99.00 99.00
2012 08 31 18 00     1.0 29.00 999.00  0.20 999.0  8.60   4.60     2 99.00 99.00
2012 08 31 19 00     1.0 28.90 999.00  0.20 999.0  9.20   6.00     2 99.00 99.00
2012 08 31 20 00     1.0 28.40 999.00  0.20 999.0  8.60   5.50     3 99.00 99.00
2012 08 31 21 00     1.0 28.50 999.00  0.20 999.0  9.00   7.30     3 99.00 99.00
2012 08 31 22 00     1.0 28.70 999.00  0.20 999.0  9.70   8.20     3 99.00 99.00
2012 08 31 23 00     1.0 28.50 999.00  0.20 999.0  9.20   6.80     3 99.00 99.00
2012 09 01 00 00     1.0 28.70 999.00  0.20 999.0  9.90   8.80     2 99.00 99.00
2012 09 01 01 00     1.0 28.60 999.00  0.20 999.0  9.30   8.10     3 99.00 99.00
2012 09 01 02 00     1.0 28.60 999.00  0.20 999.0  9.40   7.90     3 99.00 99.00
2012 09 01 03 00     1.0 28.40 999.00  0.20 999.0  9.00   7.10     3 99.00 99.00
2012 09 01 04 00     1.0 28.30 999.00  0.20 999.0  8.70   7.00     3 99.00 99.00
2012 09 01 05 00     1.0 28.20 999.00  0.20 999.0  8.40   7.10     3 99.00 99.00
2012 09 01 06 00     1.0 28.10 999.00  0.20 999.0  8.20   7.20     3 99.00 99.00
2012 09 01 07 00     1.0 28.20 999.00  0.20 999.0  8.60   6.60     2 99.00 99.00
2012 09 01 08 00     1.0 28.20 999.00  0.20 999.0  8.60   6.70     3 99.00 99.00
2012 09 01 09 00     1.0 28.10 999.00  0.20 999.0  8.40   6.40     2 99.00 99.00
2012 09 01 10 00     1.0 28.10 999.00  0.20 999.0  8.00   5.90     2 99.00 99.00
2012 09 01 11 00     1.0 28.00 999.00  0.20 999.0  8.10   5.80     3 99.00 99.00
2012 09 01 12 00     1.0 28.00 999.00  0.20 999.0  8.20   5.90     4 99.00 99.00
2012 09 01 13 00     1.0 28.00 999.00  0.20 999.0  8.40   5.60     4 99.00 99.00
2012 09 01 14 00     1.0 28.10 999.00  0.20 999.0  8.30   6.20     4 99.00 99.00
2012 09 01 15 00     1.0 28.20 999.00  0.20 999.0  8.60   7.00     4 99.00 99.00
2012 09 01 16 00     1.0 28.40 999.00  0.20 999.0  8.70   5.70     4 99.00 99.00
2012 09 01 17 00     1.0 28.50 999.00  0.20 999.0  9.00   7.60     3 99.00 99.00
2012 09 01 18 00     1.0 28.50 999.00  0.20 999.0  9.20   6.90     2 99.00 99.00
2012 09 01 19 00     1.0 28.60 999.00  0.20 999.0  9.40   8.20     2 99.00 99.00
2012 09 01 20 00     1.0 28.50 999.00  0.20 999.0  9.10   6.60     2 99.00 99.00
2012 09 01 21 00     1.0 28.50 999.00  0.20 999.0  9.00   6.00     2 99.00 99.00
2012 09 01 22 00     1.0 28.60 999.00  0.20 999.0  9.60   7.50     2 99.00 99.00
2012 09 01 23 00     1.0 28.60 999.00  0.20 999.0  9.70   9.50     2 99.00 99.00
2012 09 02 00 00     1.0 28.60 999.00  0.20 999.0  9.20   8.80     3 99.00 99.00
2012 09 02 01 00     1.0 28.40 999.00  0.20 999.0  8.50   8.70     6 99.00 99.00
2012 09 02 02 00     1.0 28.30 999.00  0.20 999.0  8.10   7.30     5 99.00 99.00
2012 09 02 03 00     1.0 28.40 999.00  0.20 999.0  8.20   7.30     5 99.00 99.00
2012 09 02 05 00     1.0 28.40 999.00  0.20 999.0  8.50   7.30     4 99.00 99.00
2012 09 02 06 00     1.0 28.30 999.00  0.20 999.0  8.30   7.30     4 99.00 99.00
2012 09 02 08 00     1.0 28.20 999.00  0.20 999.0  8.40   6.90     2 99.00 99.00
2012 09 02 09 00     1.0 28.20 999.00  0.20 999.0  8.30   6.60     3 99.00 99.00
2012 09 02 10 00     1.0 28.20 999.00  0.20 999.0  8.10   6.30     3 99.00 99.00
2012 09 02 11 00     1.0 28.10 999.00  0.20 999.0  8.00   6.50     3 99.00 99.00
2012 09 02 13 00     1.0 27.90 999.00  0.20 999.0  7.80   6.00     5 99.00 99.00
2012 09 02 15 00     1.0 28.00 999.00  0.20 999.0  7.90   8.10     5 99.00 99.00
2012 09 02 16 00     1.0 28.10 999.00  0.20 999.0  8.30   8.60     4 99.00 99.00
2012 09 02 18 00     1.0 28.10 999.00  0.20 999.0  8.30   7.40     3 99.00 99.00
2012 09 02 19 00     1.0 28.10 999.00  0.20 999.0  8.20   6.90     4 99.00 99.00
2012 09 02 20 00     1.0 28.10 999.00  0.20 999.0  8.30   7.40     4 99.00 99.00
2012 09 02 21 00     1.0 28.10 999.00  0.20 999.0  7.80   4.90     3 99.00 99.00
2012 09 02 22 00     1.0 28.00 999.00  0.20 999.0  7.80   5.60     3 99.00 99.00
2012 09 02 23 00     1.0 28.00 999.00  0.20 999.0  7.70   5.80     3 99.00 99.00
2012 09 03 00 00     1.0 27.80 999.00  0.20 999.0  7.20   5.50     6 99.00 99.00
2012 09 03 01 00     1.0 27.80 999.00  0.20 999.0  7.50   6.40     6 99.00 99.00
2012 09 03 03 00     1.0 27.80 999.00  0.20 999.0  8.00  10.00     6 99.00 99.00
2012 09 03 07 00     1.0 27.70 999.00  0.20 999.0  7.20   6.10     5 99.00 99.00
2012 09 03 08 00     1.0 27.80 999.00  0.20 999.0  6.90   5.00     3 99.00 99.00
2012 09 03 09 00     1.0 27.80 999.00  0.20 999.0  6.90   4.70     3 99.00 99.00
2012 09 03 10 00     1.0 27.80 999.00  0.20 999.0  7.00   5.60     3 99.00 99.00
2012 09 03 11 00     1.0 27.70 999.00  0.20 999.0  7.00   5.60     3 99.00 99.00
2012 09 03 13 00     1.0 27.60 999.00  0.20 999.0  6.30   4.10     5 99.00 99.00
2012 09 03 14 00     1.0 27.60 999.00  0.20 999.0  6.60   4.40     5 99.00 99.00
2012 09 03 15 00     1.0 27.50 999.00  0.20 999.0  6.70   5.70     5 99.00 99.00
2012 09 03 17 00     1.0 27.50 999.00  0.20 999.0  6.70   4.60     5 99.00 99.00
2012 09 03 18 00     1.0 27.60 999.00  0.20 999.0  6.90   5.90     4 99.00 99.00
2012 09 03 19 00     1.0 27.70 999.00  0.20 999.0  7.10   5.90     3 99.00 99.00
2012 09 03 21 00     1.0 27.80 999.00  0.20 999.0  7.40   5.60     3 99.00 99.00
2012 09 03 22 00     1.0 27.80 999.00  0.20 999.0  7.00   4.10     3 99.00 99.00
2012 09 03 23 00     1.0 27.70 999.00  0.20 999.0  6.90   4.20     3 99.00 99.00
2012 09 04 01 00     1.0 27.60 999.00  0.20 999.0  6.90   4.70     5 99.00 99.00
2012 09 04 03 00     1.0 27.50 999.00  0.20 999.0  6.80   5.00     5 99.00 99.00
2012 09 04 04 00     1.0 27.50 999.00  0.20 999.0  6.60   4.90     4 99.00 99.00
2012 09 04 05 00     1.0 27.50 999.00  0.20 999.0  6.60   4.80     4 99.00 99.00
2012 09 04 06 00     1.0 27.50 999.00  0.20 999.0  6.90   5.40     4 99.00 99.00
2012 09 04 07 00     1.0 27.60 999.00  0.20 999.0  7.00   5.40     4 99.00 99.00
2012 09 04 08 00     1.0 27.60 999.00  0.20 999.0  6.50   3.60     3 99.00 99.00
2012 09 04 09 00     1.0 27.50 999.00  0.20 999.0  6.40   3.80     3 99.00 99.00
2012 09 04 10 00     1.0 27.50 999.00  0.20 999.0  6.20   3.90     3 99.00 99.00
2012 09 04 11 00     1.0 27.50 999.00  0.20 999.0  6.10   4.10     4 99.00 99.00
2012 09 04 12 00     1.0 27.50 999.00  0.20 999.0  6.00   4.20     4 99.00 99.00
2012 09 04 13 00     1.0 27.50 999.00  0.20 999.0  6.30   3.90     4 99.00 99.00
2012 09 04 14 00     1.0 27.60 999.00  0.20 999.0  6.40   3.40     3 99.00 99.00
2012 09 04 15 00     1.0 27.70 999.00  0.20 999.0  6.70   3.60     4 99.00 99.00
2012 09 04 16 00     1.0 27.80 999.00  0.20 999.0  7.10   4.50     4 99.00 99.00
2012 09 04 17 00     1.0 27.80 999.00  0.20 999.0  7.30   4.70     4 99.00 99.00
2012 09 04 18 00     1.0 27.90 999.00  0.20 999.0  7.00   4.10     4 99.00 99.00
2012 09 04 19 00     1.0 27.90 999.00  0.20 999.0  6.90   3.90     3 99.00 99.00
2012 09 04 20 00     1.0 28.00 999.00  0.20 999.0  7.00   4.50     3 99.00 99.00
2012 09 04 21 00     1.0 27.90 999.00  0.20 999.0  7.00   4.50     3 99.00 99.00
2012 09 04 22 00     1.0 27.80 999.00  0.20 999.0  7.00   3.80     3 99.00 99.00
2012 09 04 23 00     1.0 27.80 999.00  0.20 999.0  6.90   3.90     3 99.00 99.00
2012 09 05 00 00     1.0 27.70 999.00  0.20 999.0  6.80   3.70     4 99.00 99.00
2012 09 05 01 00     1.0 27.70 999.00  0.20 999.0  7.00   4.50     3 99.00 99.00
2012 09 05 02 00     1.0 27.60 999.00  0.20 999.0  6.70   3.50     4 99.00 99.00
2012 09 05 03 00     1.0 27.50 999.00  0.20 999.0  6.50   3.10     5 99.00 99.00
2012 09 05 04 00     1.0 27.50 999.00  0.20 999.0  6.50   3.00     5 99.00 99.00
2012 09 05 06 00     1.0 27.50 999.00  0.20 999.0  6.60   3.70     5 99.00 99.00
2012 09 05 07 00     1.0 27.60 999.00  0.20 999.0  6.70   4.00     4 99.00 99.00
2012 09 05 08 00     1.0 27.50 999.00  0.20 999.0  6.70   3.80     4 99.00 99.00
2012 09 05 09 00     1.0 27.60 999.00  0.20 999.0  7.00   4.50     3 99.00 99.00
2012 09 05 10 00     1.0 27.70 999.00  0.20 999.0  6.90   4.60     3 99.00 99.00
2012 09 05 11 00     1.0 27.60 999.00  0.20 999.0  7.00   4.60     3 99.00 99.00
2012 09 05 12 00     1.0 27.60 999.00  0.20 999.0  7.00   4.50     4 99.00 99.00
2012 09 05 13 00     1.0 27.70 999.00  0.20 999.0  7.00   4.30     4 99.00 99.00
2012 09 05 15 00     1.0 27.70 999.00  0.20 999.0  7.30   4.30     4 99.00 99.00
2012 09 05 17 00     1.0 27.90 999.00  0.20 999.0  7.90   7.20     3 99.00 99.00
2012 09 05 18 00     1.0 28.30 999.00  0.20 999.0  8.60   9.90     3 99.00 99.00
2012 09 05 19 00     1.0 28.00 999.00  0.20 999.0  8.00   7.40     4 99.00 99.00
2012 09 05 21 00     1.0 28.50 999.00  0.20 999.0  8.10   6.60     3 99.00 99.00
2012 09 05 22 00     1.0 28.50 999.00  0.20 999.0  8.00   6.20     3 99.00 99.00
2012 09 05 23 00     1.0 28.50 999.00  0.20 999.0  7.60   4.80     3 99.00 99.00
2012 09 06 00 00     1.0 28.50 999.00  0.20 999.0  7.40   4.90     3 99.00 99.00
2012 09 06 01 00     1.0 28.40 999.00  0.20 999.0  7.10   4.70     3 99.00 99.00
2012 09 06 02 00     1.0 28.40 999.00  0.20 999.0  6.70   4.40     3 99.00 99.00
2012 09 06 03 00     1.0 28.30 999.00  0.20 999.0  6.70   4.80     4 99.00 99.00
2012 09 06 07 00     1.0 28.10 999.00  0.20 999.0  6.90   4.60     4 99.00 99.00
2012 09 06 08 00     1.0 28.10 999.00  0.20 999.0  6.80   4.60     3 99.00 99.00
2012 09 06 09 00     1.0 28.10 999.00  0.20 999.0  6.80   4.70     4 99.00 99.00
2012 09 06 10 00     1.0 28.20 999.00  0.20 999.0  6.70   4.40     3 99.00 99.00
2012 09 06 11 00     1.0 28.10 999.00  0.20 999.0  6.50   3.70     4 99.00 99.00
2012 09 06 12 00     1.0 28.10 999.00  0.20 999.0  6.50   3.70     4 99.00 99.00
2012 09 06 13 00     1.0 28.10 999.00  0.20 999.0  6.30   3.40     5 99.00 99.00
2012 09 06 14 00     1.0 28.10 999.00  0.20 999.0  6.20   3.70     4 99.00 99.00
2012 09 06 15 00     1.0 28.10 999.00  0.20 999.0  6.40   3.50     5 99.00 99.00
2012 09 06 17 00     1.0 27.90 999.00  0.20 999.0  6.70   4.90     5 99.00 99.00
2012 09 06 18 00     1.0 27.90 999.00  0.20 999.0  6.60   4.70     4 99.00 99.00
2012 09 06 19 00     1.0 28.20 999.00  0.20 999.0  7.00   6.50     4 99.00 99.00
2012 09 06 20 00     1.0 28.40 999.00  0.20 999.0  6.80   4.60     4 99.00 99.00
2012 09 06 21 00     1.0 28.60 999.00  0.20 999.0  7.30   5.70     3 99.00 99.00
2012 09 06 22 00     1.0 28.30 999.00  0.20 999.0  6.70   4.00     4 99.00 99.00
2012 09 06 23 00     1.0 28.20 999.00  0.20 999.0  6.40   3.30     4 99.00 99.00
2012 09 07 00 00     1.0 28.10 999.00  0.20 999.0  6.40   3.80     4 99.00 99.00
2012 09 07 01 00     1.0 28.10 999.00  0.20 999.0  6.30   3.30     4 99.00 99.00
2012 09 07 02 00     1.0 28.00 999.00  0.20 999.0  6.30   3.50     4 99.00 99.00
2012 09 07 03 00     1.0 27.90 999.00  0.20 999.0  6.50   4.00     5 99.00 99.00
2012 09 07 06 00     1.0 27.80 999.00  0.20 999.0  6.60   4.80     4 99.00 99.00
2012 09 07 07 00     1.0 27.80 999.00  0.20 999.0  6.50   4.60     4 99.00 99.00
2012 09 07 08 00     1.0 27.90 999.00  0.20 999.0  6.60   4.70     4 99.00 99.00
2012 09 07 09 00     1.0 27.90 999.00  0.20 999.0  6.50   4.40     4 99.00 99.00
2012 09 07 10 00     1.0 27.80 999.00  0.20 999.0  6.40   4.10     4 99.00 99.00
2012 09 07 12 00     1.0 27.80 999.00  0.20 999.0  6.30   3.20     3 99.00 99.00
2012 09 07 13 00     1.0 27.90 999.00  0.20 999.0  6.10   2.60     3 99.00 99.00
2012 09 07 14 00     1.0 28.10 999.00  0.20 999.0  6.00   2.50     3 99.00 99.00
2012 09 07 15 00     1.0 28.30 999.00  0.20 999.0  6.30   2.40     3 99.00 99.00
2012 09 07 16 00     1.0 28.60 999.00  0.20 999.0  7.20   3.60     3 99.00 99.00
2012 09 07 17 00     1.0 28.80 999.00  0.20 999.0  7.10   3.50     3 99.00 99.00
2012 09 07 18 00     1.0 29.10 999.00  0.20 999.0  7.10   3.50     3 99.00 99.00
2012 09 07 19 00     1.0 28.90 999.00  0.20 999.0  7.10   3.50     3 99.00 99.00
2012 09 07 20 00     1.0 29.00 999.00  0.20 999.0  7.20   3.60     3 99.00 99.00
2012 09 07 21 00     1.0 28.60 999.00  0.20 999.0  6.80   3.50     3 99.00 99.00
2012 09 07 22 00     1.0 28.40 999.00  0.20 999.0  6.60   3.30     3 99.00 99.00
2012 09 07 23 00     1.0 28.20 999.00  0.20 999.0  6.20   3.30     3 99.00 99.00
2012 09 08 00 00     1.0 28.10 999.00  0.20 999.0  6.00   3.50     3 99.00 99.00
2012 09 08 01 00     1.0 28.00 999.00  0.20 999.0  5.90   3.30     3 99.00 99.00
2012 09 08 02 00     1.0 27.90 999.00  0.20 999.0  5.70   2.80     3 99.00 99.00
2012 09 08 04 00     1.0 27.70 999.00  0.20 999.0  5.70   2.50     4 99.00 99.00
2012 09 08 05 00     1.0 27.50 999.00  0.20 999.0  6.10   2.90     5 99.00 99.00
2012 09 08 06 00     1.0 27.40 999.00  0.20 999.0  6.30   3.00     5 99.00 99.00
2012 09 08 07 00     1.0 27.50 999.00  0.20 999.0  6.40   3.10     5 99.00 99.00
2012 09 08 08 00     1.0 27.50 999.00  0.20 999.0  6.30   3.10     5 99.00 99.00
2012 09 08 09 00     1.0 27.50 999.00  0.20 999.0  6.20   3.00     4 99.00 99.00
2012 09 08 10 00     1.0 27.60 999.00  0.20 999.0  5.80   2.60     5 99.00 99.00
2012 09 08 11 00     1.0 27.70 999.00  0.20 999.0  5.90   2.70     4 99.00 99.00
2012 09 08 12 00     1.0 27.70 999.00  0.20 999.0  5.70   2.50     5 99.00 99.00
2012 09 08 13 00     1.0 27.70 999.00  0.20 999.0  5.60   2.30     6 99.00 99.00
2012 09 08 14 00     1.0 27.70 999.00  0.20 999.0  6.00   2.40     5 99.00 99.00
2012 09 08 15 00     1.0 27.70 999.00  0.20 999.0  6.10   2.40     5 99.00 99.00
2012 09 08 17 00     1.0 27.80 999.00  0.20 999.0  6.20   2.50     6 99.00 99.00
2012 09 08 18 00     1.0 27.90 999.00  0.20 999.0  6.30   2.60     6 99.00 99.00
2012 09 08 19 00     1.0 28.00 999.00  0.20 999.0  6.30   2.80     6 99.00 99.00
2012 09 08 20 00     1.0 28.00 999.00  0.20 999.0  6.50   3.20     6 99.00 99.00
2012 09 08 21 00     1.0 27.80 999.00  0.20 999.0  6.50   3.40     6 99.00 99.00
2012 09 08 22 00     1.0 27.80 999.00  0.20 999.0  6.40   3.60     6 99.00 99.00
2012 09 08 23 00     1.0 27.80 999.00  0.20 999.0  6.40   3.90     6 99.00 99.00
2012 09 09 00 00     1.0 27.70 999.00  0.20 999.0  6.30   3.60     6 99.00 99.00
2012 09 09 01 00     1.0 27.70 999.00  0.20 999.0  6.20   3.40     4 99.00 99.00
2012 09 09 02 00     1.0 27.70 999.00  0.20 999.0  6.30   3.80     4 99.00 99.00
2012 09 09 03 00     1.0 27.60 999.00  0.20 999.0  6.20   3.90     4 99.00 99.00
2012 09 09 04 00     1.0 27.60 999.00  0.20 999.0  6.10   3.90     4 99.00 99.00
2012 09 09 05 00     1.0 27.50 999.00  0.20 999.0  6.30   3.50     4 99.00 99.00
2012 09 09 06 00     1.0 27.40 999.00  0.20 999.0  6.20   3.60     4 99.00 99.00
2012 09 09 08 00     1.0 27.50 999.00  0.20 999.0  6.50   3.90     4 99.00 99.00
2012 09 09 09 00     1.0 27.40 999.00  0.20 999.0  6.50   3.90     5 99.00 99.00
2012 09 09 10 00     1.0 27.40 999.00  0.20 999.0  6.40   3.60     5 99.00 99.00
2012 09 09 11 00     1.0 27.20 999.00  0.20 999.0  6.80   4.70     6 99.00 99.00
2012 09 09 13 00     1.0 27.30 999.00  0.20 999.0  6.80   4.00     5 99.00 99.00
2012 09 09 14 00     1.0 27.30 999.00  0.20 999.0  6.90   4.10     5 99.00 99.00
2012 09 09 15 00     1.0 27.50 999.00  0.20 999.0  6.90   4.10     5 99.00 99.00
2012 09 09 16 00     1.0 27.60 999.00  0.20 999.0  7.00   4.00     5 99.00 99.00
2012 09 09 17 00     1.0 27.80 999.00  0.20 999.0  7.10   3.80     4 99.00 99.00
2012 09 09 18 00     1.0 27.90 999.00  0.20 999.0  7.70   5.30     3 99.00 99.00
2012 09 09 19 00     1.0 27.90 999.00  0.20 999.0  8.10   6.50     3 99.00 99.00
2012 09 09 20 00     1.0 28.10 999.00  0.20 999.0  8.60   7.90     3 99.00 99.00
2012 09 09 21 00     1.0 27.90 999.00  0.20 999.0  8.90   8.30     4 99.00 99.00
2012 09 09 22 00     1.0 27.60 999.00  0.20 999.0  8.50   6.40     4 99.00 99.00
2012 09 09 23 00     1.0 27.40 999.00  0.20 999.0  8.20   7.60     4 99.00 99.00
2012 09 10 00 00     1.0 27.60 999.00  0.20 999.0  8.40   8.90     4 99.00 99.00
2012 09 10 01 00     1.0 27.60 999.00  0.20 999.0  8.30   8.70     4 99.00 99.00
2012 09 10 02 00     1.0 27.60 999.00  0.20 999.0  8.00   7.80     3 99.00 99.00
2012 09 10 05 00     1.0 27.20 999.00  0.20 999.0  7.60   5.90     4 99.00 99.00
2012 09 10 07 00     1.0 26.90 999.00  0.20 999.0  7.70   6.30     4 99.00 99.00
2012 09 10 08 00     1.0 26.90 999.00  0.20 999.0  7.70   6.50     4 99.00 99.00
2012 09 10 09 00     1.0 26.90 999.00  0.20 999.0  7.70   6.40     4 99.00 99.00
2012 09 10 10 00     1.0 26.80 999.00  0.20 999.0  7.50   5.40     4 99.00 99.00
2012 09 10 11 00     1.0 26.80 999.00  0.20 999.0  7.50   5.20     4 99.00 99.00
2012 09 10 12 00     1.0 26.70 999.00  0.20 999.0  7.50   4.80     4 99.00 99.00
2012 09 10 15 00     1.0 26.80 999.00  0.20 999.0  7.70   5.20     6 99.00 99.00
2012 09 10 16 00     1.0 26.80 999.00  0.20 999.0  7.80   5.30     5 99.00 99.00
2012 09 10 17 00     1.0 26.90 999.00  0.20 999.0  7.80   5.10     5 99.00 99.00
2012 09 10 18 00     1.0 27.00 999.00  0.20 999.0  7.90   5.30     4 99.00 99.00
2012 09 10 19 00     1.0 27.00 999.00  0.20 999.0  8.20   5.90     5 99.00 99.00
2012 09 10 21 00     1.0 26.90 999.00  0.20 999.0  8.40   6.90     5 99.00 99.00
2012 09 10 22 00     1.0 26.80 999.00  0.20 999.0  8.30   6.80     4 99.00 99.00
2012 09 10 23 00     1.0 26.70 999.00  0.20 999.0  7.80   5.20     5 99.00 99.00
2012 09 11 00 00     1.0 26.60 999.00  0.20 999.0  7.40   4.80     5 99.00 99.00
2012 09 11 01 00     1.0 26.50 999.00  0.20 999.0  7.40   4.70     4 99.00 99.00
2012 09 11 02 00     1.0 26.50 999.00  0.20 999.0  7.40   4.90     4 99.00 99.00
2012 09 11 05 00     1.0 26.30 999.00  0.20 999.0  7.30   4.90     4 99.00 99.00
2012 09 11 10 00     1.0 25.50 999.00  0.20 999.0  7.30   4.80     4 99.00 99.00
2012 09 11 11 00     1.0 25.50 999.00  0.20 999.0  7.40   4.40     4 99.00 99.00
2012 09 11 12 00     1.0 25.60 999.00  0.20 999.0  7.50   3.70     4 99.00 99.00
2012 09 11 13 00     1.0 25.60 999.00  0.20 999.0  7.60   4.30     4 99.00 99.00
2012 09 11 14 00     1.0 25.80 999.00  0.20 999.0  7.60   4.50     3 99.00 99.00
2012 09 11 15 00     1.0 25.90 999.00  0.20 999.0  7.80   4.90     3 99.00 99.00
2012 09 11 16 00     1.0 26.40 999.00  0.20 999.0  7.90   4.60     3 99.00 99.00
2012 09 11 17 00     1.0 26.50 999.00  0.20 999.0  8.00   4.10     3 99.00 99.00
2012 09 11 18 00     1.0 26.60 999.00  0.20 999.0  8.00   4.10     3 99.00 99.00
2012 09 11 20 00     1.0 26.70 999.00  0.20 999.0  8.30   5.30     3 99.00 99.00
2012 09 11 21 00     1.0 26.70 999.00  0.20 999.0  8.60   5.90     3 99.00 99.00
2012 09 11 22 00     1.0 26.40 999.00  0.20 999.0  8.30   5.60     3 99.00 99.00
2012 09 11 23 00     1.0 26.20 999.00  0.20 999.0  8.00   5.00     4 99.00 99.00
2012 09 12 00 00     1.0 26.20 999.00  0.20 999.0  7.80   4.70     3 99.00 99.00
2012 09 12 01 00     1.0 26.00 999.00  0.20 999.0  7.30   3.60     3 99.00 99.00
2012 09 12 02 00     1.0 25.90 999.00  0.20 999.0  7.50   4.30     4 99.00 99.00
2012 09 12 03 00     1.0 25.90 999.00  0.20 999.0  7.70   4.90     3 99.00 99.00
2012 09 12 04 00     1.0 25.90 999.00  0.20 999.0  7.40   4.50     4 99.00 99.00
2012 09 12 05 00     1.0 25.80 999.00  0.20 999.0  7.50   5.30     4 99.00 99.00
2012 09 12 06 00     1.0 25.80 999.00  0.20 999.0  7.60   5.30     4 99.00 99.00
2012 09 12 07 00     1.0 25.70 999.00  0.20 999.0  7.60   5.10     4 99.00 99.00
2012 09 12 08 00     1.0 25.40 999.00  0.20 999.0  7.50   5.60     5 99.00 99.00
2012 09 12 09 00     1.0 25.40 999.00  0.20 999.0  7.40   5.50     5 99.00 99.00
2012 09 12 10 00     1.0 25.30 999.00  0.20 999.0  6.90   4.10     5 99.00 99.00
2012 09 12 11 00     1.0 25.30 999.00  0.20 999.0  7.10   4.40     5 99.00 99.00
2012 09 12 12 00     1.0 25.40 999.00  0.20 999.0  7.80   5.30     4 99.00 99.00
2012 09 12 13 00     1.0 25.60 999.00  0.20 999.0  7.80   5.10     4 99.00 99.00
2012 09 12 14 00     1.0 25.80 999.00  0.20 999.0  7.70   5.20     3 99.00 99.00
2012 09 12 15 00     1.0 26.00 999.00  0.20 999.0  7.90   4.30     3 99.00 99.00
2012 09 12 16 00     1.0 26.20 999.00  0.20 999.0  8.80   6.00     3 99.00 99.00
2012 09 12 17 00     1.0 26.30 999.00  0.20 999.0  8.50   5.80     3 99.00 99.00
2012 09 12 18 00     1.0 26.30 999.00  0.20 999.0  8.20   5.10     3 99.00 99.00
2012 09 12 19 00     1.0 26.60 999.00  0.20 999.0  8.60   6.30     3 99.00 99.00
2012 09 12 20 00     1.0 26.90 999.00  0.20 999.0  9.30   6.40     2 99.00 99.00
2012 09 12 21 00     1.0 26.80 999.00  0.20 999.0  9.80   7.10     3 99.00 99.00
2012 09 12 22 00     1.0 26.80 999.00  0.20 999.0 10.30   8.40     3 99.00 99.00
2012 09 12 23 00     1.0 26.50 999.00  0.20 999.0  9.70   7.90     3 99.00 99.00
2012 09 13 00 00     1.0 26.10 999.00  0.20 999.0  8.80   7.70     3 99.00 99.00
2012 09 13 01 00     1.0 25.90 999.00  0.20 999.0  8.10   5.70     3 99.00 99.00
2012 09 13 02 00     1.0 25.80 999.00  0.20 999.0  8.00   5.40     3 99.00 99.00
2012 09 13 03 00     1.0 25.70 999.00  0.20 999.0  7.60   3.80     4 99.00 99.00
2012 09 13 04 00     1.0 25.70 999.00  0.20 999.0  7.60   3.80     4 99.00 99.00
2012 09 13 05 00     1.0 25.70 999.00  0.20 999.0  7.60   4.10     3 99.00 99.00
2012 09 13 06 00     1.0 25.60 999.00  0.20 999.0  7.40   4.20     4 99.00 99.00
2012 09 13 07 00     1.0 25.60 999.00  0.20 999.0  7.50   4.20     4 99.00 99.00
2012 09 13 08 00     1.0 25.60 999.00  0.20 999.0  7.50   4.20     4 99.00 99.00
2012 09 13 09 00     1.0 25.40 999.00  0.20 999.0  7.30   3.90     4 99.00 99.00
2012 09 13 10 00     1.0 25.20 999.00  0.20 999.0  7.20   4.00     5 99.00 99.00
2012 09 13 11 00     1.0 25.10 999.00  0.20 999.0  7.20   4.20     5 99.00 99.00
2012 09 13 12 00     1.0 25.10 999.00  0.20 999.0  7.30   4.50     5 99.00 99.00
2012 09 13 13 00     1.0 25.20 999.00  0.20 999.0  7.50   4.30     4 99.00 99.00
2012 09 13 14 00     1.0 25.60 999.00  0.20 999.0  8.20   5.80     3 99.00 99.00
2012 09 13 15 00     1.0 25.80 999.00  0.20 999.0  8.20   5.80     3 99.00 99.00
2012 09 13 16 00     1.0 26.00 999.00  0.20 999.0  8.50   6.60     3 99.00 99.00
2012 09 13 17 00     1.0 26.40 999.00  0.20 999.0  8.60   5.70     3 99.00 99.00
2012 09 13 19 00     1.0 26.50 999.00  0.20 999.0  9.50   8.60     3 99.00 99.00
2012 09 13 20 00     1.0 26.90 999.00  0.20 999.0 10.10   8.90     3 99.00 99.00
2012 09 13 21 00     1.0 26.90 999.00  0.20 999.0 10.20   7.90     3 99.00 99.00
2012 09 13 22 00     1.0 26.90 999.00  0.20 999.0 10.50   8.30     3 99.00 99.00
2012 09 13 23 00     1.0 26.60 999.00  0.20 999.0 10.70   9.50     3 99.00 99.00
2012 09 14 00 00     1.0 26.20 999.00  0.20 999.0 10.20   8.80     4 99.00 99.00
2012 09 14 01 00     1.0 25.70 999.00  0.20 999.0  7.30   3.30    10 99.00 99.00
2012 09 14 02 00     1.0 26.00 999.00  0.20 999.0  8.90   6.00     3 99.00 99.00
2012 09 14 03 00     1.0 25.90 999.00  0.20 999.0  8.40   6.00     4 99.00 99.00
2012 09 14 04 00     1.0 25.90 999.00  0.20 999.0  8.40   6.20     3 99.00 99.00
2012 09 14 05 00     1.0 25.80 999.00  0.20 999.0  8.20   5.70     3 99.00 99.00
2012 09 14 06 00     1.0 25.80 999.00  0.20 999.0  8.00   5.50     3 99.00 99.00
2012 09 14 07 00     1.0 25.70 999.00  0.20 999.0  7.80   6.00     3 99.00 99.00
2012 09 14 08 00     1.0 25.70 999.00  0.20 999.0  7.50   5.80     4 99.00 99.00
2012 09 14 09 00     1.0 25.60 999.00  0.20 999.0  7.60   5.20     4 99.00 99.00
2012 09 14 10 00     1.0 25.40 999.00  0.20 999.0  7.40   5.00     4 99.00 99.00
2012 09 14 11 00     1.0 25.30 999.00  0.20 999.0  7.30   5.00     5 99.00 99.00
2012 09 14 12 00     1.0 25.20 999.00  0.20 999.0  7.00   5.20     5 99.00 99.00
2012 09 14 13 00     1.0 25.30 999.00  0.20 999.0  7.50   5.50     4 99.00 99.00
2012 09 14 14 00     1.0 25.70 999.00  0.20 999.0  7.90   6.80     3 99.00 99.00
2012 09 14 15 00     1.0 26.00 999.00  0.20 999.0  8.10   6.90     4 99.00 99.00
2012 09 14 16 00     1.0 26.10 999.00  0.20 999.0  8.70   9.10     4 99.00 99.00
2012 09 14 17 00     1.0 26.10 999.00  0.20 999.0  8.70   7.50     4 99.00 99.00
2012 09 14 18 00     1.0 26.20 999.00  0.20 999.0  8.90   7.70     4 99.00 99.00
2012 09 14 19 00     1.0 26.20 999.00  0.20 999.0  9.00   8.20     3 99.00 99.00
2012 09 14 20 00     1.0 26.20 999.00  0.20 999.0  9.20   8.60     3 99.00 99.00
2012 09 14 21 00     1.0 26.10 999.00  0.20 999.0  9.30   7.70     3 99.00 99.00
2012 09 14 22 00     1.0 26.10 999.00  0.20 999.0  9.10   6.70     3 99.00 99.00
2012 09 14 23 00     1.0 26.00 999.00  0.20 999.0  8.90   7.60     5 99.00 99.00
2012 09 15 00 00     1.0 25.90 999.00  0.20 999.0  8.60   7.40     4 99.00 99.00
2012 09 15 01 00     1.0 25.90 999.00  0.20 999.0  8.60   7.80     4 99.00 99.00
2012 09 15 02 00     1.0 25.80 999.00  0.20 999.0  8.40   7.50     4 99.00 99.00
2012 09 15 03 00     1.0 25.90 999.00  0.20 999.0  8.60   7.30     4 99.00 99.00
2012 09 15 04 00     1.0 25.90 999.00  0.20 999.0  8.70   6.90     3 99.00 99.00
2012 09 15 05 00     1.0 25.80 999.00  0.20 999.0  8.40   6.10     3 99.00 99.00
2012 09 15 06 00     1.0 25.70 999.00  0.20 999.0  8.10   5.50     3 99.00 99.00
2012 09 15 07 00     1.0 25.70 999.00  0.20 999.0  8.00   5.50     3 99.00 99.00
2012 09 15 08 00     1.0 25.50 999.00  0.20 999.0  7.40   3.90     4 99.00 99.00
2012 09 15 09 00     1.0 25.50 999.00  0.20 999.0  7.40   3.50     4 99.00 99.00
2012 09 15 10 00     1.0 25.30 999.00  0.20 999.0  7.50   3.30     4 99.00 99.00
2012 09 15 11 00     1.0 25.30 999.00  0.20 999.0  7.70   3.80     4 99.00 99.00
2012 09 15 12 00     1.0 25.20 999.00  0.20 999.0  7.80   3.10     5 99.00 99.00
2012 09 15 13 00     1.0 25.20 999.00  0.20 999.0  7.80   3.60     4 99.00 99.00
2012 09 15 14 00     1.0 25.30 999.00  0.20 999.0  7.80   3.40     5 99.00 99.00
2012 09 15 15 00     1.0 25.20 999.00  0.20 999.0  7.70   3.60     5 99.00 99.00
2012 09 15 16 00     1.0 25.30 999.00  0.20 999.0  7.70   3.60     5 99.00 99.00
2012 09 15 17 00     1.0 25.40 999.00  0.20 999.0  7.90   4.00     4 99.00 99.00
2012 09 15 18 00     1.0 25.50 999.00  0.20 999.0  8.00   4.30     5 99.00 99.00
2012 09 15 19 00     1.0 25.50 999.00  0.20 999.0  8.00   4.60     5 99.00 99.00
2012 09 15 20 00     1.0 25.50 999.00  0.20 999.0  8.10   4.70     5 99.00 99.00
2012 09 15 21 00     1.0 25.50 999.00  0.20 999.0  8.40   5.20     5 99.00 99.00
2012 09 15 22 00     1.0 25.40 999.00  0.20 999.0  8.40   5.50     5 99.00 99.00
2012 09 15 23 00     1.0 25.30 999.00  0.20 999.0  8.40   5.90     5 99.00 99.00
2012 09 16 00 00     1.0 25.20 999.00  0.20 999.0  8.50   7.00     5 99.00 99.00
2012 09 16 01 00     1.0 25.10 999.00  0.20 999.0  8.00   7.50     6 99.00 99.00
2012 09 16 02 00     1.0 25.10 999.00  0.20 999.0  7.80   7.40     5 99.00 99.00
2012 09 16 03 00     1.0 25.10 999.00  0.20 999.0  8.00   7.30     5 99.00 99.00
2012 09 16 04 00     1.0 25.10 999.00  0.20 999.0  8.10   7.20     4 99.00 99.00
2012 09 16 05 00     1.0 25.10 999.00  0.20 999.0  8.10   7.00     4 99.00 99.00
2012 09 16 06 00     1.0 25.10 999.00  0.20 999.0  8.20   7.10     4 99.00 99.00
2012 09 16 07 00     1.0 25.00 999.00  0.20 999.0  8.20   7.30     4 99.00 99.00
2012 09 16 08 00     1.0 25.00 999.00  0.20 999.0  8.00   7.50     4 99.00 99.00
2012 09 16 09 00     1.0 24.90 999.00  0.20 999.0  8.00   7.40     4 99.00 99.00
2012 09 16 10 00     1.0 24.80 999.00  0.20 999.0  8.00   7.10     5 99.00 99.00
2012 09 16 11 00     1.0 24.60 999.00  0.20 999.0  7.90   6.80     5 99.00 99.00
2012 09 16 12 00     1.0 24.40 999.00  0.20 999.0  8.00   6.00     5 99.00 99.00
2012 09 16 13 00     1.0 24.30 999.00  0.20 999.0  7.90   5.70     5 99.00 99.00
2012 09 16 14 00     1.0 24.30 999.00  0.20 999.0  7.90   5.90     6 99.00 99.00
2012 09 16 15 00     1.0 24.60 999.00  0.20 999.0  8.30   6.50     4 99.00 99.00
2012 09 16 16 00     1.0 24.70 999.00  0.20 999.0  8.30   6.50     5 99.00 99.00
2012 09 16 17 00     1.0 24.80 999.00  0.20 999.0  8.70   7.80     4 99.00 99.00
2012 09 16 18 00     1.0 25.00 999.00  0.20 999.0  8.90   8.30     4 99.00 99.00
2012 09 16 19 00     1.0 24.90 999.00  0.20 999.0  8.60   7.60     4 99.00 99.00
2012 09 16 20 00     1.0 24.70 999.00  0.20 999.0  8.40   7.00     4 99.00 99.00
2012 09 16 21 00     1.0 24.70 999.00  0.20 999.0  8.30   6.70     4 99.00 99.00
2012 09 16 22 00     1.0 24.70 999.00  0.20 999.0  8.50   7.70     5 99.00 99.00
2012 09 16 23 00     1.0 24.60 999.00  0.20 999.0  8.60   7.90     5 99.00 99.00
2012 09 17 00 00     1.0 24.60 999.00  0.20 999.0  8.50  11.40     5 99.00 99.00
2012 09 17 01 00     1.0 24.60 999.00  0.20 999.0  8.40   9.30     5 99.00 99.00
2012 09 17 02 00     1.0 24.50 999.00  0.20 999.0  8.50  11.10     5 99.00 99.00
2012 09 17 03 00     1.0 24.50 999.00  0.20 999.0  8.60   9.70     5 99.00 99.00
2012 09 17 04 00     1.0 24.40 999.00  0.20 999.0  8.70  10.20     4 99.00 99.00
2012 09 17 05 00     1.0 24.40 999.00  0.20 999.0  8.50   9.90     4 99.00 99.00
2012 09 17 06 00     1.0 24.40 999.00  0.20 999.0  8.30   9.10     4 99.00 99.00
2012 09 17 07 00     1.0 24.40 999.00  0.20 999.0  8.30   9.50     4 99.00 99.00
2012 09 17 08 00     1.0 24.30 999.00  0.20 999.0  8.30   9.30     4 99.00 99.00
2012 09 17 09 00     1.0 24.30 999.00  0.20 999.0  8.20   8.80     4 99.00 99.00
2012 09 17 10 00     1.0 24.20 999.00  0.20 999.0  7.80   8.20     4 99.00 99.00
2012 09 17 11 00     1.0 24.20 999.00  0.20 999.0  8.00   8.50     5 99.00 99.00
2012 09 17 12 00     1.0 24.00 999.00  0.20 999.0  8.10   8.50     5 99.00 99.00
2012 09 17 13 00     1.0 23.90 999.00  0.20 999.0  8.10   8.70     5 99.00 99.00
2012 09 17 14 00     1.0 24.10 999.00  0.20 999.0  8.20   8.80     4 99.00 99.00
2012 09 17 15 00     1.0 24.40 999.00  0.20 999.0  8.40   9.00     4 99.00 99.00
2012 09 17 16 00     1.0 24.80 999.00  0.20 999.0  8.60   7.30     3 99.00 99.00
2012 09 17 17 00     1.0 25.10 999.00  0.20 999.0  9.50  10.20     4 99.00 99.00
2012 09 17 18 00     1.0 25.10 999.00  0.20 999.0 10.30  10.20     4 99.00 99.00
2012 09 17 19 00     1.0 25.60 999.00  0.20 999.0 10.30  10.90     4 99.00 99.00
2012 09 17 22 00     1.0 24.50 999.00  0.20 999.0  8.00   4.90     4 99.00 99.00
2012 09 17 23 00     1.0 24.30 999.00  0.20 999.0  7.50   3.90     4 99.00 99.00
2012 09 18 00 00     1.0 24.30 999.00  0.20 999.0  7.50   4.60     4 99.00 99.00
2012 09 18 01 00     1.0 24.20 999.00  0.20 999.0  7.70   4.80     6 99.00 99.00
2012 09 18 02 00     1.0 24.10 999.00  0.20 999.0  7.80   5.30     6 99.00 99.00
2012 09 18 03 00     1.0 24.10 999.00  0.20 999.0  8.10   6.30     6 99.00 99.00
2012 09 18 04 00     1.0 24.20 999.00  0.20 999.0  8.00   6.20     5 99.00 99.00
2012 09 18 07 00     1.0 24.10 999.00  0.20 999.0  7.50   3.80     4 99.00 99.00
2012 09 18 08 00     1.0 24.10 999.00  0.20 999.0  7.60   4.50     4 99.00 99.00
2012 09 18 09 00     1.0 24.00 999.00  0.20 999.0  7.80   5.30     4 99.00 99.00
2012 09 18 14 00     1.0 23.90 999.00  0.20 999.0  7.50   3.60     7 99.00 99.00
2012 09 18 15 00     1.0 23.60 999.00  0.20 999.0  7.70   4.10     7 99.00 99.00
2012 09 18 16 00     1.0 23.60 999.00  0.20 999.0  7.80   4.20     7 99.00 99.00
2012 09 18 17 00     1.0 23.90 999.00  0.20 999.0  7.60   3.80     9 99.00 99.00
2012 09 18 18 00     1.0 23.90 999.00  0.20 999.0  7.70   4.00     8 99.00 99.00
2012 09 18 19 00     1.0 23.90 999.00  0.20 999.0  7.60   3.80     9 99.00 99.00
2012 09 18 20 00     1.0 23.80 999.00  0.20 999.0  7.70   4.80     9 99.00 99.00
2012 09 18 21 00     1.0 23.70 999.00  0.20 999.0  7.80   5.30     8 99.00 99.00
2012 09 18 22 00     1.0 23.80 999.00  0.20 999.0  7.60   4.00     9 99.00 99.00
2012 09 18 23 00     1.0 23.80 999.00  0.20 999.0  7.70   4.20     8 99.00 99.00
2012 09 19 00 00     1.0 23.80 999.00  0.20 999.0  7.50   4.00     9 99.00 99.00
2012 09 19 01 00     1.0 23.80 999.00  0.20 999.0  7.60   4.30     6 99.00 99.00
2012 09 19 02 00     1.0 23.80 999.00  0.20 999.0  7.60   4.10     6 99.00 99.00
2012 09 19 04 00     1.0 23.70 999.00  0.20 999.0  7.60   4.30     6 99.00 99.00
2012 09 19 07 00     1.0 23.40 999.00  0.20 999.0  7.60   4.30     6 99.00 99.00
2012 09 19 08 00     1.0 23.40 999.00  0.20 999.0  7.60   4.20     6 99.00 99.00
2012 09 19 09 00     1.0 23.40 999.00  0.20 999.0  7.60   4.00     6 99.00 99.00
2012 09 19 10 00     1.0 23.40 999.00  0.20 999.0  7.60   4.00     6 99.00 99.00
2012 09 19 11 00     1.0 23.40 999.00  0.20 999.0  7.60   3.90     5 99.00 99.00
2012 09 19 12 00     1.0 23.40 999.00  0.20 999.0  7.50   3.50     6 99.00 99.00
2012 09 19 13 00     1.0 23.40 999.00  0.20 999.0  7.50   3.40     6 99.00 99.00
2012 09 19 14 00     1.0 23.40 999.00  0.20 999.0  7.70   3.50     6 99.00 99.00
2012 09 19 15 00     1.0 23.50 999.00  0.20 999.0  7.80   3.70     6 99.00 99.00
2012 09 19 16 00     1.0 23.60 999.00  0.20 999.0  7.90   3.90     4 99.00 99.00
2012 09 19 17 00     1.0 23.70 999.00  0.20 999.0  8.00   4.00     4 99.00 99.00
2012 09 19 18 00     1.0 23.80 999.00  0.20 999.0  7.90   3.70     4 99.00 99.00
2012 09 19 19 00     1.0 23.80 999.00  0.20 999.0  7.90   3.40     4 99.00 99.00
2012 09 19 20 00     1.0 23.80 999.00  0.20 999.0  7.70   3.20     4 99.00 99.00
2012 09 19 21 00     1.0 23.70 999.00  0.20 999.0  7.70   3.70     4 99.00 99.00
2012 09 19 22 00     1.0 23.70 999.00  0.20 999.0  7.80   4.00     6 99.00 99.00
2012 09 19 23 00     1.0 23.70 999.00  0.20 999.0  7.70   3.70     6 99.00 99.00
2012 09 20 00 00     1.0 23.70 999.00  0.20 999.0  7.50   4.00     6 99.00 99.00
2012 09 20 01 00     1.0 23.60 999.00  0.20 999.0  7.50   4.10     5 99.00 99.00
2012 09 20 02 00     1.0 23.60 999.00  0.20 999.0  7.60   4.20     4 99.00 99.00
2012 09 20 03 00     1.0 23.50 999.00  0.20 999.0  8.10   4.70     4 99.00 99.00
2012 09 20 04 00     1.0 23.50 999.00  0.20 999.0  7.90   5.10     5 99.00 99.00
2012 09 20 06 00     1.0 23.40 999.00  0.20 999.0  7.90   4.90     4 99.00 99.00
2012 09 20 07 00     1.0 23.50 999.00  0.20 999.0  7.90   5.10     4 99.00 99.00
2012 09 20 08 00     1.0 23.60 999.00  0.20 999.0  7.90   5.20     4 99.00 99.00
2012 09 20 09 00     1.0 23.60 999.00  0.20 999.0  7.90   5.20     4 99.00 99.00
2012 09 20 10 00     1.0 23.60 999.00  0.20 999.0  7.80   5.20     5 99.00 99.00
2012 09 20 11 00     1.0 23.60 999.00  0.20 999.0  7.80   5.40     4 99.00 99.00
2012 09 20 12 00     1.0 23.60 999.00  0.20 999.0  7.70   4.60     5 99.00 99.00
2012 09 20 13 00     1.0 23.60 999.00  0.20 999.0  7.90   4.80     4 99.00 99.00
2012 09 20 14 00     1.0 23.50 999.00  0.20 999.0  7.80   4.90     4 99.00 99.00
2012 09 20 15 00     1.0 23.50 999.00  0.20 999.0  8.10   4.90     4 99.00 99.00
2012 09 20 16 00     1.0 23.70 999.00  0.20 999.0  8.50   5.50     3 99.00 99.00
2012 09 20 17 00     1.0 24.20 999.00  0.20 999.0  8.70   6.40     3 99.00 99.00
2012 09 20 18 00     1.0 24.10 999.00  0.20 999.0  9.40   9.20     4 99.00 99.00
2012 09 20 19 00     1.0 24.70 999.00  0.20 999.0  9.80   8.80     3 99.00 99.00
2012 09 20 20 00     1.0 24.40 999.00  0.20 999.0  9.40   7.50     3 99.00 99.00
2012 09 20 21 00     1.0 24.40 999.00  0.20 999.0  9.20   7.40     4 99.00 99.00
2012 09 20 22 00     1.0 24.10 999.00  0.20 999.0  8.60   6.00     4 99.00 99.00
2012 09 20 23 00     1.0 23.90 999.00  0.20 999.0  7.90   5.80     4 99.00 99.00
2012 09 21 00 00     1.0 23.70 999.00  0.20 999.0  8.20   7.30     6 99.00 99.00
2012 09 21 01 00     1.0 23.60 999.00  0.20 999.0  7.90   6.90     5 99.00 99.00
2012 09 21 02 00     1.0 23.60 999.00  0.20 999.0  7.90   6.70     5 99.00 99.00
2012 09 21 03 00     1.0 23.50 999.00  0.20 999.0  7.80   6.50     4 99.00 99.00
2012 09 21 04 00     1.0 23.40 999.00  0.20 999.0  7.70   7.40     4 99.00 99.00
2012 09 21 06 00     1.0 23.30 999.00  0.20 999.0  7.30   7.60     4 99.00 99.00
2012 09 21 07 00     1.0 23.30 999.00  0.20 999.0  7.70   7.50     4 99.00 99.00
2012 09 21 08 00     1.0 23.30 999.00  0.20 999.0  7.80   7.50     4 99.00 99.00
2012 09 21 09 00     1.0 23.30 999.00  0.20 999.0  7.70   7.30     4 99.00 99.00
2012 09 21 10 00     1.0 23.30 999.00  0.20 999.0  7.70   7.60     4 99.00 99.00
2012 09 21 11 00     1.0 23.30 999.00  0.20 999.0  7.70   7.90     5 99.00 99.00
2012 09 21 12 00     1.0 23.30 999.00  0.20 999.0  7.90   7.10     5 99.00 99.00
2012 09 21 13 00     1.0 23.40 999.00  0.20 999.0  7.90   7.50     4 99.00 99.00
2012 09 21 14 00     1.0 23.50 999.00  0.20 999.0  8.30   9.30     4 99.00 99.00
2012 09 21 15 00     1.0 23.70 999.00  0.20 999.0  8.60  10.10     4 99.00 99.00
2012 09 21 16 00     1.0 24.10 999.00  0.20 999.0  8.50   6.70     3 99.00 99.00
2012 09 21 17 00     1.0 24.50 999.00  0.20 999.0  8.50   6.70     3 99.00 99.00
2012 09 21 18 00     1.0 24.60 999.00  0.20 999.0  8.40   9.20     4 99.00 99.00
2012 09 21 19 00     1.0 24.00 999.00  0.20 999.0  9.10  12.00     4 99.00 99.00
2012 09 21 20 00     1.0 24.20 999.00  0.20 999.0  9.70  12.60     3 99.00 99.00
2012 09 21 21 00     1.0 24.40 999.00  0.20 999.0 10.20  12.10     3 99.00 99.00
2012 09 21 22 00     1.0 24.80 999.00  0.20 999.0 11.90  10.80     3 99.00 99.00
2012 09 21 23 00     1.0 23.80 999.00  0.20 999.0  8.60   5.90     4 99.00 99.00
2012 09 22 00 00     1.0 23.70 999.00  0.20 999.0  8.40   5.80     4 99.00 99.00
2012 09 22 01 00     1.0 23.60 999.00  0.20 999.0  7.90   5.10     5 99.00 99.00
2012 09 22 02 00     1.0 23.60 999.00  0.20 999.0  7.90   5.60     5 99.00 99.00
2012 09 22 03 00     1.0 23.50 999.00  0.20 999.0  7.80   5.20     5 99.00 99.00
2012 09 22 04 00     1.0 23.40 999.00  0.20 999.0  7.70   4.90     5 99.00 99.00
2012 09 22 07 00     1.0 23.30 999.00  0.20 999.0  7.80   4.70     5 99.00 99.00
2012 09 22 09 00     1.0 23.40 999.00  0.20 999.0  7.60   5.40     5 99.00 99.00
2012 09 22 10 00     1.0 23.30 999.00  0.20 999.0  7.70   5.20     5 99.00 99.00
2012 09 22 11 00     1.0 23.20 999.00  0.20 999.0  7.60   5.00     5 99.00 99.00
2012 09 22 12 00     1.0 23.30 999.00  0.20 999.0  7.60   5.60     4 99.00 99.00
2012 09 22 13 00     1.0 23.30 999.00  0.20 999.0  7.70   5.70     4 99.00 99.00
2012 09 22 14 00     1.0 23.30 999.00  0.20 999.0  7.70   5.70     4 99.00 99.00
2012 09 22 15 00     1.0 23.30 999.00  0.20 999.0  7.70   5.20     4 99.00 99.00
2012 09 22 16 00     1.0 23.40 999.00  0.20 999.0  7.80   5.50     5 99.00 99.00
2012 09 22 17 00     1.0 23.50 999.00  0.20 999.0  7.90   5.70     5 99.00 99.00
2012 09 22 18 00     1.0 23.60 999.00  0.20 999.0  7.90   6.00     5 99.00 99.00
2012 09 22 19 00     1.0 23.70 999.00  0.20 999.0  8.10   6.30     5 99.00 99.00
2012 09 22 20 00     1.0 23.80 999.00  0.20 999.0  8.20   6.90     4 99.00 99.00
2012 09 22 21 00     1.0 23.70 999.00  0.20 999.0  8.30   7.00     4 99.00 99.00
2012 09 22 22 00     1.0 23.60 999.00  0.20 999.0  8.10   6.70     4 99.00 99.00
2012 09 22 23 00     1.0 23.40 999.00  0.20 999.0  8.10   6.40     4 99.00 99.00
2012 09 23 00 00     1.0 23.40 999.00  0.20 999.0  8.00   6.60     4 99.00 99.00
2012 09 23 01 00     1.0 23.40 999.00  0.20 999.0  8.00   6.20     4 99.00 99.00
2012 09 23 02 00     1.0 23.50 999.00  0.20 999.0  8.30   7.60     4 99.00 99.00
2012 09 23 03 00     1.0 23.40 999.00  0.20 999.0  8.10   7.70     4 99.00 99.00
2012 09 23 04 00     1.0 23.40 999.00  0.20 999.0  7.90   7.20     4 99.00 99.00
2012 09 23 07 00     1.0 23.00 999.00  0.20 999.0  7.60   4.70     5 99.00 99.00
2012 09 23 08 00     1.0 22.80 999.00  0.20 999.0  7.50   4.60     5 99.00 99.00
2012 09 23 10 00     1.0 22.90 999.00  0.20 999.0  7.70   5.10     4 99.00 99.00
2012 09 23 11 00     1.0 23.00 999.00  0.20 999.0  7.70   5.30     4 99.00 99.00
2012 09 23 12 00     1.0 23.00 999.00  0.20 999.0  7.70   4.70     5 99.00 99.00
2012 09 23 13 00     1.0 23.10 999.00  0.20 999.0  7.80   5.00     6 99.00 99.00
2012 09 23 14 00     1.0 23.10 999.00  0.20 999.0  7.90   4.90     6 99.00 99.00
2012 09 23 15 00     1.0 23.10 999.00  0.20 999.0  7.90   4.60     6 99.00 99.00
2012 09 23 16 00     1.0 23.10 999.00  0.20 999.0  8.30   5.70     5 99.00 99.00
2012 09 23 17 00     1.0 23.20 999.00  0.20 999.0  8.30   5.90     4 99.00 99.00
2012 09 23 18 00     1.0 23.20 999.00  0.20 999.0  8.60   6.30     4 99.00 99.00
2012 09 23 19 00     1.0 23.20 999.00  0.20 999.0  8.70   6.50     4 99.00 99.00
2012 09 23 20 00     1.0 23.20 999.00  0.20 999.0  8.80   6.80     4 99.00 99.00
2012 09 23 21 00     1.0 23.20 999.00  0.20 999.0  8.90   7.60     3 99.00 99.00
2012 09 23 22 00     1.0 23.10 999.00  0.20 999.0  8.60   6.40     4 99.00 99.00
2012 09 23 23 00     1.0 23.00 999.00  0.20 999.0  8.60   5.80     4 99.00 99.00
2012 09 24 00 00     1.0 22.90 999.00  0.20 999.0  8.60   5.70     5 99.00 99.00
2012 09 24 01 00     1.0 22.90 999.00  0.20 999.0  8.50   5.90     5 99.00 99.00
2012 09 24 02 00     1.0 22.80 999.00  0.20 999.0  8.60   6.60     4 99.00 99.00
2012 09 24 03 00     1.0 22.80 999.00  0.20 999.0  8.50   6.80     4 99.00 99.00
2012 09 24 04 00     1.0 22.70 999.00  0.20 999.0  8.40   7.00     4 99.00 99.00
2012 09 24 06 00     1.0 22.40 999.00  0.20 999.0  8.40   6.50     5 99.00 99.00
2012 09 24 09 00     1.0 22.10 999.00  0.20 999.0  8.30   5.40     5 99.00 99.00
2012 09 24 10 00     1.0 22.10 999.00  0.20 999.0  8.20   5.20     5 99.00 99.00
2012 09 24 11 00     1.0 22.10 999.00  0.20 999.0  8.30   5.60     4 99.00 99.00
2012 09 24 12 00     1.0 22.10 999.00  0.20 999.0  8.30   4.90     5 99.00 99.00
2012 09 24 13 00     1.0 22.10 999.00  0.20 999.0  8.30   5.00     5 99.00 99.00
2012 09 24 14 00     1.0 22.20 999.00  0.20 999.0  8.30   5.00     5 99.00 99.00
2012 09 24 15 00     1.0 22.30 999.00  0.20 999.0  8.30   5.00     4 99.00 99.00
2012 09 24 16 00     1.0 22.40 999.00  0.20 999.0  8.30   4.90     4 99.00 99.00
2012 09 24 17 00     1.0 22.60 999.00  0.20 999.0  8.50   5.10     4 99.00 99.00
2012 09 24 18 00     1.0 22.60 999.00  0.20 999.0  8.60   5.20     4 99.00 99.00
2012 09 24 19 00     1.0 22.40 999.00  0.20 999.0  8.30   4.00     4 99.00 99.00
2012 09 24 20 00     1.0 22.20 999.00  0.20 999.0  8.20   3.70     4 99.00 99.00
2012 09 24 21 00     1.0 22.00 999.00  0.20 999.0  8.80   5.30     5 99.00 99.00
2012 09 24 22 00     1.0 22.00 999.00  0.20 999.0  8.70   5.00     5 99.00 99.00
2012 09 24 23 00     1.0 22.10 999.00  0.20 999.0  8.70   5.70     5 99.00 99.00
2012 09 25 01 00     1.0 22.00 999.00  0.20 999.0  7.90   4.80     5 99.00 99.00
2012 09 25 02 00     1.0 22.00 999.00  0.20 999.0  7.80   4.60     5 99.00 99.00
2012 09 25 03 00     1.0 21.90 999.00  0.20 999.0  7.90   4.70     5 99.00 99.00
2012 09 25 04 00     1.0 21.90 999.00  0.20 999.0  7.80   4.60     4 99.00 99.00
2012 09 25 07 00     1.0 21.80 999.00  0.20 999.0  7.70   4.50     5 99.00 99.00
2012 09 25 08 00     1.0 21.60 999.00  0.20 999.0  7.80   4.70     4 99.00 99.00
2012 09 25 09 00     1.0 21.50 999.00  0.20 999.0  7.40   4.40     5 99.00 99.00
2012 09 25 10 00     1.0 21.40 999.00  0.20 999.0  7.40   4.50     5 99.00 99.00
2012 09 25 11 00     1.0 21.40 999.00  0.20 999.0  7.60   4.40     4 99.00 99.00
2012 09 25 12 00     1.0 21.50 999.00  0.20 999.0  7.60   3.60     4 99.00 99.00
2012 09 25 13 00     1.0 21.50 999.00  0.20 999.0  7.80   3.80     4 99.00 99.00
2012 09 25 14 00     1.0 21.70 999.00  0.20 999.0  7.80   3.70     4 99.00 99.00
2012 09 25 15 00     1.0 21.70 999.00  0.20 999.0  8.10   4.30     4 99.00 99.00
2012 09 25 16 00     1.0 21.90 999.00  0.20 999.0  8.40   5.00     4 99.00 99.00
2012 09 25 17 00     1.0 22.00 999.00  0.20 999.0  8.40   5.10     3 99.00 99.00
2012 09 25 18 00     1.0 22.10 999.00  0.20 999.0  8.40   5.00     3 99.00 99.00
2012 09 25 19 00     1.0 22.20 999.00  0.20 999.0  8.40   5.10     3 99.00 99.00
2012 09 25 20 00     1.0 22.10 999.00  0.20 999.0  8.50   5.30     3 99.00 99.00
2012 09 25 21 00     1.0 22.00 999.00  0.20 999.0  8.40   5.30     4 99.00 99.00
2012 09 25 22 00     1.0 21.90 999.00  0.20 999.0  8.40   5.40     4 99.00 99.00
2012 09 25 23 00     1.0 22.00 999.00  0.20 999.0  8.20   5.70     5 99.00 99.00
2012 09 26 00 00     1.0 22.00 999.00  0.20 999.0  8.00   4.80     4 99.00 99.00
2012 09 26 01 00     1.0 22.10 999.00  0.20 999.0  8.00   4.60     4 99.00 99.00
2012 09 26 02 00     1.0 22.10 999.00  0.20 999.0  7.80   4.10     4 99.00 99.00
2012 09 26 03 00     1.0 22.10 999.00  0.20 999.0  7.80   4.20     6 99.00 99.00
2012 09 26 04 00     1.0 22.10 999.00  0.20 999.0  7.90   4.80     4 99.00 99.00
2012 09 26 08 00     1.0 22.00 999.00  0.20 999.0  7.80   4.80     5 99.00 99.00
2012 09 26 09 00     1.0 21.90 999.00  0.20 999.0  7.80   4.30     5 99.00 99.00
2012 09 26 10 00     1.0 21.70 999.00  0.20 999.0  7.70   3.90     5 99.00 99.00
2012 09 26 11 00     1.0 21.90 999.00  0.20 999.0  7.70   4.70     4 99.00 99.00
2012 09 26 12 00     1.0 21.90 999.00  0.20 999.0  7.60   4.30     6 99.00 99.00
2012 09 26 13 00     1.0 21.90 999.00  0.20 999.0  7.70   4.10     5 99.00 99.00
2012 09 26 14 00     1.0 21.90 999.00  0.20 999.0  7.90   4.10     5 99.00 99.00
2012 09 26 15 00     1.0 22.00 999.00  0.20 999.0  8.00   4.40     4 99.00 99.00
2012 09 26 16 00     1.0 22.00 999.00  0.20 999.0  8.00   4.60     4 99.00 99.00
2012 09 26 17 00     1.0 22.10 999.00  0.20 999.0  8.00   4.10     4 99.00 99.00
2012 09 26 18 00     1.0 22.00 999.00  0.20 999.0  7.90   4.40     4 99.00 99.00
2012 09 26 19 00     1.0 22.20 999.00  0.20 999.0  8.10   4.80     4 99.00 99.00
2012 09 26 20 00     1.0 22.20 999.00  0.20 999.0  8.00   4.40     4 99.00 99.00
2012 09 26 21 00     1.0 22.00 999.00  0.20 999.0  8.20   5.60     4 99.00 99.00
2012 09 26 22 00     1.0 22.30 999.00  0.20 999.0  8.60   7.00     4 99.00 99.00
2012 09 26 23 00     1.0 22.30 999.00  0.20 999.0  8.40   7.30     4 99.00 99.00
2012 09 27 00 00     1.0 22.10 999.00  0.20 999.0  8.10   6.10     4 99.00 99.00
2012 09 27 01 00     1.0 22.20 999.00  0.20 999.0  8.20   6.10     3 99.00 99.00
2012 09 27 02 00     1.0 22.10 999.00  0.20 999.0  8.20   6.20     3 99.00 99.00
2012 09 27 03 00     1.0 22.10 999.00  0.20 999.0  8.30   7.00     2 99.00 99.00
2012 09 27 04 00     1.0 22.10 999.00  0.20 999.0  8.20   6.20     2 99.00 99.00
2012 09 27 07 00     1.0 22.00 999.00  0.20 999.0  7.80   5.90     3 99.00 99.00
2012 09 27 08 00     1.0 21.90 999.00  0.20 999.0  7.40   5.80     3 99.00 99.00
2012 09 27 09 00     1.0 21.90 999.00  0.20 999.0  7.60   4.60     3 99.00 99.00
2012 09 27 22 00     1.0 22.70 999.00  0.20 999.0  9.10  11.40     3 99.00 99.00
2012 09 28 00 00     1.0 22.90 999.00  0.20 999.0  9.10  12.10     2 99.00 99.00
2012 09 28 01 00     1.0 22.80 999.00  0.20 999.0  9.10  11.20     2 99.00 99.00
2012 09 28 02 00     1.0 22.50 999.00  0.20 999.0  9.20  10.20     3 99.00 99.00
2012 09 28 03 00     1.0 22.40 999.00  0.20 999.0  9.20  13.70     3 99.00 99.00
2012 09 28 04 00     1.0 22.40 999.00  0.20 999.0  9.20  13.00     3 99.00 99.00
2012 09 28 05 00     1.0 22.30 999.00  0.20 999.0  9.20  12.30     3 99.00 99.00
2012 09 28 06 00     1.0 22.30 999.00  0.20 999.0  9.20  11.30     3 99.00 99.00
2012 09 28 07 00     1.0 22.10 999.00  0.20 999.0  9.10  10.60     3 99.00 99.00
2012 09 28 08 00     1.0 22.10 999.00  0.20 999.0  8.70   9.70     3 99.00 99.00
2012 09 28 09 00     1.0 22.00 999.00  0.20 999.0  8.70   8.80     3 99.00 99.00
2012 09 28 10 00     1.0 22.00 999.00  0.20 999.0  8.40   7.50     3 99.00 99.00
2012 09 28 11 00     1.0 22.00 999.00  0.20 999.0  8.50   8.00     4 99.00 99.00
2012 09 28 12 00     1.0 22.00 999.00  0.20 999.0  8.50   7.60     4 99.00 99.00
2012 09 28 13 00     1.0 22.10 999.00  0.20 999.0  8.70   9.00     4 99.00 99.00
2012 09 28 14 00     1.0 22.20 999.00  0.20 999.0  9.00   8.90     4 99.00 99.00
2012 09 28 15 00     1.0 22.30 999.00  0.20 999.0  9.20   8.30     4 99.00 99.00
2012 09 28 16 00     1.0 22.60 999.00  0.20 999.0  9.20   8.10     3 99.00 99.00
2012 09 28 17 00     1.0 22.80 999.00  0.20 999.0  9.10  10.80     3 99.00 99.00
2012 09 28 18 00     1.0 22.90 999.00  0.20 999.0  9.10  12.60     3 99.00 99.00
2012 09 28 19 00     1.0 22.50 999.00  0.20 999.0  9.20  12.30     4 99.00 99.00
2012 09 28 20 00     1.0 22.50 999.00  0.20 999.0  9.20  13.70     4 99.00 99.00
2012 09 28 21 00     1.0 22.40 999.00  0.20 999.0  9.20  20.00     4 99.00 99.00
2012 09 28 22 00     1.0 22.40 999.00  0.20 999.0  9.20  22.80     4 99.00 99.00
2012 09 28 23 00     1.0 22.40 999.00  0.20 999.0  9.20  21.90     4 99.00 99.00
2012 09 29 00 00     1.0 22.20 999.00  0.20 999.0  9.20  16.10     4 99.00 99.00
2012 09 29 01 00     1.0 22.10 999.00  0.20 999.0  9.20  14.50     4 99.00 99.00
2012 09 29 02 00     1.0 22.00 999.00  0.20 999.0  9.00  12.60     4 99.00 99.00
2012 09 29 03 00     1.0 21.90 999.00  0.20 999.0  8.80  10.90     4 99.00 99.00
2012 09 29 05 00     1.0 21.80 999.00  0.20 999.0  8.60  10.20     4 99.00 99.00
2012 09 29 06 00     1.0 21.80 999.00  0.20 999.0  8.40   9.00     4 99.00 99.00
2012 09 29 07 00     1.0 21.70 999.00  0.20 999.0  8.50   9.80     5 99.00 99.00
2012 09 29 08 00     1.0 21.70 999.00  0.20 999.0  8.30   9.30     5 99.00 99.00
2012 09 29 09 00     1.0 21.60 999.00  0.20 999.0  8.30   8.90     5 99.00 99.00
2012 09 29 10 00     1.0 21.50 999.00  0.20 999.0  8.30   9.20     5 99.00 99.00
2012 09 29 11 00     1.0 21.40 999.00  0.20 999.0  8.20  10.10     6 99.00 99.00
2012 09 29 12 00     1.0 21.20 999.00  0.20 999.0  8.20   7.80     5 99.00 99.00
2012 09 29 13 00     1.0 21.10 999.00  0.20 999.0  8.20   7.30     5 99.00 99.00
2012 09 29 14 00     1.0 21.10 999.00  0.20 999.0  8.30   7.70     5 99.00 99.00
2012 09 29 15 00     1.0 21.30 999.00  0.20 999.0  8.40   7.60     5 99.00 99.00
2012 09 29 16 00     1.0 21.40 999.00  0.20 999.0  8.50   7.90     5 99.00 99.00
2012 09 29 17 00     1.0 21.50 999.00  0.20 999.0  8.50   8.20     5 99.00 99.00
2012 09 29 18 00     1.0 21.50 999.00  0.20 999.0  8.50   8.90     5 99.00 99.00
2012 09 29 20 00     1.0 21.50 999.00  0.20 999.0  8.40   9.50     5 99.00 99.00
2012 09 29 22 00     1.0 21.50 999.00  0.20 999.0  8.40  10.10     5 99.00 99.00
2012 09 29 23 00     1.0 21.40 999.00  0.20 999.0  8.40  12.30     6 99.00 99.00
2012 09 30 00 00     1.0 21.40 999.00  0.20 999.0  8.60  12.60     6 99.00 99.00
2012 09 30 01 00     1.0 21.40 999.00  0.20 999.0  8.50  13.70     5 99.00 99.00
2012 09 30 02 00     1.0 21.40 999.00  0.20 999.0  8.70  13.60     5 99.00 99.00
2012 09 30 04 00     1.0 21.40 999.00  0.20 999.0  8.40  10.90     6 99.00 99.00
2012 09 30 05 00     1.0 21.30 999.00  0.20 999.0  8.50  10.80     6 99.00 99.00
2012 09 30 08 00     1.0 21.30 999.00  0.20 999.0  8.30   9.50     5 99.00 99.00
2012 09 30 10 00     1.0 21.20 999.00  0.20 999.0  8.20   9.00     5 99.00 99.00
2012 09 30 11 00     1.0 21.20 999.00  0.20 999.0  8.20   9.00     6 99.00 99.00
2012 09 30 12 00     1.0 21.00 999.00  0.20 999.0  8.10   6.80     5 99.00 99.00
2012 09 30 13 00     1.0 20.90 999.00  0.20 999.0  8.10   7.80     5 99.00 99.00
2012 09 30 14 00     1.0 21.10 999.00  0.20 999.0  8.40   7.90     4 99.00 99.00
2012 09 30 15 00     1.0 21.60 999.00  0.20 999.0  8.50   6.40     4 99.00 99.00
2012 09 30 16 00     1.0 21.90 999.00  0.20 999.0  8.60   6.60     4 99.00 99.00
2012 09 30 17 00     1.0 21.80 999.00  0.20 999.0  9.00   9.40     4 99.00 99.00
2012 09 30 19 00     1.0 21.50 999.00  0.20 999.0  8.50   6.10     4 99.00 99.00
2012 09 30 20 00     1.0 21.40 999.00  0.20 999.0  8.30   5.70     4 99.00 99.00
2012 09 30 22 00     1.0 21.30 999.00  0.20 999.0  8.30   7.60     5 99.00 99.00
2012 09 30 23 00     1.0 21.20 999.00  0.20 999.0  8.20   6.40     6 99.00 99.00
2012 10 01 00 00     1.0 21.10 999.00  0.20 999.0  8.30   8.20     6 99.00 99.00
2012 10 01 02 00     1.0 21.20 999.00  0.20 999.0  8.50   8.50     5 99.00 99.00
2012 10 01 03 00     1.0 21.20 999.00  0.20 999.0  8.40   8.20     5 99.00 99.00
2012 10 01 04 00     1.0 21.20 999.00  0.20 999.0  8.30   7.50     5 99.00 99.00
2012 10 01 05 00     1.0 21.10 999.00  0.20 999.0  8.50   9.80     5 99.00 99.00
2012 10 01 06 00     1.0 21.20 999.00  0.20 999.0  8.30   8.30     5 99.00 99.00
2012 10 01 07 00     1.0 21.10 999.00  0.20 999.0  8.10   6.90     5 99.00 99.00
2012 10 01 08 00     1.0 21.10 999.00  0.20 999.0  8.10   7.20     5 99.00 99.00
2012 10 01 09 00     1.0 21.10 999.00  0.20 999.0  8.10   6.80     5 99.00 99.00
2012 10 01 10 00     1.0 21.00 999.00  0.20 999.0  7.90   6.50     5 99.00 99.00
2012 10 01 11 00     1.0 21.00 999.00  0.20 999.0  7.90   7.00     5 99.00 99.00
2012 10 01 12 00     1.0 20.90 999.00  0.20 999.0  8.00   6.30     6 99.00 99.00
2012 10 01 13 00     1.0 20.70 999.00  0.20 999.0  8.00   6.00     6 99.00 99.00
2012 10 01 14 00     1.0 20.70 999.00  0.20 999.0  8.10   6.00     5 99.00 99.00
2012 10 01 15 00     1.0 20.90 999.00  0.20 999.0  8.30   6.60     4 99.00 99.00
2012 10 01 16 00     1.0 21.30 999.00  0.20 999.0  8.50   7.20     4 99.00 99.00
2012 10 01 17 00     1.0 21.70 999.00  0.20 999.0  8.30   5.90     4 99.00 99.00
2012 10 01 18 00     1.0 21.40 999.00  0.20 999.0  8.10   5.00     4 99.00 99.00
2012 10 01 19 00     1.0 21.20 999.00  0.20 999.0  7.70   3.70     4 99.00 99.00
2012 10 01 20 00     1.0 21.10 999.00  0.20 999.0  7.80   4.50     4 99.00 99.00
2012 10 01 21 00     1.0 21.00 999.00  0.20 999.0  7.80   5.30     5 99.00 99.00
2012 10 01 22 00     1.0 21.00 999.00  0.20 999.0  7.70   5.30     4 99.00 99.00
2012 10 01 23 00     1.0 20.90 999.00  0.20 999.0  7.70   6.00     5 99.00 99.00
2012 10 02 00 00     1.0 20.90 999.00  0.20 999.0  7.70   5.80     4 99.00 99.00
2012 10 02 01 00     1.0 20.90 999.00  0.20 999.0  7.60   5.50     4 99.00 99.00
2012 10 02 02 00     1.0 20.80 999.00  0.20 999.0  7.60   5.80     5 99.00 99.00
2012 10 02 03 00     1.0 20.80 999.00  0.20 999.0  7.50   5.40     4 99.00 99.00
2012 10 02 04 00     1.0 20.80 999.00  0.20 999.0  7.70   5.20     4 99.00 99.00
2012 10 02 07 00     1.0 20.80 999.00  0.20 999.0  8.30   7.20     3 99.00 99.00
2012 10 02 08 00     1.0 20.70 999.00  0.10 999.0  8.30   6.50     4 99.00 99.00
2012 10 02 09 00     1.0 20.70 999.00  0.20 999.0  8.00   5.90     4 99.00 99.00
2012 10 02 10 00     1.0 20.70 999.00  0.10 999.0  7.90   5.00     4 99.00 99.00
2012 10 02 11 00     1.0 20.70 999.00  0.10 999.0  7.90   5.20     4 99.00 99.00
2012 10 02 12 00     1.0 20.60 999.00  0.10 999.0  8.00   5.10     5 99.00 99.00
2012 10 02 13 00     1.0 20.60 999.00  0.20 999.0  8.00   5.00     5 99.00 99.00
2012 10 02 14 00     1.0 20.60 999.00  0.20 999.0  8.00   5.40     5 99.00 99.00
2012 10 02 15 00     1.0 20.50 999.00  0.20 999.0  8.00   6.20     4 99.00 99.00
2012 10 02 16 00     1.0 20.90 999.00  0.10 999.0  8.30   6.10     3 99.00 99.00
2012 10 02 17 00     1.0 20.90 999.00  0.10 999.0  8.30   5.20     4 99.00 99.00
2012 10 02 18 00     1.0 20.90 999.00  0.20 999.0  8.20   4.70     4 99.00 99.00
2012 10 02 19 00     1.0 21.20 999.00  0.20 999.0  8.50   5.70     4 99.00 99.00
2012 10 02 20 00     1.0 21.20 999.00  0.20 999.0  8.30   5.20     4 99.00 99.00
2012 10 02 21 00     1.0 21.30 999.00  0.10 999.0  8.40   5.90     4 99.00 99.00
2012 10 02 22 00     1.0 21.30 999.00  0.10 999.0  8.10   9.30     4 99.00 99.00
2012 10 02 23 00     1.0 21.30 999.00  0.10 999.0  8.00  16.40    12 99.00 99.00
2012 10 03 00 00     1.0 21.30 999.00  0.20 999.0  7.90   6.40     3 99.00 99.00
2012 10 03 01 00     1.0 21.30 999.00  0.20 999.0  7.80   5.50     4 99.00 99.00
2012 10 03 02 00     1.0 21.30 999.00  0.20 999.0  8.20   5.60     4 99.00 99.00
2012 10 03 03 00     1.0 21.30 999.00  0.20 999.0  8.20   5.00     4 99.00 99.00
2012 10 03 04 00     1.0 21.40 999.00  0.20 999.0  8.40   4.60     3 99.00 99.00
2012 10 03 05 00     1.0 21.20 999.00  0.10 999.0  8.00   4.10     4 99.00 99.00
2012 10 03 06 00     1.0 21.20 999.00  0.10 999.0  7.90   4.00     4 99.00 99.00
2012 10 03 07 00     1.0 21.10 999.00  0.10 999.0  7.80   3.90     4 99.00 99.00
2012 10 03 08 00     1.0 21.10 999.00  0.10 999.0  7.80   3.70     3 99.00 99.00
2012 10 03 09 00     1.0 21.10 999.00  0.10 999.0  7.80   3.90     3 99.00 99.00
2012 10 03 10 00     1.0 21.10 999.00  0.10 999.0  7.80   3.80     3 99.00 99.00
2012 10 03 11 00     1.0 21.20 999.00  0.10 999.0  7.80   3.90     3 99.00 99.00
2012 10 03 12 00     1.0 21.20 999.00  0.10 999.0  7.60   3.90     3 99.00 99.00
2012 10 03 13 00     1.0 21.20 999.00  0.10 999.0  7.90   3.80     3 99.00 99.00
2012 10 03 14 00     1.0 21.30 999.00  0.10 999.0  7.90   6.00     3 99.00 99.00
2012 10 03 15 00     1.0 21.50 999.00  0.10 999.0  7.70   4.00     4 99.00 99.00
2012 10 03 16 00     1.0 22.00 999.00  0.10 999.0  7.70   3.60     3 99.00 99.00
2012 10 03 17 00     1.0 21.40 999.00  0.10 999.0  7.80   3.80     4 99.00 99.00
2012 10 03 19 00     1.0 21.70 999.00  0.10 999.0  8.10   4.60     3 99.00 99.00
2012 10 03 20 00     1.0 22.30 999.00  0.10 999.0  8.70   6.50     3 99.00 99.00
2012 10 03 21 00     1.0 21.70 999.00  0.10 999.0  8.00   3.20     4 99.00 99.00
2012 10 03 22 00     1.0 21.70 999.00  0.10 999.0  7.90   3.80     4 99.00 99.00
2012 10 03 23 00     1.0 21.70 999.00  0.10 999.0  7.70   3.70     4 99.00 99.00
2012 10 04 00 00     1.0 21.70 999.00  0.10 999.0  7.40   3.80     4 99.00 99.00
2012 10 04 01 00     1.0 21.70 999.00  0.10 999.0  7.40   3.80     4 99.00 99.00
2012 10 04 02 00     1.0 21.70 999.00  0.10 999.0  7.50   4.10     4 99.00 99.00
2012 10 04 03 00     1.0 21.70 999.00  0.10 999.0  7.80   4.60     4 99.00 99.00
2012 10 04 04 00     1.0 21.80 999.00  0.10 999.0  7.70   4.70     4 99.00 99.00
2012 10 04 05 00     1.0 21.80 999.00  0.10 999.0  7.80   5.00     4 99.00 99.00
2012 10 04 06 00     1.0 21.70 999.00  0.10 999.0  7.70   4.70     4 99.00 99.00
2012 10 04 07 00     1.0 21.70 999.00  0.10 999.0  7.70   4.50     3 99.00 99.00
2012 10 04 08 00     1.0 21.70 999.00  0.10 999.0  7.80   4.50     4 99.00 99.00
2012 10 04 09 00     1.0 21.70 999.00  0.10 999.0  7.80   4.30     4 99.00 99.00
2012 10 04 10 00     1.0 21.70 999.00  0.10 999.0  8.00   3.90     5 99.00 99.00
2012 10 04 11 00     1.0 21.70 999.00  0.10 999.0  8.20   4.20     6 99.00 99.00
2012 10 04 12 00     1.0 21.70 999.00  0.10 999.0  8.10   5.00     6 99.00 99.00
2012 10 04 13 00     1.0 21.70 999.00  0.10 999.0  7.90   4.80     6 99.00 99.00
2012 10 04 14 00     1.0 21.70 999.00  0.10 999.0  8.00   6.60     6 99.00 99.00
2012 10 04 15 00     1.0 21.70 999.00  0.10 999.0  7.60   8.90     4 99.00 99.00
2012 10 04 16 00     1.0 22.10 999.00  0.10 999.0  7.60  14.40     4 99.00 99.00
2012 10 04 17 00     1.0 22.00 999.00  0.10 999.0  7.90  10.60     4 99.00 99.00
2012 10 04 18 00     1.0 22.20 999.00  0.10 999.0  9.20  11.20     5 99.00 99.00
2012 10 04 19 00     1.0 22.40 999.00  0.10 999.0  9.20   9.10     5 99.00 99.00
2012 10 04 20 00     1.0 22.10 999.00  0.10 999.0  8.50   4.20     5 99.00 99.00
2012 10 04 21 00     1.0 21.70 999.00  0.10 999.0  7.80   3.60     5 99.00 99.00
2012 10 04 22 00     1.0 21.60 999.00  0.10 999.0  7.70   4.30     5 99.00 99.00
2012 10 04 23 00     1.0 21.60 999.00  0.10 999.0  7.80   6.60     5 99.00 99.00
2012 10 05 00 00     1.0 21.50 999.00  0.10 999.0  8.00   9.10     5 99.00 99.00
2012 10 05 01 00     1.0 21.40 999.00  0.10 999.0  7.80   8.80     4 99.00 99.00
2012 10 05 02 00     1.0 21.40 999.00  0.10 999.0  7.80   8.80     4 99.00 99.00
2012 10 05 03 00     1.0 21.50 999.00  0.10 999.0  8.10  10.70     4 99.00 99.00
2012 10 05 04 00     1.0 21.40 999.00  0.10 999.0  8.10   9.40     4 99.00 99.00
2012 10 05 05 00     1.0 21.40 999.00  0.10 999.0  8.00   6.80     5 99.00 99.00
2012 10 05 06 00     1.0 21.30 999.00  0.10 999.0  7.90   7.70     4 99.00 99.00
2012 10 05 07 00     1.0 21.30 999.00  0.10 999.0  7.70   7.40     4 99.00 99.00
2012 10 05 08 00     1.0 21.30 999.00  0.10 999.0  7.60   7.10     4 99.00 99.00
2012 10 05 09 00     1.0 21.30 999.00  0.10 999.0  7.50   6.60     5 99.00 99.00
2012 10 05 10 00     1.0 21.20 999.00  0.10 999.0  7.60   5.40     5 99.00 99.00
2012 10 05 11 00     1.0 21.20 999.00  0.10 999.0  7.70   4.80     4 99.00 99.00
2012 10 05 12 00     1.0 21.20 999.00  0.10 999.0  7.70   4.30     4 99.00 99.00
2012 10 05 13 00     1.0 21.20 999.00  0.10 999.0  7.70   3.90     5 99.00 99.00
2012 10 05 14 00     1.0 21.20 999.00  0.10 999.0  7.80   4.50     4 99.00 99.00
2012 10 05 15 00     1.0 21.60 999.00  0.10 999.0  7.90   9.20     4 99.00 99.00
2012 10 05 16 00     1.0 21.90 999.00  0.10 999.0  8.20   7.60     3 99.00 99.00
2012 10 05 17 00     1.0 21.80 999.00  0.10 999.0  8.30   7.80     4 99.00 99.00
2012 10 05 18 00     1.0 21.90 999.00  0.10 999.0  8.50   8.90     4 99.00 99.00
2012 10 05 19 00     1.0 21.90 999.00  0.10 999.0  8.50   9.30     4 99.00 99.00
2012 10 05 20 00     1.0 21.90 999.00  0.10 999.0  8.70   8.70     3 99.00 99.00
2012 10 05 21 00     1.0 21.70 999.00  0.10 999.0  8.70   7.90     3 99.00 99.00
2012 10 05 22 00     1.0 21.70 999.00  0.10 999.0  8.90   9.40     3 99.00 99.00
2012 10 05 23 00     1.0 21.50 999.00  0.10 999.0  8.50   7.90     3 99.00 99.00
2012 10 06 00 00     1.0 21.40 999.00  0.10 999.0  8.30   7.00     3 99.00 99.00
2012 10 06 01 00     1.0 21.30 999.00  0.10 999.0  8.40   6.10     3 99.00 99.00
2012 10 06 02 00     1.0 21.20 999.00  0.10 999.0  8.40   5.60     3 99.00 99.00
2012 10 06 03 00     1.0 21.10 999.00  0.10 999.0  8.00   4.70     4 99.00 99.00
2012 10 06 04 00     1.0 21.10 999.00  0.10 999.0  7.70   4.90     4 99.00 99.00
2012 10 06 05 00     1.0 21.10 999.00  0.10 999.0  7.70   5.50     4 99.00 99.00
2012 10 06 06 00     1.0 21.10 999.00  0.10 999.0  7.70   5.60     4 99.00 99.00
2012 10 06 07 00     1.0 21.10 999.00  0.10 999.0  8.20   5.70     3 99.00 99.00
2012 10 06 08 00     1.0 21.10 999.00  0.10 999.0  8.40   5.70     3 99.00 99.00
2012 10 06 09 00     1.0 21.10 999.00  0.10 999.0  8.30   5.00     4 99.00 99.00
2012 10 06 10 00     1.0 21.00 999.00  0.10 999.0  7.80   5.00     4 99.00 99.00
2012 10 06 11 00     1.0 21.00 999.00  0.10 999.0  7.80   4.70     4 99.00 99.00
2012 10 06 12 00     1.0 21.00 999.00  0.10 999.0  7.80   4.10     4 99.00 99.00
2012 10 06 13 00     1.0 21.00 999.00  0.10 999.0  7.80   3.90     4 99.00 99.00
2012 10 06 14 00     1.0 21.00 999.00  0.10 999.0  7.80   3.70     4 99.00 99.00
2012 10 06 15 00     1.0 21.10 999.00  0.10 999.0  7.70   3.50     4 99.00 99.00
2012 10 06 16 00     1.0 21.10 999.00  0.10 999.0  7.70   3.80     4 99.00 99.00
2012 10 06 17 00     1.0 21.30 999.00  0.10 999.0  8.00   4.10     4 99.00 99.00
2012 10 06 18 00     1.0 21.20 999.00  0.10 999.0  7.90   5.20     4 99.00 99.00
2012 10 06 19 00     1.0 21.20 999.00  0.10 999.0  7.80   4.30     5 99.00 99.00
2012 10 06 22 00     1.0 21.40 999.00  0.10 999.0  8.60  11.60     5 99.00 99.00
2012 10 06 23 00     1.0 21.10 999.00  0.10 999.0  8.30  10.10     4 99.00 99.00
2012 10 07 00 00     1.0 21.10 999.00  0.10 999.0  8.40  12.60     4 99.00 99.00
2012 10 07 01 00     1.0 21.10 999.00  0.10 999.0  8.30  11.50     4 99.00 99.00
2012 10 07 02 00     1.0 21.00 999.00  0.10 999.0  8.40  10.90     4 99.00 99.00
2012 10 07 03 00     1.0 20.90 999.00  0.10 999.0  8.30  10.00     4 99.00 99.00
2012 10 07 04 00     1.0 20.90 999.00  0.10 999.0  8.30  11.20     4 99.00 99.00
2012 10 07 05 00     1.0 20.60 999.00  0.10 999.0  8.20  11.00     4 99.00 99.00
2012 10 07 06 00     1.0 20.60 999.00  0.10 999.0  8.10  11.00     4 99.00 99.00
2012 10 07 07 00     1.0 20.50 999.00  0.10 999.0  8.30   9.70     4 99.00 99.00
2012 10 07 08 00     1.0 20.50 999.00  0.10 999.0  8.40  10.50     4 99.00 99.00
2012 10 07 09 00     1.0 20.70 999.00  0.10 999.0  8.50  11.80     4 99.00 99.00
2012 10 07 10 00     1.0 20.70 999.00  0.10 999.0  8.40  11.20     4 99.00 99.00
2012 10 07 11 00     1.0 20.70 999.00  0.10 999.0  8.20   9.30     5 99.00 99.00
2012 10 07 12 00     1.0 20.70 999.00  0.10 999.0  8.00   8.70     5 99.00 99.00
2012 10 07 13 00     1.0 20.70 999.00  0.10 999.0  8.10  11.30     5 99.00 99.00
2012 10 07 14 00     1.0 20.60 999.00  0.10 999.0  8.00  11.30     5 99.00 99.00
2012 10 07 15 00     1.0 20.60 999.00  0.10 999.0  8.00   9.50     5 99.00 99.00
2012 10 07 16 00     1.0 20.60 999.00  0.10 999.0  8.00   9.20     5 99.00 99.00
2012 10 07 17 00     1.0 20.50 999.00  0.10 999.0  8.10   8.10     5 99.00 99.00
2012 10 07 18 00     1.0 20.50 999.00  0.10 999.0  8.20   8.70     5 99.00 99.00
2012 10 07 19 00     1.0 20.30 999.00  0.10 999.0  8.20   8.80     6 99.00 99.00
2012 10 07 20 00     1.0 20.20 999.00  0.10 999.0  8.20  10.70     4 99.00 99.00
2012 10 07 21 00     1.0 20.30 999.00  0.10 999.0  8.30  11.40     4 99.00 99.00
2012 10 07 22 00     1.0 20.30 999.00  0.10 999.0  8.20  10.60     4 99.00 99.00
2012 10 07 23 00     1.0 20.30 999.00  0.10 999.0  8.10  10.70     4 99.00 99.00
2012 10 08 00 00     1.0 20.30 999.00  0.10 999.0  8.20   9.00     4 99.00 99.00
2012 10 08 01 00     1.0 20.40 999.00  0.10 999.0  8.30   7.40     4 99.00 99.00
2012 10 08 02 00     1.0 20.50 999.00  0.10 999.0  8.10   5.10     5 99.00 99.00
2012 10 08 03 00     1.0 20.50 999.00  0.10 999.0  8.00   5.70     4 99.00 99.00
2012 10 08 04 00     1.0 20.40 999.00  0.10 999.0  8.00   5.50     4 99.00 99.00
2012 10 08 05 00     1.0 20.40 999.00  0.10 999.0  8.00   4.50     4 99.00 99.00
2012 10 08 09 00     1.0 20.10 999.00  0.10 999.0  8.00   4.10     4 99.00 99.00
2012 10 08 10 00     1.0 20.10 999.00  0.10 999.0  7.90   4.50     4 99.00 99.00
2012 10 08 11 00     1.0 20.20 999.00  0.10 999.0  7.80   4.90     4 99.00 99.00
2012 10 08 12 00     1.0 20.20 999.00  0.10 999.0  7.70   4.20     5 99.00 99.00
2012 10 08 13 00     1.0 20.10 999.00  0.10 999.0  7.70   4.00     5 99.00 99.00
2012 10 08 14 00     1.0 20.10 999.00  0.10 999.0  7.80   3.90     5 99.00 99.00
2012 10 08 15 00     1.0 20.10 999.00  0.10 999.0  7.80   4.00     4 99.00 99.00
2012 10 08 16 00     1.0 20.00 999.00  0.10 999.0  7.80   4.20     4 99.00 99.00
2012 10 08 17 00     1.0 20.00 999.00  0.10 999.0  7.90   4.10     4 99.00 99.00
2012 10 08 18 00     1.0 20.00 999.00  0.10 999.0  8.00   4.50     4 99.00 99.00
2012 10 08 19 00     1.0 20.00 999.00  0.10 999.0  8.00   4.80     4 99.00 99.00
2012 10 08 20 00     1.0 19.90 999.00  0.10 999.0  7.90   4.20     4 99.00 99.00
2012 10 08 21 00     1.0 19.90 999.00  0.10 999.0  7.90   4.30     4 99.00 99.00
2012 10 08 22 00     1.0 19.70 999.00  0.10 999.0  7.90   4.30     4 99.00 99.00
2012 10 08 23 00     1.0 19.60 999.00  0.10 999.0  8.00   4.60     4 99.00 99.00
2012 10 09 00 00     1.0 19.40 999.00  0.20 999.0  8.00   4.30     4 99.00 99.00
2012 10 09 01 00     1.0 19.10 999.00  0.10 999.0  8.10   5.90     4 99.00 99.00
2012 10 09 02 00     1.0 18.90 999.00  0.10 999.0  8.20   4.90     5 99.00 99.00
2012 10 09 03 00     1.0 18.90 999.00  0.10 999.0  7.90   3.90     5 99.00 99.00
2012 10 09 04 00     1.0 18.90 999.00  0.10 999.0  7.80   3.70     5 99.00 99.00
2012 10 09 05 00     1.0 18.80 999.00  0.10 999.0  7.80   3.80     4 99.00 99.00
2012 10 09 06 00     1.0 18.80 999.00  0.10 999.0  7.90   3.70     4 99.00 99.00
2012 10 09 07 00     1.0 18.60 999.00  0.10 999.0  8.00   4.20     4 99.00 99.00
2012 10 09 08 00     1.0 18.60 999.00  0.10 999.0  8.00   4.50     4 99.00 99.00
2012 10 09 09 00     1.0 18.50 999.00  0.10 999.0  8.00   4.40     4 99.00 99.00
2012 10 09 10 00     1.0 18.60 999.00  0.10 999.0  8.10   4.90     4 99.00 99.00
2012 10 09 11 00     1.0 18.60 999.00  0.10 999.0  8.00   4.10     4 99.00 99.00
2012 10 09 12 00     1.0 18.60 999.00  0.10 999.0  7.90   3.80     4 99.00 99.00
2012 10 09 13 00     1.0 18.60 999.00  0.10 999.0  7.90   3.50     4 99.00 99.00
2012 10 09 14 00     1.0 18.70 999.00  0.10 999.0  7.90   3.60     5 99.00 99.00
2012 10 09 15 00     1.0 18.80 999.00  0.20 999.0  8.00   4.10     5 99.00 99.00
2012 10 09 16 00     1.0 18.80 999.00  0.10 999.0  7.90   3.60     4 99.00 99.00
2012 10 09 17 00     1.0 18.90 999.00  0.10 999.0  8.10   3.70     4 99.00 99.00
2012 10 09 18 00     1.0 19.00 999.00  0.10 999.0  8.10   4.00     4 99.00 99.00
2012 10 09 19 00     1.0 19.00 999.00  0.10 999.0  8.10   4.40     4 99.00 99.00
2012 10 09 20 00     1.0 18.90 999.00  0.10 999.0  8.10   4.60     4 99.00 99.00
2012 10 09 21 00     1.0 18.90 999.00  0.10 999.0  8.10   5.50     4 99.00 99.00
2012 10 09 22 00     1.0 18.90 999.00  0.20 999.0  8.20   5.10     4 99.00 99.00
2012 10 09 23 00     1.0 19.00 999.00  0.20 999.0  8.20   5.00     4 99.00 99.00
2012 10 10 01 00     1.0 18.90 999.00  0.10 999.0  8.10   3.50     5 99.00 99.00
2012 10 10 02 00     1.0 18.90 999.00  0.10 999.0  8.00   3.50     5 99.00 99.00
2012 10 10 03 00     1.0 18.90 999.00  0.10 999.0  8.20   3.50     5 99.00 99.00
2012 10 10 04 00     1.0 18.90 999.00  0.10 999.0  8.10   3.70     4 99.00 99.00
2012 10 10 05 00     1.0 18.90 999.00  0.10 999.0  8.10   3.60     4 99.00 99.00
2012 10 10 06 00     1.0 18.80 999.00  0.10 999.0  8.20   3.40     4 99.00 99.00
2012 10 10 07 00     1.0 18.70 999.00  0.10 999.0  8.10   3.60     4 99.00 99.00
2012 10 10 08 00     1.0 18.60 999.00  0.10 999.0  8.00   3.80     4 99.00 99.00
2012 10 10 09 00     1.0 18.60 999.00  0.10 999.0  8.00   3.60     4 99.00 99.00
2012 10 10 10 00     1.0 18.60 999.00  0.10 999.0  8.10   3.70     4 99.00 99.00
2012 10 10 11 00     1.0 18.60 999.00  0.10 999.0  8.10   3.60     4 99.00 99.00
2012 10 10 12 00     1.0 18.60 999.00  0.10 999.0  8.10   3.40     4 99.00 99.00
2012 10 10 13 00     1.0 18.70 999.00  0.10 999.0  8.00   3.70     4 99.00 99.00
2012 10 10 14 00     1.0 18.70 999.00  0.10 999.0  8.10   3.20     4 99.00 99.00
2012 10 10 15 00     1.0 18.90 999.00  0.10 999.0  8.00   3.30     4 99.00 99.00
2012 10 10 16 00     1.0 19.00 999.00  0.10 999.0  7.90   3.50     4 99.00 99.00
2012 10 10 17 00     1.0 19.00 999.00  0.10 999.0  7.90   3.10     4 99.00 99.00
2012 10 10 18 00     1.0 19.00 999.00  0.10 999.0  8.10   3.20     4 99.00 99.00
2012 10 10 19 00     1.0 19.10 999.00  0.10 999.0  8.20   3.00     4 99.00 99.00
2012 10 10 20 00     1.0 19.20 999.00  0.10 999.0  8.30   3.50     4 99.00 99.00
2012 10 10 21 00     1.0 19.20 999.00  0.10 999.0  8.30   3.80     4 99.00 99.00
2012 10 10 22 00     1.0 19.10 999.00  0.10 999.0  8.30   4.00     4 99.00 99.00
2012 10 10 23 00     1.0 19.10 999.00  0.10 999.0  8.10   4.30     4 99.00 99.00
2012 10 11 00 00     1.0 19.10 999.00  0.10 999.0  7.90   4.00     4 99.00 99.00
2012 10 11 01 00     1.0 18.90 999.00  0.10 999.0  7.70   2.90     6 99.00 99.00
2012 10 11 02 00     1.0 18.80 999.00  0.10 999.0  7.60   3.00     5 99.00 99.00
2012 10 11 03 00     1.0 18.70 999.00  0.10 999.0  7.60   3.20     4 99.00 99.00
2012 10 11 04 00     1.0 18.70 999.00  0.10 999.0  7.70   3.50     4 99.00 99.00
2012 10 11 05 00     1.0 18.70 999.00  0.10 999.0  7.80   3.80     4 99.00 99.00
2012 10 11 06 00     1.0 18.60 999.00  0.10 999.0  7.80   3.90     4 99.00 99.00
2012 10 11 07 00     1.0 18.50 999.00  0.10 999.0  7.70   3.40     4 99.00 99.00
2012 10 11 08 00     1.0 18.30 999.00  0.10 999.0  7.70   3.30     4 99.00 99.00
2012 10 11 09 00     1.0 18.00 999.00  0.10 999.0  7.60   3.00     4 99.00 99.00
2012 10 11 10 00     1.0 18.10 999.00  0.10 999.0  7.70   3.60     4 99.00 99.00
2012 10 11 11 00     1.0 18.20 999.00  0.10 999.0  7.70   3.60     4 99.00 99.00
2012 10 11 12 00     1.0 18.20 999.00  0.10 999.0  7.70   3.30     4 99.00 99.00
2012 10 11 13 00     1.0 18.30 999.00  0.10 999.0  7.70   3.40     4 99.00 99.00
2012 10 11 14 00     1.0 18.30 999.00  0.10 999.0  7.80   3.20     5 99.00 99.00
2012 10 11 15 00     1.0 18.50 999.00  0.10 999.0  8.10   3.30     4 99.00 99.00
2012 10 11 16 00     1.0 18.70 999.00  0.10 999.0  8.20   2.90     6 99.00 99.00
2012 10 11 17 00     1.0 18.90 999.00  0.10 999.0  8.30   3.40     4 99.00 99.00
2012 10 11 18 00     1.0 19.00 999.00  0.10 999.0  8.20   3.40     4 99.00 99.00
2012 10 11 19 00     1.0 19.10 999.00  0.10 999.0  8.20   3.50     4 99.00 99.00
2012 10 11 20 00     1.0 19.00 999.00  0.10 999.0  8.40   4.00     4 99.00 99.00
2012 10 11 21 00     1.0 18.90 999.00  0.10 999.0  8.30   3.60     4 99.00 99.00
2012 10 11 22 00     1.0 18.90 999.00  0.10 999.0  8.50   4.10     4 99.00 99.00
2012 10 11 23 00     1.0 18.90 999.00  0.10 999.0  8.60   5.00     5 99.00 99.00
2012 10 12 00 00     1.0 18.80 999.00  0.10 999.0  8.60   5.00     4 99.00 99.00
2012 10 12 01 00     1.0 18.80 999.00  0.10 999.0  8.50   5.00     4 99.00 99.00
2012 10 12 02 00     1.0 18.70 999.00  0.10 999.0  8.20   3.60     4 99.00 99.00
2012 10 12 03 00     1.0 18.50 999.00  0.10 999.0  8.00   3.20     5 99.00 99.00
2012 10 12 04 00     1.0 18.50 999.00  0.10 999.0  7.90   3.10     5 99.00 99.00
2012 10 12 05 00     1.0 18.50 999.00  0.10 999.0  7.90   3.30     5 99.00 99.00
2012 10 12 06 00     1.0 18.40 999.00  0.10 999.0  7.90   3.50     5 99.00 99.00
2012 10 12 07 00     1.0 18.40 999.00  0.10 999.0  7.90   3.50     4 99.00 99.00
2012 10 12 08 00     1.0 18.30 999.00  0.10 999.0  7.90   3.20     4 99.00 99.00
2012 10 12 09 00     1.0 18.20 999.00  0.10 999.0  7.90   3.20     4 99.00 99.00
2012 10 12 10 00     1.0 18.00 999.00  0.10 999.0  7.90   3.20     4 99.00 99.00
2012 10 12 11 00     1.0 18.00 999.00  0.10 999.0  7.90   3.30     4 99.00 99.00
2012 10 12 12 00     1.0 18.10 999.00  0.10 999.0  7.90   2.90     4 99.00 99.00
2012 10 12 13 00     1.0 18.30 999.00  0.10 999.0  8.00   3.20     5 99.00 99.00
2012 10 12 14 00     1.0 18.50 999.00  0.10 999.0  8.10   3.70     4 99.00 99.00
2012 10 12 15 00     1.0 18.50 999.00  0.10 999.0  8.00   2.80     5 99.00 99.00
2012 10 12 18 00     1.0 18.40 999.00  0.10 999.0  8.30   3.20     5 99.00 99.00
2012 10 12 19 00     1.0 18.40 999.00  0.10 999.0  8.30   3.20     5 99.00 99.00
2012 10 12 20 00     1.0 18.40 999.00  0.10 999.0  8.50   3.70     5 99.00 99.00
2012 10 12 21 00     1.0 18.30 999.00  0.10 999.0  8.50   3.70     5 99.00 99.00
2012 10 12 22 00     1.0 18.20 999.00  0.10 999.0  8.60   4.30     5 99.00 99.00
2012 10 13 03 00     1.0 18.10 999.00  0.10 999.0  8.60   5.00     5 99.00 99.00
2012 10 13 04 00     1.0 18.10 999.00  0.10 999.0  8.50   4.40     4 99.00 99.00
2012 10 13 05 00     1.0 18.00 999.00  0.10 999.0  8.60   5.20     6 99.00 99.00
2012 10 13 07 00     1.0 17.90 999.00  0.20 999.0  8.70   5.40     5 99.00 99.00
2012 10 13 08 00     1.0 17.80 999.00  0.20 999.0  8.60   5.40     5 99.00 99.00
2012 10 13 09 00     1.0 17.70 999.00  0.10 999.0  8.60   5.10     5 99.00 99.00
2012 10 13 10 00     1.0 17.50 999.00  0.10 999.0  8.60   4.40     4 99.00 99.00
2012 10 13 11 00     1.0 17.20 999.00  0.10 999.0  8.60   4.70     5 99.00 99.00
2012 10 13 12 00     1.0 17.10 999.00  0.10 999.0  8.60   4.20     4 99.00 99.00
2012 10 13 13 00     1.0 17.20 999.00  0.10 999.0  8.70   4.20     4 99.00 99.00
2012 10 13 14 00     1.0 17.30 999.00  0.10 999.0  8.70   4.30     4 99.00 99.00
2012 10 13 15 00     1.0 17.60 999.00  0.10 999.0  8.70   4.80     4 99.00 99.00
2012 10 13 16 00     1.0 17.80 999.00  0.10 999.0  8.80   4.20     4 99.00 99.00
2012 10 13 17 00     1.0 18.00 999.00  0.10 999.0  8.90   5.20     4 99.00 99.00
2012 10 13 18 00     1.0 18.20 999.00  0.10 999.0  9.20   4.10     5 99.00 99.00
2012 10 13 19 00     1.0 18.40 999.00  0.10 999.0  9.10   3.90     5 99.00 99.00
2012 10 13 20 00     1.0 18.50 999.00  0.10 999.0  9.30   5.00     3 99.00 99.00
2012 10 13 21 00     1.0 18.10 999.00  0.10 999.0  9.40   6.30     3 99.00 99.00
2012 10 13 22 00     1.0 17.50 999.00  0.10 999.0  8.90   5.30     5 99.00 99.00
2012 10 13 23 00     1.0 17.20 999.00  0.10 999.0  9.30   8.50     4 99.00 99.00
2012 10 14 00 00     1.0 16.80 999.00  0.10 999.0  9.30   9.10     5 99.00 99.00
2012 10 14 01 00     1.0 16.40 999.00  0.10 999.0  9.40   9.70     5 99.00 99.00
2012 10 14 02 00     1.0 17.00 999.00  0.10 999.0  9.10   7.10     4 99.00 99.00
2012 10 14 03 00     1.0 17.00 999.00  0.10 999.0  9.10   6.50     5 99.00 99.00
2012 10 14 04 00     1.0 17.20 999.00  0.10 999.0  8.80   4.80     5 99.00 99.00
2012 10 14 05 00     1.0 17.20 999.00  0.10 999.0  9.00   6.10     6 99.00 99.00
2012 10 14 06 00     1.0 17.20 999.00  0.10 999.0  8.80   4.30     6 99.00 99.00
2012 10 14 07 00     1.0 17.20 999.00  0.10 999.0  8.80   4.60     5 99.00 99.00
2012 10 14 08 00     1.0 17.20 999.00  0.10 999.0  8.80   5.30     5 99.00 99.00
2012 10 14 09 00     1.0 17.20 999.00  0.10 999.0  8.80   5.00     5 99.00 99.00
2012 10 14 10 00     1.0 17.00 999.00  0.10 999.0  8.70   4.50     5 99.00 99.00
2012 10 14 11 00     1.0 16.90 999.00  0.10 999.0  8.90   6.20     5 99.00 99.00
2012 10 14 12 00     1.0 16.70 999.00  0.10 999.0  8.90   5.90     5 99.00 99.00
2012 10 14 13 00     1.0 16.60 999.00  0.10 999.0  8.90   5.80     4 99.00 99.00
2012 10 14 14 00     1.0 16.80 999.00  0.10 999.0  9.00   6.00     4 99.00 99.00
2012 10 14 15 00     1.0 16.90 999.00  0.10 999.0  8.90   4.80     6 99.00 99.00
2012 10 14 16 00     1.0 17.00 999.00  0.10 999.0  8.90   4.60     5 99.00 99.00
2012 10 14 17 00     1.0 17.10 999.00  0.10 999.0  9.00   5.00     4 99.00 99.00
2012 10 14 18 00     1.0 17.30 999.00  0.10 999.0  9.00   5.90     4 99.00 99.00
2012 10 14 19 00     1.0 17.40 999.00  0.10 999.0  9.00   5.40     5 99.00 99.00
2012 10 14 20 00     1.0 17.30 999.00  0.10 999.0  9.00   5.30     5 99.00 99.00
2012 10 14 21 00     1.0 17.20 999.00  0.10 999.0  8.90   5.00     5 99.00 99.00
2012 10 14 22 00     1.0 17.10 999.00  0.10 999.0  8.90   5.30     5 99.00 99.00
2012 10 14 23 00     1.0 17.10 999.00  0.10 999.0  8.90   6.30     5 99.00 99.00
2012 10 15 00 00     1.0 17.10 999.00  0.10 999.0  8.90   6.40     5 99.00 99.00
2012 10 15 01 00     1.0 17.10 999.00  0.10 999.0  9.10   7.60     4 99.00 99.00
2012 10 15 02 00     1.0 17.00 999.00  0.10 999.0  8.90   5.80     5 99.00 99.00
2012 10 15 03 00     1.0 17.20 999.00  0.10 999.0  8.90   5.80     4 99.00 99.00
2012 10 15 04 00     1.0 17.10 999.00  0.10 999.0  8.80   4.70     5 99.00 99.00
2012 10 15 05 00     1.0 17.10 999.00  0.10 999.0  8.80   4.70     4 99.00 99.00
2012 10 15 06 00     1.0 17.20 999.00  0.10 999.0  8.70   4.90     4 99.00 99.00
2012 10 15 07 00     1.0 17.10 999.00  0.10 999.0  8.60   4.70     4 99.00 99.00
2012 10 15 08 00     1.0 17.10 999.00  0.10 999.0  8.70   5.30     4 99.00 99.00
2012 10 15 09 00     1.0 17.10 999.00  0.10 999.0  8.80   5.40     4 99.00 99.00
2012 10 15 10 00     1.0 17.00 999.00  0.10 999.0  8.70   4.60     4 99.00 99.00
2012 10 15 11 00     1.0 17.00 999.00  0.10 999.0  8.50   4.00     4 99.00 99.00
2012 10 15 12 00     1.0 16.90 999.00  0.10 999.0  8.60   3.80     5 99.00 99.00
2012 10 15 13 00     1.0 16.90 999.00  0.10 999.0  8.60   3.80     5 99.00 99.00
2012 10 15 14 00     1.0 17.00 999.00  0.10 999.0  8.70   3.90     4 99.00 99.00
2012 10 15 15 00     1.0 17.00 999.00  0.10 999.0  8.70   4.30     4 99.00 99.00
2012 10 15 16 00     1.0 17.10 999.00  0.10 999.0  8.80   5.10     4 99.00 99.00
2012 10 15 19 00     1.0 17.20 999.00  0.10 999.0  8.80   5.60     4 99.00 99.00
2012 10 15 20 00     1.0 17.10 999.00  0.10 999.0  8.80   5.30     4 99.00 99.00
2012 10 15 21 00     1.0 17.20 999.00  0.10 999.0  8.90   6.70     4 99.00 99.00
2012 10 15 22 00     1.0 17.10 999.00  0.10 999.0  8.90   7.10     3 99.00 99.00
2012 10 15 23 00     1.0 17.00 999.00  0.10 999.0  8.80   5.80     4 99.00 99.00
2012 10 16 00 00     1.0 17.00 999.00  0.10 999.0  8.60   5.40     5 99.00 99.00
2012 10 16 01 00     1.0 17.10 999.00  0.10 999.0  8.70   5.80     4 99.00 99.00
2012 10 16 02 00     1.0 17.10 999.00  0.10 999.0  8.90   6.30     3 99.00 99.00
2012 10 16 03 00     1.0 17.10 999.00  0.10 999.0  8.90   6.50     4 99.00 99.00
2012 10 16 04 00     1.0 17.00 999.00  0.10 999.0  9.10   6.10     4 99.00 99.00
2012 10 16 05 00     1.0 17.00 999.00  0.10 999.0  9.00   5.40     4 99.00 99.00
2012 10 16 06 00     1.0 16.90 999.00  0.10 999.0  9.00   5.50     4 99.00 99.00
2012 10 16 07 00     1.0 16.90 999.00  0.10 999.0  9.00   5.60     4 99.00 99.00
2012 10 16 08 00     1.0 16.90 999.00  0.10 999.0  9.00   5.70     4 99.00 99.00
2012 10 16 09 00     1.0 16.90 999.00  0.10 999.0  9.00   5.70     4 99.00 99.00
2012 10 16 10 00     1.0 16.80 999.00  0.10 999.0  9.00   5.40     4 99.00 99.00
2012 10 16 11 00     1.0 16.70 999.00  0.10 999.0  8.90   5.70     4 99.00 99.00
2012 10 16 12 00     1.0 16.70 999.00  0.10 999.0  8.90   5.00     4 99.00 99.00
2012 10 16 13 00     1.0 16.50 999.00  0.10 999.0  9.00   4.90     4 99.00 99.00
2012 10 16 14 00     1.0 16.50 999.00  0.10 999.0  9.10   4.90     4 99.00 99.00
2012 10 16 15 00     1.0 16.60 999.00  0.10 999.0  9.10   5.00     4 99.00 99.00
2012 10 16 16 00     1.0 16.80 999.00  0.10 999.0  9.20   5.90     4 99.00 99.00
2012 10 16 17 00     1.0 16.90 999.00  0.10 999.0  9.20   5.50     4 99.00 99.00
2012 10 16 18 00     1.0 16.90 999.00  0.10 999.0  9.20   5.80     4 99.00 99.00
2012 10 16 19 00     1.0 16.90 999.00  0.10 999.0  9.20   5.90     4 99.00 99.00
2012 10 16 20 00     1.0 16.90 999.00  0.10 999.0  9.30   6.20     4 99.00 99.00
2012 10 16 21 00     1.0 16.90 999.00  0.10 999.0  9.30   6.80     4 99.00 99.00
2012 10 16 22 00     1.0 16.90 999.00  0.10 999.0  9.20   7.70     4 99.00 99.00
2012 10 16 23 00     1.0 16.90 999.00  0.10 999.0  9.20   7.90     4 99.00 99.00
2012 10 17 00 00     1.0 17.00 999.00  0.10 999.0  9.30   8.50     5 99.00 99.00
2012 10 17 01 00     1.0 16.90 999.00  0.10 999.0  9.40   8.80     5 99.00 99.00
2012 10 17 02 00     1.0 16.80 999.00  0.10 999.0  9.30   8.50     4 99.00 99.00
2012 10 17 03 00     1.0 16.80 999.00  0.10 999.0  9.30   8.80     4 99.00 99.00
2012 10 17 04 00     1.0 16.80 999.00  0.10 999.0  9.30   8.40     4 99.00 99.00
2012 10 17 05 00     1.0 16.80 999.00  0.10 999.0  9.20   7.90     4 99.00 99.00
2012 10 17 06 00     1.0 16.70 999.00  0.10 999.0  9.20   7.80     4 99.00 99.00
2012 10 17 07 00     1.0 16.70 999.00  0.10 999.0  9.00   6.70     4 99.00 99.00
2012 10 17 08 00     1.0 16.80 999.00  0.10 999.0  8.80   5.80     4 99.00 99.00
2012 10 17 09 00     1.0 16.80 999.00  0.10 999.0  8.80   6.00     4 99.00 99.00
2012 10 17 10 00     1.0 16.80 999.00  0.10 999.0  8.80   6.40     4 99.00 99.00
2012 10 17 11 00     1.0 16.70 999.00  0.10 999.0  8.80   6.20     4 99.00 99.00
2012 10 17 12 00     1.0 16.70 999.00  0.10 999.0  8.70   5.00     4 99.00 99.00
2012 10 17 13 00     1.0 16.60 999.00  0.10 999.0  8.70   4.90     4 99.00 99.00
2012 10 17 14 00     1.0 16.60 999.00  0.10 999.0  8.70   5.10     4 99.00 99.00
2012 10 17 15 00     1.0 16.80 999.00  0.10 999.0  8.80   5.50     4 99.00 99.00
2012 10 17 16 00     1.0 17.00 999.00  0.10 999.0  9.20  10.30     4 99.00 99.00
2012 10 17 17 00     1.0 17.10 999.00  0.10 999.0  9.20   8.10     4 99.00 99.00
2012 10 17 18 00     1.0 17.20 999.00  0.10 999.0  9.30   6.90     4 99.00 99.00
2012 10 17 19 00     1.0 17.30 999.00  0.10 999.0  9.30   6.10     4 99.00 99.00
2012 10 17 20 00     1.0 17.40 999.00  0.10 999.0  9.40   6.90     4 99.00 99.00
2012 10 17 21 00     1.0 17.30 999.00  0.10 999.0  9.30   6.80     4 99.00 99.00
2012 10 17 22 00     1.0 17.20 999.00  0.10 999.0  9.20   7.20     4 99.00 99.00
2012 10 17 23 00     1.0 17.00 999.00  0.10 999.0  9.00   5.90     4 99.00 99.00
2012 10 18 00 00     1.0 16.90 999.00  0.10 999.0  8.90   5.80     4 99.00 99.00
2012 10 18 01 00     1.0 16.90 999.00  0.10 999.0  9.00   6.40     5 99.00 99.00
2012 10 18 02 00     1.0 16.80 999.00  0.10 999.0  8.70   5.40     5 99.00 99.00
2012 10 18 03 00     1.0 16.80 999.00  0.10 999.0  8.60   5.30     4 99.00 99.00
2012 10 18 04 00     1.0 16.70 999.00  0.10 999.0  8.70   5.60     5 99.00 99.00
2012 10 18 05 00     1.0 16.70 999.00  0.10 999.0  8.60   5.40     4 99.00 99.00
2012 10 18 06 00     1.0 16.60 999.00  0.10 999.0  9.10   8.80     4 99.00 99.00
2012 10 18 07 00     1.0 16.70 999.00  0.10 999.0  9.20  10.00     4 99.00 99.00
2012 10 18 08 00     1.0 16.80 999.00  0.10 999.0  8.60   4.50     4 99.00 99.00
2012 10 18 09 00     1.0 16.80 999.00  0.10 999.0  8.50   4.40     4 99.00 99.00
2012 10 18 10 00     1.0 16.80 999.00  0.10 999.0  8.40   4.30     4 99.00 99.00
2012 10 18 11 00     1.0 16.70 999.00  0.10 999.0  8.30   4.30     4 99.00 99.00
2012 10 18 12 00     1.0 16.70 999.00  0.10 999.0  8.30   4.10     4 99.00 99.00
2012 10 18 13 00     1.0 16.70 999.00  0.10 999.0  8.60   4.10     4 99.00 99.00
2012 10 18 14 00     1.0 16.70 999.00  0.10 999.0  8.80   5.40     4 99.00 99.00
2012 10 18 15 00     1.0 17.00 999.00  0.10 999.0  8.80   4.10     4 99.00 99.00
2012 10 18 16 00     1.0 17.70 999.00  0.10 999.0  8.90   3.40     3 99.00 99.00
2012 10 18 17 00     1.0 18.10 999.00  0.10 999.0  8.90   4.10     3 99.00 99.00
2012 10 18 18 00     1.0 17.40 999.00  0.10 999.0  9.00   5.90     4 99.00 99.00
2012 10 18 19 00     1.0 17.00 999.00  0.10 999.0  8.50   3.40     5 99.00 99.00
2012 10 18 20 00     1.0 16.90 999.00  0.10 999.0  8.60   4.10     4 99.00 99.00
2012 10 18 21 00     1.0 16.80 999.00  0.10 999.0  8.50   3.60     5 99.00 99.00
2012 10 18 22 00     1.0 16.80 999.00  0.10 999.0  8.40   3.10     6 99.00 99.00
2012 10 18 23 00     1.0 16.80 999.00  0.10 999.0  8.40   3.30     5 99.00 99.00
2012 10 19 00 00     1.0 16.80 999.00  0.10 999.0  8.50   3.20     4 99.00 99.00
2012 10 19 01 00     1.0 16.80 999.00  0.10 999.0  8.50   3.20     5 99.00 99.00
2012 10 19 02 00     1.0 16.80 999.00  0.10 999.0  8.50   4.00     5 99.00 99.00
2012 10 19 03 00     1.0 16.90 999.00  0.10 999.0  8.70   4.10     5 99.00 99.00
2012 10 19 04 00     1.0 16.80 999.00  0.10 999.0  8.70   4.40     4 99.00 99.00
2012 10 19 05 00     1.0 16.80 999.00  0.10 999.0  8.60   4.30     4 99.00 99.00
2012 10 19 06 00     1.0 16.90 999.00  0.10 999.0  8.70   4.90     4 99.00 99.00
2012 10 19 07 00     1.0 16.90 999.00  0.10 999.0  8.60   4.30     4 99.00 99.00
2012 10 19 08 00     1.0 16.80 999.00  0.10 999.0  8.50   3.90     4 99.00 99.00
2012 10 19 09 00     1.0 16.90 999.00  0.10 999.0  8.60   4.30     3 99.00 99.00
2012 10 19 10 00     1.0 16.90 999.00  0.10 999.0  8.60   4.90     3 99.00 99.00
2012 10 19 11 00     1.0 16.90 999.00  0.10 999.0  8.60   5.10     3 99.00 99.00
2012 10 19 12 00     1.0 16.90 999.00  0.10 999.0  8.50   6.00     3 99.00 99.00
2012 10 19 13 00     1.0 16.90 999.00  0.10 999.0  8.60   6.00     3 99.00 99.00
2012 10 19 14 00     1.0 16.90 999.00  0.10 999.0  8.60   4.60     3 99.00 99.00
2012 10 19 15 00     1.0 17.00 999.00  0.10 999.0  8.60   5.10     3 99.00 99.00
2012 10 19 16 00     1.0 17.20 999.00  0.10 999.0  8.70   7.10     3 99.00 99.00
2012 10 19 17 00     1.0 17.50 999.00  0.10 999.0  8.70   7.00     3 99.00 99.00
2012 10 19 18 00     1.0 17.60 999.00  0.10 999.0  8.90   9.30     3 99.00 99.00
2012 10 19 19 00     1.0 17.40 999.00  0.10 999.0  9.70   6.30     3 99.00 99.00
2012 10 19 20 00     1.0 17.70 999.00  0.10 999.0  9.80   6.60     3 99.00 99.00
2012 10 19 21 00     1.0 17.80 999.00  0.10 999.0 10.00   7.10     3 99.00 99.00
2012 10 19 22 00     1.0 17.50 999.00  0.10 999.0  9.50   9.40     3 99.00 99.00
2012 10 19 23 00     1.0 17.10 999.00  0.10 999.0  9.10   6.10     4 99.00 99.00
2012 10 20 00 00     1.0 17.20 999.00  0.10 999.0  8.80   5.20     4 99.00 99.00
2012 10 20 01 00     1.0 17.20 999.00  0.10 999.0  8.90   4.90     4 99.00 99.00
2012 10 20 02 00     1.0 17.10 999.00  0.10 999.0  8.80   4.70     4 99.00 99.00
2012 10 20 03 00     1.0 17.10 999.00  0.10 999.0  8.80   4.90     4 99.00 99.00
2012 10 20 04 00     1.0 17.00 999.00  0.10 999.0  8.80   4.90     4 99.00 99.00
2012 10 20 05 00     1.0 17.00 999.00  0.10 999.0  8.70   4.40     4 99.00 99.00
2012 10 20 06 00     1.0 17.00 999.00  0.10 999.0  8.60   4.40     4 99.00 99.00
2012 10 20 07 00     1.0 17.00 999.00  0.10 999.0  8.80   6.20     4 99.00 99.00
2012 10 20 08 00     1.0 17.10 999.00  0.10 999.0  8.90   6.50     3 99.00 99.00
2012 10 20 09 00     1.0 17.20 999.00  0.10 999.0  9.10   6.90     3 99.00 99.00
2012 10 20 10 00     1.0 17.30 999.00  0.10 999.0  9.30   7.50     3 99.00 99.00
2012 10 20 11 00     1.0 17.40 999.00  0.10 999.0  9.10   6.60     3 99.00 99.00
2012 10 20 12 00     1.0 17.40 999.00  0.10 999.0  9.00   5.70     3 99.00 99.00
2012 10 20 13 00     1.0 17.40 999.00  0.10 999.0  8.90   6.10     3 99.00 99.00
2012 10 20 14 00     1.0 17.50 999.00  0.10 999.0  9.00   7.00     3 99.00 99.00
2012 10 20 15 00     1.0 17.60 999.00  0.10 999.0  9.20   6.90     3 99.00 99.00
2012 10 20 16 00     1.0 17.70 999.00  0.10 999.0  9.20   6.60     3 99.00 99.00
2012 10 20 17 00     1.0 17.70 999.00  0.10 999.0  9.00   4.30     3 99.00 99.00
2012 10 20 18 00     1.0 17.90 999.00  0.10 999.0  9.00   4.20     3 99.00 99.00
2012 10 20 19 00     1.0 99.00 999.00 99.00 999.0 99.00 999.00    99 99.00 99.00
2012 10 20 20 00     1.0 17.90 999.00  0.10 999.0  9.20   5.00     3 99.00 99.00
2012 10 20 21 00     1.0 17.90 999.00  0.10 999.0  9.20   4.90     4 99.00 99.00
2012 10 20 22 00     1.0 17.70 999.00  0.10 999.0  9.00   4.50     4 99.00 99.00
2012 10 20 23 00     1.0 17.70 999.00  0.10 999.0  9.00   4.80     4 99.00 99.00
2012 10 21 00 00     1.0 17.70 999.00  0.10 999.0  8.90   3.80     4 99.00 99.00
2012 10 21 01 00     1.0 17.60 999.00  0.10 999.0  8.80   3.50     4 99.00 99.00
2012 10 21 02 00     1.0 17.60 999.00  0.10 999.0  8.80   3.90     4 99.00 99.00
2012 10 21 03 00     1.0 17.50 999.00  0.10 999.0  8.70   4.20     4 99.00 99.00
2012 10 21 04 00     1.0 17.50 999.00  0.10 999.0  8.80   3.90     4 99.00 99.00
2012 10 21 05 00     1.0 17.50 999.00  0.10 999.0  8.80   4.10     4 99.00 99.00
2012 10 21 06 00     1.0 17.30 999.00  0.10 999.0  8.80   3.90     4 99.00 99.00
2012 10 21 08 00     1.0 17.30 999.00  0.10 999.0  8.70   3.70     4 99.00 99.00
2012 10 21 09 00     1.0 17.30 999.00  0.10 999.0  8.60   3.90     4 99.00 99.00
2012 10 21 10 00     1.0 17.20 999.00  0.10 999.0  8.60   4.10     4 99.00 99.00
2012 10 21 11 00     1.0 17.20 999.00  0.10 999.0  8.60   4.00     4 99.00 99.00
2012 10 21 12 00     1.0 17.20 999.00  0.10 999.0  8.60   3.70     4 99.00 99.00
2012 10 21 13 00     1.0 17.30 999.00  0.10 999.0  8.50   3.30     5 99.00 99.00
2012 10 21 14 00     1.0 17.30 999.00  0.10 999.0  8.50   3.00     5 99.00 99.00
2012 10 21 15 00     1.0 17.30 999.00  0.10 999.0  8.60   3.30     4 99.00 99.00
2012 10 21 16 00     1.0 17.40 999.00  0.10 999.0  8.60   3.20     4 99.00 99.00
2012 10 21 17 00     1.0 17.60 999.00  0.10 999.0  8.70   3.90     4 99.00 99.00
2012 10 21 18 00     1.0 17.70 999.00  0.10 999.0  8.90   3.90     4 99.00 99.00
2012 10 21 19 00     1.0 17.70 999.00  0.10 999.0  9.00   4.80     4 99.00 99.00
2012 10 21 20 00     1.0 17.70 999.00  0.10 999.0  9.00   5.40     4 99.00 99.00
2012 10 21 21 00     1.0 17.60 999.00  0.10 999.0  8.90   5.70     4 99.00 99.00
2012 10 21 22 00     1.0 17.50 999.00  0.10 999.0  8.80   5.50     4 99.00 99.00
2012 10 21 23 00     1.0 17.50 999.00  0.10 999.0  8.80   5.40     4 99.00 99.00
2012 10 22 00 00     1.0 17.40 999.00  0.10 999.0  8.60   5.20     4 99.00 99.00
2012 10 22 01 00     1.0 17.40 999.00  0.10 999.0  8.50   4.30     4 99.00 99.00
2012 10 22 02 00     1.0 17.30 999.00  0.10 999.0  8.60   4.30     4 99.00 99.00
2012 10 22 03 00     1.0 17.20 999.00  0.10 999.0  8.60   4.60     4 99.00 99.00
2012 10 22 04 00     1.0 17.20 999.00  0.10 999.0  8.60   4.80     4 99.00 99.00
2012 10 22 05 00     1.0 17.20 999.00  0.10 999.0  8.50   4.20     4 99.00 99.00
2012 10 22 06 00     1.0 17.10 999.00  0.10 999.0  8.40   4.30     4 99.00 99.00
2012 10 22 07 00     1.0 17.10 999.00  0.10 999.0  8.40   4.60     4 99.00 99.00
2012 10 22 08 00     1.0 17.00 999.00  0.10 999.0  8.50   4.40     4 99.00 99.00
2012 10 22 09 00     1.0 16.90 999.00  0.10 999.0  8.50   4.20     4 99.00 99.00
2012 10 22 10 00     1.0 16.90 999.00  0.10 999.0  8.60   4.80     4 99.00 99.00
2012 10 22 11 00     1.0 17.00 999.00  0.10 999.0  8.60   4.40     4 99.00 99.00
2012 10 22 12 00     1.0 17.00 999.00  0.10 999.0  8.50   4.00     4 99.00 99.00
2012 10 22 13 00     1.0 17.10 999.00  0.10 999.0  9.00   5.50     5 99.00 99.00
2012 10 22 14 00     1.0 17.20 999.00  0.10 999.0  8.60   4.20     5 99.00 99.00
2012 10 22 15 00     1.0 17.30 999.00  0.10 999.0  8.70   4.20     4 99.00 99.00
2012 10 22 16 00     1.0 17.30 999.00  0.10 999.0  8.80   4.20     4 99.00 99.00
2012 10 22 17 00     1.0 17.30 999.00  0.10 999.0  8.80   4.20     4 99.00 99.00
2012 10 22 18 00     1.0 17.50 999.00  0.10 999.0  9.00   5.50     4 99.00 99.00
2012 10 22 19 00     1.0 17.70 999.00  0.10 999.0  9.30   7.70     4 99.00 99.00
2012 10 22 20 00     1.0 17.90 999.00  0.10 999.0  9.70   9.60     4 99.00 99.00
2012 10 22 21 00     1.0 17.80 999.00  0.10 999.0  9.70  10.30     4 99.00 99.00
2012 10 22 22 00     1.0 17.80 999.00  0.10 999.0 10.00  15.90     4 99.00 99.00
2012 10 22 23 00     1.0 17.50 999.00  0.10 999.0  9.10   6.80     4 99.00 99.00
2012 10 23 00 00     1.0 17.30 999.00  0.10 999.0  8.90   6.00     3 99.00 99.00
2012 10 23 01 00     1.0 17.10 999.00  0.10 999.0  9.20   5.00     4 99.00 99.00
2012 10 23 02 00     1.0 17.00 999.00  0.10 999.0  9.20   4.60     5 99.00 99.00
2012 10 23 03 00     1.0 17.00 999.00  0.10 999.0  9.10   5.20     5 99.00 99.00
2012 10 23 04 00     1.0 17.00 999.00  0.20 999.0  8.90   5.40     5 99.00 99.00
2012 10 23 05 00     1.0 16.90 999.00  0.10 999.0  9.10   5.10     4 99.00 99.00
2012 10 23 06 00     1.0 16.90 999.00  0.10 999.0  9.20   4.90     4 99.00 99.00
2012 10 23 07 00     1.0 16.80 999.00  0.10 999.0  9.10   4.90     4 99.00 99.00
2012 10 23 08 00     1.0 16.80 999.00  0.10 999.0  9.00   5.20     4 99.00 99.00
2012 10 23 09 00     1.0 16.80 999.00  0.10 999.0  9.00   5.30     4 99.00 99.00
2012 10 23 10 00     1.0 16.70 999.00  0.10 999.0  9.10   5.30     4 99.00 99.00
2012 10 23 11 00     1.0 16.80 999.00  0.10 999.0  9.00   5.00     4 99.00 99.00
2012 10 23 12 00     1.0 16.90 999.00  0.20 999.0  8.90   4.90     4 99.00 99.00
2012 10 23 13 00     1.0 16.90 999.00  0.10 999.0  9.20   4.70     4 99.00 99.00
2012 10 23 14 00     1.0 17.10 999.00  0.20 999.0  8.90   5.40     4 99.00 99.00
2012 10 23 15 00     1.0 16.90 999.00  0.20 999.0  8.60   4.50     5 99.00 99.00
2012 10 23 16 00     1.0 16.90 999.00  0.20 999.0  8.70   5.70     4 99.00 99.00
2012 10 23 17 00     1.0 17.30 999.00  0.20 999.0  9.30   8.40     4 99.00 99.00
2012 10 23 18 00     1.0 17.50 999.00  0.20 999.0  9.40  17.90     4 99.00 99.00
2012 10 23 19 00     1.0 17.90 999.00  0.20 999.0  9.10   5.40     3 99.00 99.00
2012 10 23 20 00     1.0 18.30 999.00  0.20 999.0  9.10   6.40     3 99.00 99.00
2012 10 23 21 00     1.0 17.70 999.00  0.20 999.0  9.20   7.30     3 99.00 99.00
2012 10 23 22 00     1.0 17.70 999.00  0.20 999.0  9.30  12.80     3 99.00 99.00
2012 10 23 23 00     1.0 17.50 999.00  0.20 999.0  9.30   6.00     3 99.00 99.00
2012 10 24 00 00     1.0 17.00 999.00  0.20 999.0  9.00   4.70     5 99.00 99.00
2012 10 24 01 00     1.0 17.10 999.00  0.20 999.0  9.20   4.70     4 99.00 99.00
2012 10 24 02 00     1.0 17.10 999.00  0.20 999.0  9.20   6.10     4 99.00 99.00
2012 10 24 03 00     1.0 17.20 999.00  0.20 999.0  9.10   7.30     4 99.00 99.00
2012 10 24 06 00     1.0 17.10 999.00  0.20 999.0  8.90   7.90     4 99.00 99.00
2012 10 24 08 00     1.0 17.10 999.00  0.20 999.0  9.00   6.00     4 99.00 99.00
2012 10 24 09 00     1.0 17.00 999.00  0.20 999.0  8.90   6.00     4 99.00 99.00
2012 10 24 10 00     1.0 17.00 999.00  0.20 999.0  9.00   5.40     4 99.00 99.00
2012 10 24 11 00     1.0 17.00 999.00  0.20 999.0  9.00   6.20     4 99.00 99.00
2012 10 24 12 00     1.0 17.00 999.00  0.20 999.0  8.90   6.30     4 99.00 99.00
2012 10 24 13 00     1.0 17.10 999.00  0.20 999.0  8.70   5.20     4 99.00 99.00
2012 10 24 14 00     1.0 17.10 999.00  0.20 999.0  8.80   7.30     3 99.00 99.00
2012 10 24 15 00     1.0 17.10 999.00  0.20 999.0  8.90   6.90     4 99.00 99.00
2012 10 24 16 00     1.0 17.30 999.00  0.20 999.0  9.10   7.10     4 99.00 99.00
2012 10 24 17 00     1.0 17.80 999.00  0.20 999.0  9.50   7.00     3 99.00 99.00
2012 10 24 18 00     1.0 18.10 999.00  0.20 999.0  9.70   7.00     3 99.00 99.00
2012 10 24 19 00     1.0 18.80 999.00  0.20 999.0  9.40   4.80     2 99.00 99.00
2012 10 24 20 00     1.0 18.90 999.00  0.20 999.0  9.10   9.60     2 99.00 99.00
2012 10 24 21 00     1.0 17.90 999.00  0.20 999.0  9.20   8.50     3 99.00 99.00
2012 10 24 22 00     1.0 17.60 999.00  0.20 999.0  9.40   8.80     3 99.00 99.00
2012 10 25 04 00     1.0 17.50 999.00  0.20 999.0  8.80   5.40     5 99.00 99.00
2012 10 25 05 00     1.0 17.50 999.00  0.20 999.0  8.70   5.10     4 99.00 99.00
2012 10 25 06 00     1.0 17.50 999.00  0.20 999.0  8.60   4.80     4 99.00 99.00
2012 10 25 07 00     1.0 17.50 999.00  0.20 999.0  8.70   4.70     4 99.00 99.00
2012 10 25 08 00     1.0 17.40 999.00  0.20 999.0  8.80   5.60     4 99.00 99.00
2012 10 25 09 00     1.0 17.40 999.00  0.20 999.0  9.00   6.10     4 99.00 99.00
2012 10 25 10 00     1.0 17.40 999.00  0.20 999.0  8.90   6.30     4 99.00 99.00
2012 10 25 11 00     1.0 17.40 999.00  0.20 999.0  8.90   6.30     4 99.00 99.00
2012 10 25 12 00     1.0 17.40 999.00  0.20 999.0  8.80   6.00     4 99.00 99.00
2012 10 25 13 00     1.0 17.40 999.00  0.20 999.0  8.60   4.60     3 99.00 99.00
2012 10 25 14 00     1.0 17.40 999.00  0.20 999.0  8.60   4.80     4 99.00 99.00
2012 10 25 15 00     1.0 17.40 999.00  0.20 999.0  8.60   4.90     4 99.00 99.00
2012 10 25 16 00     1.0 17.50 999.00  0.20 999.0  8.70   5.30     4 99.00 99.00
2012 10 25 17 00     1.0 17.60 999.00  0.20 999.0  8.80   5.50     4 99.00 99.00
2012 10 25 18 00     1.0 17.70 999.00  0.20 999.0  8.80   6.20     4 99.00 99.00
2012 10 25 19 00     1.0 17.70 999.00  0.20 999.0  8.80   6.40     4 99.00 99.00
2012 10 25 20 00     1.0 17.60 999.00  0.20 999.0  8.90   7.40     4 99.00 99.00
2012 10 25 21 00     1.0 17.50 999.00  0.20 999.0  8.70   6.20     4 99.00 99.00
2012 10 25 22 00     1.0 17.60 999.00  0.20 999.0  8.80   7.20     4 99.00 99.00
2012 10 25 23 00     1.0 17.60 999.00  0.20 999.0  8.80   6.10     4 99.00 99.00
2012 10 26 00 00     1.0 17.70 999.00  0.20 999.0  8.90   6.30     3 99.00 99.00
2012 10 26 01 00     1.0 17.70 999.00  0.20 999.0  8.90   5.00     4 99.00 99.00
2012 10 26 02 00     1.0 17.70 999.00  0.20 999.0  8.90   5.40     4 99.00 99.00
2012 10 26 03 00     1.0 17.70 999.00  0.20 999.0  9.00   5.70     4 99.00 99.00
2012 10 26 04 00     1.0 17.70 999.00  0.20 999.0  9.00   5.70     5 99.00 99.00
2012 10 26 06 00     1.0 17.60 999.00  0.20 999.0  8.90   5.50     4 99.00 99.00
2012 10 26 07 00     1.0 17.60 999.00  0.20 999.0  8.90   5.30     4 99.00 99.00
2012 10 26 08 00     1.0 17.60 999.00  0.20 999.0  9.00   5.20     4 99.00 99.00
2012 10 26 09 00     1.0 17.60 999.00  0.20 999.0  8.90   5.10     4 99.00 99.00
2012 10 26 10 00     1.0 17.60 999.00  0.20 999.0  8.80   5.10     4 99.00 99.00
2012 10 26 11 00     1.0 17.60 999.00  0.20 999.0  8.80   5.30     4 99.00 99.00
2012 10 26 12 00     1.0 17.60 999.00  0.20 999.0  9.00   5.00     4 99.00 99.00
2012 10 26 13 00     1.0 17.60 999.00  0.20 999.0  9.00   5.70     3 99.00 99.00
2012 10 26 14 00     1.0 17.50 999.00  0.20 999.0  8.80   4.50     4 99.00 99.00
2012 10 26 15 00     1.0 17.50 999.00  0.20 999.0  8.60   5.00     4 99.00 99.00
2012 10 26 16 00     1.0 17.40 999.00  0.20 999.0  8.50   5.60     4 99.00 99.00
2012 10 26 17 00     1.0 17.40 999.00  0.20 999.0  8.40   5.50     5 99.00 99.00
2012 10 26 18 00     1.0 17.50 999.00  0.20 999.0  8.50   7.20     4 99.00 99.00
2012 10 26 19 00     1.0 17.50 999.00  0.20 999.0  8.60   5.60     4 99.00 99.00
2012 10 26 20 00     1.0 17.80 999.00  0.20 999.0  9.10   7.70     4 99.00 99.00
2012 10 26 21 00     1.0 17.80 999.00  0.20 999.0  9.20  14.20     3 99.00 99.00
2012 10 26 22 00     1.0 17.70 999.00  0.20 999.0  8.90  13.20     3 99.00 99.00
2012 10 26 23 00     1.0 17.70 999.00  0.20 999.0  9.00  16.80     3 99.00 99.00
2012 10 27 00 00     1.0 17.60 999.00  0.20 999.0  8.80  12.50     3 99.00 99.00
2012 10 27 01 00     1.0 17.50 999.00  0.20 999.0  8.60   7.90     3 99.00 99.00
2012 10 27 02 00     1.0 17.40 999.00  0.20 999.0  8.50   7.20     4 99.00 99.00
2012 10 27 03 00     1.0 17.40 999.00  0.20 999.0  8.50   5.80     4 99.00 99.00
2012 10 27 04 00     1.0 17.40 999.00  0.20 999.0  8.50   5.60     4 99.00 99.00
2012 10 27 05 00     1.0 17.40 999.00  0.20 999.0  8.50   5.00     4 99.00 99.00
2012 10 27 06 00     1.0 17.40 999.00  0.20 999.0  8.50   4.90     4 99.00 99.00
2012 10 27 07 00     1.0 17.30 999.00  0.20 999.0  8.40   4.70     4 99.00 99.00
2012 10 27 08 00     1.0 17.30 999.00  0.20 999.0  8.40   4.70     4 99.00 99.00
2012 10 27 09 00     1.0 17.30 999.00  0.20 999.0  8.40   4.60     4 99.00 99.00
2012 10 27 10 00     1.0 17.20 999.00  0.20 999.0  8.40   4.90     4 99.00 99.00
2012 10 27 11 00     1.0 17.20 999.00  0.20 999.0  8.40   5.00     4 99.00 99.00
2012 10 27 12 00     1.0 17.10 999.00  0.20 999.0  8.40   4.80     4 99.00 99.00
2012 10 27 13 00     1.0 17.20 999.00  0.20 999.0  8.40   4.20     4 99.00 99.00
2012 10 27 15 00     1.0 17.30 999.00  0.20 999.0  8.20   3.60     4 99.00 99.00
2012 10 27 16 00     1.0 17.30 999.00  0.20 999.0  8.10   4.00     4 99.00 99.00
2012 10 27 17 00     1.0 17.40 999.00  0.20 999.0  8.30   4.20     4 99.00 99.00
2012 10 27 18 00     1.0 17.40 999.00  0.20 999.0  8.30   4.40     4 99.00 99.00
2012 10 27 19 00     1.0 17.50 999.00  0.20 999.0  8.40   5.00     4 99.00 99.00
2012 10 27 20 00     1.0 17.50 999.00  0.20 999.0  8.40   4.80     4 99.00 99.00
2012 10 27 21 00     1.0 17.50 999.00  0.20 999.0  8.40   4.60     4 99.00 99.00
2012 10 27 22 00     1.0 17.50 999.00  0.20 999.0  8.30   4.80     4 99.00 99.00
2012 10 27 23 00     1.0 17.50 999.00  0.20 999.0  8.30   5.60     4 99.00 99.00
2012 10 28 00 00     1.0 17.50 999.00  0.20 999.0  8.50   6.30     4 99.00 99.00
2012 10 28 01 00     1.0 17.40 999.00  0.20 999.0  8.40   5.80     4 99.00 99.00
2012 10 28 02 00     1.0 17.50 999.00  0.20 999.0  8.40   5.50     4 99.00 99.00
2012 10 28 03 00     1.0 17.40 999.00  0.20 999.0  8.40   6.40     4 99.00 99.00
2012 10 28 04 00     1.0 17.40 999.00  0.20 999.0  8.40   6.30     4 99.00 99.00
2012 10 28 05 00     1.0 17.40 999.00  0.20 999.0  8.30   6.20     4 99.00 99.00
2012 10 28 06 00     1.0 17.40 999.00  0.20 999.0  8.40   6.60     4 99.00 99.00
2012 10 28 07 00     1.0 17.40 999.00  0.20 999.0  8.40   5.80     4 99.00 99.00
2012 10 28 08 00     1.0 17.40 999.00  0.20 999.0  8.40   5.60     4 99.00 99.00
2012 10 28 09 00     1.0 17.30 999.00  0.20 999.0  8.40   5.30     4 99.00 99.00
2012 10 28 10 00     1.0 17.30 999.00  0.20 999.0  8.40   6.20     4 99.00 99.00
2012 10 28 11 00     1.0 17.20 999.00  0.20 999.0  8.30   5.50     4 99.00 99.00
2012 10 28 12 00     1.0 17.30 999.00  0.20 999.0  8.50   5.10     4 99.00 99.00
2012 10 28 13 00     1.0 17.40 999.00  0.20 999.0  8.50   4.00     5 99.00 99.00
2012 10 28 14 00     1.0 17.30 999.00  0.20 999.0  8.30   3.50     5 99.00 99.00
2012 10 28 15 00     1.0 17.20 999.00  0.20 999.0  8.20   3.50     5 99.00 99.00
2012 10 28 16 00     1.0 17.20 999.00  0.20 999.0  8.20   3.80     5 99.00 99.00
2012 10 28 17 00     1.0 17.20 999.00  0.20 999.0  8.30   4.20     5 99.00 99.00
2012 10 28 18 00     1.0 17.30 999.00  0.20 999.0  8.40   4.40     4 99.00 99.00
2012 10 28 19 00     1.0 17.30 999.00  0.20 999.0  8.60   4.40     4 99.00 99.00
2012 10 28 20 00     1.0 17.30 999.00  0.20 999.0  8.70   4.80     4 99.00 99.00
2012 10 28 21 00     1.0 17.30 999.00  0.20 999.0  8.70   4.90     4 99.00 99.00
2012 10 28 22 00     1.0 17.20 999.00  0.20 999.0  8.80   5.30     4 99.00 99.00
2012 10 28 23 00     1.0 17.20 999.00  0.20 999.0  9.00   5.20     5 99.00 99.00
2012 10 29 00 00     1.0 17.20 999.00  0.20 999.0  8.90   5.10     5 99.00 99.00
2012 10 29 01 00     1.0 17.00 999.00  0.20 999.0  8.70   5.00     4 99.00 99.00
2012 10 29 02 00     1.0 16.70 999.00  0.20 999.0  8.50   4.80     5 99.00 99.00
2012 10 29 03 00     1.0 16.80 999.00  0.20 999.0  8.50   4.20     5 99.00 99.00
2012 10 29 04 00     1.0 16.80 999.00  0.20 999.0  8.60   4.90     5 99.00 99.00
2012 10 29 05 00     1.0 17.10 999.00  0.20 999.0  9.00   4.20     4 99.00 99.00
2012 10 29 06 00     1.0 17.10 999.00  0.20 999.0  9.00   4.10     5 99.00 99.00
2012 10 29 07 00     1.0 17.00 999.00  0.20 999.0  8.70   3.00     4 99.00 99.00
2012 10 29 08 00     1.0 17.10 999.00  0.20 999.0  8.50   3.00     4 99.00 99.00
2012 10 29 09 00     1.0 16.90 999.00  0.20 999.0  8.40   2.90     4 99.00 99.00
2012 10 29 10 00     1.0 16.80 999.00  0.20 999.0  8.40   3.00     4 99.00 99.00
2012 10 29 11 00     1.0 16.50 999.00  0.20 999.0  8.40   3.40     5 99.00 99.00
2012 10 29 12 00     1.0 16.50 999.00  0.20 999.0  8.40   3.00     6 99.00 99.00
2012 10 29 13 00     1.0 16.70 999.00  0.20 999.0  8.40   3.80     7 99.00 99.00
2012 10 29 14 00     1.0 16.70 999.00  0.20 999.0  8.30   3.20     7 99.00 99.00
2012 10 29 15 00     1.0 16.70 999.00  0.20 999.0  8.40   3.50     8 99.00 99.00
2012 10 29 16 00     1.0 16.80 999.00  0.20 999.0  8.20   2.90     9 99.00 99.00
2012 10 29 17 00     1.0 16.60 999.00  0.20 999.0  8.30   3.20    10 99.00 99.00
2012 10 29 18 00     1.0 16.50 999.00  0.20 999.0  8.40   3.00     9 99.00 99.00
2012 10 29 19 00     1.0 16.40 999.00  0.20 999.0  8.40   2.80     8 99.00 99.00
2012 10 29 20 00     1.0 16.30 999.00  0.20 999.0  8.40   2.80     8 99.00 99.00
2012 10 29 21 00     1.0 16.20 999.00  0.20 999.0  8.40   3.60    10 99.00 99.00
2012 10 29 22 00     1.0 16.40 999.00  0.20 999.0  8.30   3.90    14 99.00 99.00
2012 10 29 23 00     1.0 16.40 999.00  0.20 999.0  8.30   3.80    11 99.00 99.00
2012 10 30 00 00     1.0 16.30 999.00  0.20 999.0  8.40   3.90    19 99.00 99.00
2012 10 30 01 00     1.0 16.20 999.00  0.20 999.0  8.40   3.70    16 99.00 99.00
2012 10 30 02 00     1.0 15.80 999.00  0.20 999.0  8.40   3.30    17 99.00 99.00
2012 10 30 03 00     1.0 15.60 999.00  0.20 999.0  8.50   3.20    18 99.00 99.00
2012 10 30 04 00     1.0 16.00 999.00  0.20 999.0  8.40   3.60    11 99.00 99.00
2012 10 30 05 00     1.0 16.20 999.00  0.20 999.0  8.30   3.60     8 99.00 99.00
2012 10 30 06 00     1.0 15.80 999.00  0.20 999.0  8.40   3.50    12 99.00 99.00
2012 10 30 07 00     1.0 15.80 999.00  0.20 999.0  8.40   3.20    14 99.00 99.00
2012 10 30 08 00     1.0 15.50 999.00  0.10 999.0  8.50   3.30    17 99.00 99.00
2012 10 30 09 00     1.0 15.40 999.00  0.10 999.0  8.50   3.30    17 99.00 99.00
2012 10 30 10 00     1.0 15.10 999.00  0.10 999.0  8.70   3.40    15 99.00 99.00
2012 10 30 11 00     1.0 15.30 999.00  0.10 999.0  8.50   3.40    16 99.00 99.00
2012 10 30 12 00     1.0 15.20 999.00  0.10 999.0  8.50   3.60    16 99.00 99.00
2012 10 30 13 00     1.0 14.70 999.00  0.10 999.0  8.60   4.00    23 99.00 99.00
2012 10 30 14 00     1.0 14.60 999.00  0.10 999.0  8.80   3.60    28 99.00 99.00
2012 10 30 15 00     1.0 14.40 999.00  0.10 999.0  8.90   3.40    30 99.00 99.00
2012 10 30 16 00     1.0 14.20 999.00  0.10 999.0  9.00   3.50    32 99.00 99.00
2012 10 30 17 00     1.0 14.10 999.00  0.10 999.0  9.00   3.80    32 99.00 99.00
2012 10 30 18 00     1.0 14.30 999.00  0.10 999.0  9.00   3.30    29 99.00 99.00
2012 10 30 19 00     1.0 14.30 999.00  0.10 999.0  8.90   3.30    33 99.00 99.00
2012 10 30 20 00     1.0 14.40 999.00  0.10 999.0  8.80   3.30    32 99.00 99.00
2012 10 30 22 00     1.0 14.50 999.00  0.10 999.0  8.80   2.80    26 99.00 99.00
2012 10 30 23 00     1.0 14.50 999.00  0.10 999.0  9.20   2.70    27 99.00 99.00
2012 10 31 00 00     1.0 14.30 999.00  0.10 999.0  9.30   2.50    30 99.00 99.00
2012 10 31 01 00     1.0 14.20 999.00  0.10 999.0  9.50   2.40    32 99.00 99.00
2012 10 31 02 00     1.0 14.20 999.00  0.10 999.0  9.70   2.20    30 99.00 99.00
2012 10 31 03 00     1.0 14.20 999.00  0.10 999.0  9.50   2.00    26 99.00 99.00
2012 10 31 04 00     1.0 14.10 999.00  0.10 999.0  9.60   2.10    25 99.00 99.00
2012 10 31 05 00     1.0 14.00 999.00  0.10 999.0  9.70   2.20    28 99.00 99.00
2012 10 31 06 00     1.0 13.90 999.00  0.10 999.0  9.80   2.30    32 99.00 99.00
2012 10 31 07 00     1.0 13.90 999.00  0.10 999.0  9.90   2.30    34 99.00 99.00
2012 10 31 08 00     1.0 13.90 999.00  0.10 999.0  9.90   2.30    35 99.00 99.00
2012 10 31 09 00     1.0 13.80 999.00  0.10 999.0  9.80   2.30    34 99.00 99.00
2012 10 31 10 00     1.0 13.80 999.00  0.10 999.0  9.90   2.30    34 99.00 99.00
2012 10 31 11 00     1.0 13.70 999.00  0.10 999.0  9.80   2.20    29 99.00 99.00
2012 10 31 12 00     1.0 13.70 999.00  0.10 999.0  9.90   2.30    30 99.00 99.00
2012 10 31 13 00     1.0 13.70 999.00  0.10 999.0  9.80   2.20    27 99.00 99.00
2012 10 31 14 00     1.0 13.70 999.00  0.10 999.0  9.80   2.30    28 99.00 99.00
2012 10 31 15 00     1.0 13.70 999.00  0.10 999.0  9.80   2.20    29 99.00 99.00
2012 10 31 16 00     1.0 13.60 999.00  0.10 999.0  9.80   2.30    32 99.00 99.00
2012 10 31 17 00     1.0 13.50 999.00  0.10 999.0  9.80   2.30    34 99.00 99.00
2012 10 31 18 00     1.0 13.50 999.00  0.10 999.0  9.80   2.30    34 99.00 99.00
2012 10 31 19 00     1.0 13.40 999.00  0.10 999.0  9.90   2.30    37 99.00 99.00
2012 10 31 20 00     1.0 13.40 999.00  0.10 999.0  9.90   2.30    38 99.00 99.00
2012 10 31 21 00     1.0 13.30 999.00  0.10 999.0  9.90   2.40    38 99.00 99.00
2012 10 31 22 00     1.0 13.20 999.00  0.10 999.0  9.90   2.40    39 99.00 99.00
2012 10 31 23 00     1.0 13.10 999.00  0.10 999.0 10.00   2.40    38 99.00 99.00
2012 11 01 00 00     1.0 12.90 999.00  0.10 999.0 10.10   2.60    38 99.00 99.00
2012 11 01 01 00     1.0 12.80 999.00  0.10 999.0 10.00   2.80    37 99.00 99.00
2012 11 01 02 00     1.0 12.70 999.00  0.10 999.0 10.20   3.00    38 99.00 99.00
2012 11 01 03 00     1.0 12.50 999.00  0.10 999.0 10.20   2.80    40 99.00 99.00
2012 11 01 04 00     1.0 12.40 999.00  0.10 999.0 10.20   2.90    41 99.00 99.00
2012 11 01 05 00     1.0 12.00 999.00  0.10 999.0 10.30   3.30    46 99.00 99.00
2012 11 01 06 00     1.0 11.90 999.00  0.10 999.0 10.20   3.50    50 99.00 99.00
2012 11 01 07 00     1.0 11.80 999.00  0.10 999.0 10.30   3.60    51 99.00 99.00
2012 11 01 08 00     1.0 11.70 999.00  0.10 999.0 10.30   3.60    52 99.00 99.00
2012 11 01 09 00     1.0 11.60 999.00  0.10 999.0 10.30   3.60    51 99.00 99.00
2012 11 01 10 00     1.0 11.60 999.00  0.10 999.0 10.30   3.70    50 99.00 99.00
2012 11 01 11 00     1.0 11.60 999.00  0.10 999.0 10.40   3.60    49 99.00 99.00
2012 11 01 12 00     1.0 11.50 999.00  0.10 999.0 10.50   3.60    48 99.00 99.00
2012 11 01 13 00     1.0 11.40 999.00  0.10 999.0 10.50   3.60    47 99.00 99.00
2012 11 01 14 00     1.0 11.30 999.00  0.10 999.0 10.50   3.50    45 99.00 99.00
2012 11 01 15 00     1.0 11.30 999.00  0.10 999.0 10.70   2.60    46 99.00 99.00
2012 11 01 16 00     1.0 11.30 999.00  0.10 999.0 10.70   2.70    45 99.00 99.00
2012 11 01 17 00     1.0 11.20 999.00  0.10 999.0 10.70   2.60    45 99.00 99.00
2012 11 01 18 00     1.0 11.20 999.00  0.10 999.0 10.80   2.60    44 99.00 99.00
2012 11 01 19 00     1.0 11.20 999.00  0.10 999.0 10.80   2.70    45 99.00 99.00
2012 11 01 20 00     1.0 11.20 999.00  0.10 999.0 10.90   2.70    43 99.00 99.00
2012 11 01 21 00     1.0 11.20 999.00  0.10 999.0 10.90   2.70    42 99.00 99.00
2012 11 01 22 00     1.0 11.20 999.00  0.10 999.0 10.80   2.70    42 99.00 99.00
2012 11 01 23 00     1.0 11.10 999.00  0.10 999.0 10.90   2.70    40 99.00 99.00
2012 11 02 00 00     1.0 11.00 999.00  0.10 999.0 10.90   2.70    39 99.00 99.00
2012 11 02 01 00     1.0 11.00 999.00  0.10 999.0 10.90   2.70    39 99.00 99.00
2012 11 02 02 00     1.0 11.00 999.00  0.10 999.0 10.90   2.70    38 99.00 99.00
2012 11 02 03 00     1.0 10.90 999.00  0.10 999.0 10.90   2.70    37 99.00 99.00
2012 11 02 04 00     1.0 10.90 999.00  0.10 999.0 10.90   2.70    37 99.00 99.00
2012 11 02 05 00     1.0 10.90 999.00  0.10 999.0 10.90   2.80    37 99.00 99.00
2012 11 02 06 00     1.0 10.90 999.00  0.10 999.0 10.90   2.80    37 99.00 99.00
2012 11 02 07 00     1.0 10.90 999.00  0.10 999.0 10.90   2.70    37 99.00 99.00
2012 11 02 08 00     1.0 10.90 999.00  0.10 999.0 10.90   2.70    37 99.00 99.00
2012 11 02 09 00     1.0 10.90 999.00  0.10 999.0 10.90   2.70    36 99.00 99.00
2012 11 02 10 00     1.0 10.80 999.00  0.10 999.0 11.00   2.70    36 99.00 99.00
2012 11 02 11 00     1.0 10.80 999.00  0.10 999.0 11.00   2.70    36 99.00 99.00
2012 11 02 12 00     1.0 10.80 999.00  0.10 999.0 11.00   2.70    35 99.00 99.00
2012 11 02 13 00     1.0 10.80 999.00  0.10 999.0 11.00   2.70    35 99.00 99.00
2012 11 02 14 00     1.0 10.80 999.00  0.10 999.0 10.90   2.70    34 99.00 99.00
2012 11 02 15 00     1.0 10.80 999.00  0.10 999.0 10.90   2.60    33 99.00 99.00
2012 11 02 16 00     1.0 10.80 999.00  0.10 999.0 10.90   2.50    33 99.00 99.00
2012 11 02 17 00     1.0 10.80 999.00  0.10 999.0 10.90   2.50    34 99.00 99.00
2012 11 02 18 00     1.0 10.80 999.00  0.10 999.0 10.90   2.40    33 99.00 99.00
2012 11 02 19 00     1.0 10.80 999.00  0.10 999.0 10.90   2.50    33 99.00 99.00
2012 11 02 20 00     1.0 10.90 999.00  0.10 999.0 10.90   2.50    32 99.00 99.00
2012 11 02 21 00     1.0 10.90 999.00  0.10 999.0 11.00   2.50    33 99.00 99.00
2012 11 02 22 00     1.0 10.80 999.00  0.10 999.0 11.10   2.50    32 99.00 99.00
2012 11 02 23 00     1.0 10.80 999.00  0.10 999.0 11.10   2.80    32 99.00 99.00
2012 11 03 00 00     1.0 10.70 999.00  0.10 999.0 11.10   3.00    31 99.00 99.00
2012 11 03 01 00     1.0 10.70 999.00  0.10 999.0 11.00   2.90    30 99.00 99.00
2012 11 03 02 00     1.0 10.60 999.00  0.10 999.0 11.00   2.90    30 99.00 99.00
2012 11 03 03 00     1.0 10.60 999.00  0.10 999.0 11.00   8.70    30 99.00 99.00
2012 11 03 04 00     1.0 10.50 999.00  0.10 999.0 11.00   7.10    29 99.00 99.00
2012 11 03 05 00     1.0 10.60 999.00  0.10 999.0 11.10   8.70    28 99.00 99.00
2012 11 03 06 00     1.0 10.50 999.00  0.10 999.0 11.00   7.20    28 99.00 99.00
2012 11 03 07 00     1.0 10.50 999.00  0.10 999.0 11.00  11.30    28 99.00 99.00
2012 11 03 08 00     1.0 10.50 999.00  0.10 999.0 11.10   7.80    27 99.00 99.00
2012 11 03 09 00     1.0 10.50 999.00  0.10 999.0 11.10  13.20    28 99.00 99.00
2012 11 03 10 00     1.0 10.50 999.00  0.10 999.0 11.10  15.20    28 99.00 99.00
2012 11 03 11 00     1.0 10.50 999.00  0.10 999.0 11.00  12.80    28 99.00 99.00
2012 11 03 12 00     1.0 10.40 999.00  0.10 999.0 11.00  12.70    28 99.00 99.00
2012 11 03 13 00     1.0 10.40 999.00  0.10 999.0 11.00  12.30    27 99.00 99.00
2012 11 03 14 00     1.0 10.40 999.00  0.10 999.0 11.10  10.30    27 99.00 99.00
2012 11 03 15 00     1.0 10.30 999.00  0.10 999.0 11.00  16.90    28 99.00 99.00
2012 11 03 16 00     1.0 10.40 999.00  0.10 999.0 11.10  11.80    26 99.00 99.00
2012 11 03 17 00     1.0 10.30 999.00  0.10 999.0 11.00   2.20    24 99.00 99.00
2012 11 03 18 00     1.0 10.30 999.00  0.10 999.0 11.00   2.10    24 99.00 99.00
2012 11 03 19 00     1.0 10.30 999.00  0.10 999.0 11.00   2.10    23 99.00 99.00
2012 11 03 20 00     1.0 10.30 999.00  0.10 999.0 11.00   2.10    22 99.00 99.00
2012 11 03 21 00     1.0 10.30 999.00  0.10 999.0 11.00   2.10    21 99.00 99.00
2012 11 03 22 00     1.0 10.20 999.00  0.10 999.0 11.00   2.10    21 99.00 99.00
2012 11 03 23 00     1.0 10.20 999.00  0.10 999.0 11.00   2.10    22 99.00 99.00
2012 11 04 00 00     1.0 10.20 999.00  0.10 999.0 11.00   2.10    21 99.00 99.00
2012 11 04 01 00     1.0 10.20 999.00  0.10 999.0 11.00   2.10    20 99.00 99.00
2012 11 04 02 00     1.0 10.10 999.00  0.10 999.0 11.00   2.00    19 99.00 99.00
2012 11 04 03 00     1.0 10.10 999.00  0.10 999.0 11.00   2.00    19 99.00 99.00
2012 11 04 04 00     1.0 10.10 999.00  0.10 999.0 11.00   2.00    18 99.00 99.00
2012 11 04 05 00     1.0 10.10 999.00  0.10 999.0 11.00   1.90    18 99.00 99.00
2012 11 04 06 00     1.0 10.10 999.00  0.10 999.0 11.00   2.00    19 99.00 99.00
2012 11 04 07 00     1.0 10.00 999.00  0.10 999.0 11.00   2.00    18 99.00 99.00
2012 11 04 08 00     1.0 10.00 999.00  0.10 999.0 10.90   2.00    19 99.00 99.00
2012 11 04 09 00     1.0 10.00 999.00  0.10 999.0 10.90   2.00    19 99.00 99.00
2012 11 04 10 00     1.0  9.90 999.00  0.10 999.0 11.00   2.00    19 99.00 99.00
2012 11 04 11 00     1.0  9.90 999.00  0.10 999.0 11.00   2.00    18 99.00 99.00
2012 11 04 12 00     1.0  9.90 999.00  0.10 999.0 11.00   2.00    18 99.00 99.00
2012 11 04 13 00     1.0  9.90 999.00  0.10 999.0 11.00   2.00    18 99.00 99.00
2012 11 04 14 00     1.0 10.00 999.00  0.10 999.0 11.00   2.00    17 99.00 99.00
2012 11 04 15 00     1.0 10.10 999.00  0.10 999.0 11.00   1.90    17 99.00 99.00
2012 11 04 16 00     1.0 10.20 999.00  0.10 999.0 11.00   1.90    17 99.00 99.00
2012 11 04 17 00     1.0 10.10 999.00  0.10 999.0 10.90   1.90    17 99.00 99.00
2012 11 04 18 00     1.0 10.10 999.00  0.10 999.0 10.90   1.90    17 99.00 99.00
2012 11 04 19 00     1.0 10.00 999.00  0.10 999.0 10.90   1.80    17 99.00 99.00
2012 11 04 20 00     1.0 10.00 999.00  0.10 999.0 10.90   1.80    17 99.00 99.00
2012 11 04 21 00     1.0  9.90 999.00  0.10 999.0 10.90   1.90    17 99.00 99.00
2012 11 04 22 00     1.0  9.90 999.00  0.10 999.0 10.90   1.90    17 99.00 99.00
2012 11 04 23 00     1.0  9.90 999.00  0.10 999.0 10.90   1.90    17 99.00 99.00
2012 11 05 00 00     1.0  9.90 999.00  0.10 999.0 10.90   1.90    17 99.00 99.00
2012 11 05 01 00     1.0  9.90 999.00  0.10 999.0 10.90   1.90    18 99.00 99.00
2012 11 05 02 00     1.0  9.80 999.00  0.10 999.0 10.90   1.90    17 99.00 99.00
2012 11 05 03 00     1.0  9.80 999.00  0.10 999.0 10.90   1.90    17 99.00 99.00
2012 11 05 04 00     1.0  9.80 999.00  0.10 999.0 11.00   1.80    16 99.00 99.00
2012 11 05 05 00     1.0  9.90 999.00  0.10 999.0 11.00   1.80    16 99.00 99.00
2012 11 05 06 00     1.0  9.90 999.00  0.10 999.0 11.00   1.70    15 99.00 99.00
2012 11 05 07 00     1.0  9.90 999.00  0.10 999.0 11.00   1.70    14 99.00 99.00
2012 11 05 08 00     1.0  9.90 999.00  0.10 999.0 11.10   1.70    14 99.00 99.00
2012 11 05 09 00     1.0  9.80 999.00  0.10 999.0 11.10   1.70    15 99.00 99.00
2012 11 05 10 00     1.0  9.70 999.00  0.10 999.0 11.10   1.70    15 99.00 99.00
2012 11 05 11 00     1.0  9.60 999.00  0.10 999.0 11.10   1.70    15 99.00 99.00
2012 11 05 12 00     1.0  9.50 999.00  0.10 999.0 11.10   1.70    16 99.00 99.00
2012 11 05 13 00     1.0  9.50 999.00  0.10 999.0 11.10   1.70    16 99.00 99.00
2012 11 05 14 00     1.0  9.50 999.00  0.10 999.0 11.10   1.70    16 99.00 99.00
2012 11 05 15 00     1.0  9.50 999.00  0.10 999.0 11.10   1.60    16 99.00 99.00
2012 11 05 16 00     1.0  9.60 999.00  0.10 999.0 11.10   1.50    16 99.00 99.00
2012 11 05 17 00     1.0  9.60 999.00  0.10 999.0 11.10   1.50    15 99.00 99.00
2012 11 05 18 00     1.0  9.70 999.00  0.10 999.0 11.10   1.50    15 99.00 99.00
2012 11 05 19 00     1.0  9.70 999.00  0.10 999.0 11.10   1.50    15 99.00 99.00
2012 11 05 21 00     1.0  9.60 999.00  0.10 999.0 11.10   1.50    14 99.00 99.00
2012 11 05 22 00     1.0  9.60 999.00  0.10 999.0 11.00   1.60    14 99.00 99.00
2012 11 05 23 00     1.0  9.60 999.00  0.10 999.0 11.10   1.60    16 99.00 99.00
2012 11 06 00 00     1.0  9.60 999.00  0.10 999.0 11.10   1.60    17 99.00 99.00
2012 11 06 01 00     1.0  9.50 999.00  0.10 999.0 11.10   1.60    18 99.00 99.00
2012 11 06 02 00     1.0  9.40 999.00  0.10 999.0 11.10   1.60    17 99.00 99.00
2012 11 06 03 00     1.0  9.40 999.00  0.10 999.0 11.10   1.60    16 99.00 99.00
2012 11 06 04 00     1.0  9.50 999.00  0.10 999.0 11.10   1.60    16 99.00 99.00
2012 11 06 05 00     1.0  9.60 999.00  0.10 999.0 11.10   1.50    14 99.00 99.00
2012 11 06 06 00     1.0  9.60 999.00  0.10 999.0 11.10   1.50    14 99.00 99.00
2012 11 06 07 00     1.0  9.60 999.00  0.10 999.0 11.20   1.50    13 99.00 99.00
2012 11 06 08 00     1.0  9.60 999.00  0.10 999.0 11.20   1.40    13 99.00 99.00
2012 11 06 09 00     1.0  9.60 999.00  0.10 999.0 11.20   1.40    13 99.00 99.00
2012 11 06 10 00     1.0  9.60 999.00  0.10 999.0 11.20   1.40    12 99.00 99.00
2012 11 06 11 00     1.0  9.60 999.00  0.10 999.0 11.20   1.40    13 99.00 99.00
2012 11 06 12 00     1.0  9.20 999.00  0.10 999.0 11.10   1.50    14 99.00 99.00
2012 11 06 13 00     1.0  9.00 999.00  0.10 999.0 11.10   1.50    16 99.00 99.00
2012 11 06 14 00     1.0  8.90 999.00  0.10 999.0 11.00   1.40    15 99.00 99.00
2012 11 06 15 00     1.0  9.00 999.00  0.10 999.0 11.10   1.50    15 99.00 99.00
2012 11 06 16 00     1.0  9.00 999.00  0.10 999.0 11.10   1.40    14 99.00 99.00
2012 11 06 17 00     1.0  9.20 999.00  0.10 999.0 11.10   1.30    13 99.00 99.00
2012 11 06 18 00     1.0  9.30 999.00  0.10 999.0 11.10   1.30    12 99.00 99.00
2012 11 06 19 00     1.0  9.10 999.00  0.10 999.0 11.10   1.40    12 99.00 99.00
2012 11 06 20 00     1.0  9.20 999.00  0.10 999.0 11.10   1.40    12 99.00 99.00
2012 11 06 21 00     1.0  9.00 999.00  0.10 999.0 11.10   1.40    12 99.00 99.00
2012 11 06 22 00     1.0  9.00 999.00  0.10 999.0 11.10   1.40    12 99.00 99.00
2012 11 06 23 00     1.0  9.00 999.00  0.10 999.0 11.00   1.40    12 99.00 99.00
2012 11 07 00 00     1.0  9.00 999.00  0.10 999.0 11.00   1.40    12 99.00 99.00
2012 11 07 01 00     1.0  9.20 999.00  0.10 999.0 11.00   1.40    13 99.00 99.00
2012 11 07 02 00     1.0  9.30 999.00  0.10 999.0 11.00   1.40    13 99.00 99.00
2012 11 07 03 00     1.0  9.20 999.00  0.10 999.0 11.10   1.40    13 99.00 99.00
2012 11 07 04 00     1.0  9.20 999.00  0.10 999.0 11.10   1.40    12 99.00 99.00
2012 11 07 05 00     1.0  9.30 999.00  0.10 999.0 11.10   1.40    11 99.00 99.00
2012 11 07 06 00     1.0  9.40 999.00  0.10 999.0 11.20   1.30    10 99.00 99.00
2012 11 07 07 00     1.0  9.30 999.00  0.10 999.0 11.30   1.30    10 99.00 99.00
2012 11 07 08 00     1.0  9.20 999.00  0.10 999.0 11.10   1.40    11 99.00 99.00
2012 11 07 09 00     1.0  9.10 999.00  0.10 999.0 11.10   1.40    11 99.00 99.00
2012 11 07 10 00     1.0  9.00 999.00  0.10 999.0 11.10   1.40    11 99.00 99.00
2012 11 07 11 00     1.0  9.00 999.00  0.10 999.0 11.00   1.40    11 99.00 99.00
2012 11 07 12 00     1.0  9.00 999.00  0.10 999.0 11.00   1.40    10 99.00 99.00
2012 11 07 13 00     1.0  9.00 999.00  0.10 999.0 10.90   1.40    11 99.00 99.00
2012 11 07 14 00     1.0  9.00 999.00  0.10 999.0 11.00   1.40    11 99.00 99.00
2012 11 07 15 00     1.0  9.10 999.00  0.10 999.0 10.90   1.40    11 99.00 99.00
2012 11 07 16 00     1.0  9.20 999.00  0.10 999.0 10.90   1.30    11 99.00 99.00
2012 11 07 17 00     1.0  9.20 999.00  0.10 999.0 10.90   1.40    10 99.00 99.00
2012 11 07 18 00     1.0  9.30 999.00  0.10 999.0 10.90   1.30    10 99.00 99.00
2012 11 07 19 00     1.0  9.20 999.00  0.10 999.0 10.90   1.30    10 99.00 99.00
2012 11 07 20 00     1.0  9.20 999.00  0.10 999.0 10.90   1.30    10 99.00 99.00
2012 11 07 21 00     1.0  9.20 999.00  0.10 999.0 10.90   1.40    10 99.00 99.00
2012 11 07 22 00     1.0  9.20 999.00  0.10 999.0 11.00   1.30    10 99.00 99.00
2012 11 07 23 00     1.0  9.10 999.00  0.10 999.0 11.00   1.40    10 99.00 99.00
2012 11 08 00 00     1.0  9.00 999.00  0.10 999.0 11.00   1.40    12 99.00 99.00
2012 11 08 01 00     1.0  9.00 999.00  0.10 999.0 11.00   1.40    11 99.00 99.00
2012 11 08 02 00     1.0  9.00 999.00  0.10 999.0 11.00   1.40    11 99.00 99.00
2012 11 08 03 00     1.0  9.00 999.00  0.10 999.0 11.10   1.40    12 99.00 99.00
2012 11 08 04 00     1.0  8.90 999.00  0.10 999.0 11.10   1.40    11 99.00 99.00
2012 11 08 05 00     1.0  8.80 999.00  0.10 999.0 11.10   1.40    10 99.00 99.00
2012 11 08 06 00     1.0  8.70 999.00  0.10 999.0 11.10   1.40    10 99.00 99.00
2012 11 08 07 00     1.0  8.70 999.00  0.10 999.0 11.10   1.30     9 99.00 99.00
2012 11 08 08 00     1.0  8.60 999.00  0.10 999.0 11.10   1.30     9 99.00 99.00
2012 11 08 09 00     1.0  8.70 999.00  0.10 999.0 11.10   1.40     9 99.00 99.00
2012 11 08 10 00     1.0  8.70 999.00  0.10 999.0 11.10   1.40     9 99.00 99.00
2012 11 08 11 00     1.0  8.60 999.00  0.10 999.0 11.10   1.40    10 99.00 99.00
2012 11 08 12 00     1.0  8.60 999.00  0.10 999.0 11.10   1.40    10 99.00 99.00
2012 11 08 13 00     1.0  8.60 999.00  0.10 999.0 11.00   1.40    12 99.00 99.00
2012 11 08 14 00     1.0  8.50 999.00  0.10 999.0 11.00   1.30    11 99.00 99.00
2012 11 08 15 00     1.0  8.50 999.00  0.10 999.0 11.10   1.30    11 99.00 99.00
2012 11 08 16 00     1.0  8.50 999.00  0.10 999.0 11.00   1.30    11 99.00 99.00
2012 11 08 17 00     1.0  8.60 999.00  0.10 999.0 11.10   1.30    10 99.00 99.00
2012 11 08 18 00     1.0  8.60 999.00  0.10 999.0 11.00   1.30    10 99.00 99.00
2012 11 08 19 00     1.0  8.70 999.00  0.10 999.0 11.00   1.30    10 99.00 99.00
2012 11 08 20 00     1.0  8.60 999.00  0.10 999.0 11.00   1.30    10 99.00 99.00
2012 11 08 21 00     1.0  8.60 999.00  0.10 999.0 11.00   1.30    10 99.00 99.00
2012 11 08 22 00     1.0  8.60 999.00  0.10 999.0 11.00   1.30    10 99.00 99.00
2012 11 08 23 00     1.0  8.70 999.00  0.10 999.0 11.00   1.30    10 99.00 99.00
2012 11 09 00 00     1.0  8.50 999.00  0.10 999.0 11.00   1.30    10 99.00 99.00
2012 11 09 01 00     1.0  8.60 999.00  0.10 999.0 11.00   1.30    10 99.00 99.00
2012 11 09 02 00     1.0  8.60 999.00  0.10 999.0 11.00   1.30    10 99.00 99.00
2012 11 09 03 00     1.0  8.60 999.00  0.10 999.0 11.00   1.30    10 99.00 99.00
2012 11 09 04 00     1.0  8.50 999.00  0.10 999.0 11.00   1.30    10 99.00 99.00
2012 11 09 05 00     1.0  8.50 999.00  0.10 999.0 11.00   1.40    10 99.00 99.00
2012 11 09 06 00     1.0  8.40 999.00  0.10 999.0 11.00   1.40     9 99.00 99.00
2012 11 09 07 00     1.0  8.40 999.00  0.10 999.0 11.00   1.30     9 99.00 99.00
2012 11 09 08 00     1.0  8.30 999.00  0.10 999.0 10.90   1.30     9 99.00 99.00
2012 11 09 09 00     1.0  8.30 999.00  0.10 999.0 11.00   1.30     9 99.00 99.00
2012 11 09 10 00     1.0  8.30 999.00  0.10 999.0 11.00   1.30     9 99.00 99.00
2012 11 09 11 00     1.0  8.30 999.00  0.10 999.0 11.00   1.30     9 99.00 99.00
2012 11 09 12 00     1.0  8.30 999.00  0.10 999.0 11.00   1.30     9 99.00 99.00
2012 11 09 13 00     1.0  8.30 999.00  0.10 999.0 11.10   1.30    10 99.00 99.00
2012 11 09 16 00     1.0  8.30 999.00  0.10 999.0 11.20   1.20     9 99.00 99.00
2012 11 09 17 00     1.0  8.30 999.00  0.10 999.0 11.10   1.20     9 99.00 99.00
2012 11 09 18 00     1.0  8.40 999.00  0.10 999.0 11.10   1.20     9 99.00 99.00
2012 11 09 19 00     1.0  8.40 999.00  0.10 999.0 11.10   1.20     8 99.00 99.00
2012 11 09 20 00     1.0  8.40 999.00  0.10 999.0 11.10   1.20     8 99.00 99.00
2012 11 09 21 00     1.0  8.40 999.00  0.10 999.0 11.10   1.20     8 99.00 99.00
2012 11 09 22 00     1.0  8.40 999.00  0.10 999.0 11.10   1.30     8 99.00 99.00
2012 11 09 23 00     1.0  8.40 999.00  0.10 999.0 11.00   1.30     8 99.00 99.00
2012 11 10 00 00     1.0  8.30 999.00  0.10 999.0 11.10   1.20     8 99.00 99.00
2012 11 10 01 00     1.0  8.20 999.00  0.10 999.0 11.00   1.20     8 99.00 99.00
2012 11 10 02 00     1.0  8.10 999.00  0.10 999.0 11.00   1.20     8 99.00 99.00
2012 11 10 03 00     1.0  8.20 999.00  0.10 999.0 11.00   1.20     8 99.00 99.00
2012 11 10 04 00     1.0  8.40 999.00  0.10 999.0 11.00   1.20     8 99.00 99.00
2012 11 10 05 00     1.0  8.30 999.00  0.10 999.0 11.00   1.20     8 99.00 99.00
2012 11 10 06 00     1.0  8.30 999.00  0.10 999.0 11.00   1.30     8 99.00 99.00
2012 11 10 07 00     1.0  8.30 999.00  0.10 999.0 11.00   1.30     8 99.00 99.00
2012 11 10 08 00     1.0  8.30 999.00  0.10 999.0 11.00   1.30     8 99.00 99.00
2012 11 10 09 00     1.0  8.30 999.00  0.10 999.0 11.00   1.20     7 99.00 99.00
2012 11 10 10 00     1.0  8.20 999.00  0.10 999.0 11.00   1.20     7 99.00 99.00
2012 11 10 11 00     1.0  8.30 999.00  0.10 999.0 11.00   1.20     7 99.00 99.00
2012 11 10 12 00     1.0  8.30 999.00  0.10 999.0 11.00   1.20     7 99.00 99.00
2012 11 10 13 00     1.0  8.30 999.00  0.10 999.0 11.00   1.20     7 99.00 99.00
2012 11 10 14 00     1.0  8.40 999.00  0.10 999.0 11.00   1.20     7 99.00 99.00
2012 11 10 15 00     1.0  8.40 999.00  0.10 999.0 11.10   1.10     8 99.00 99.00
2012 11 10 16 00     1.0  8.70 999.00  0.10 999.0 11.20   1.10     7 99.00 99.00
2012 11 10 17 00     1.0  8.90 999.00  0.10 999.0 11.30   1.00     7 99.00 99.00
2012 11 10 18 00     1.0  9.00 999.00  0.10 999.0 11.20   1.10     7 99.00 99.00
2012 11 10 19 00     1.0  9.00 999.00  0.10 999.0 11.20   1.10     7 99.00 99.00
2012 11 10 20 00     1.0  9.30 999.00  0.10 999.0 11.20   1.10     6 99.00 99.00
2012 11 10 21 00     1.0  9.10 999.00  0.10 999.0 11.20   1.10     6 99.00 99.00
2012 11 10 22 00     1.0  9.10 999.00  0.10 999.0 11.20   1.20     6 99.00 99.00
2012 11 10 23 00     1.0  9.00 999.00  0.10 999.0 11.10   1.20     6 99.00 99.00
2012 11 11 00 00     1.0  9.20 999.00  0.10 999.0 11.20   1.10     6 99.00 99.00
2012 11 11 01 00     1.0  8.90 999.00  0.10 999.0 11.20   1.10     6 99.00 99.00
2012 11 11 02 00     1.0  8.80 999.00  0.10 999.0 11.10   1.10     6 99.00 99.00
2012 11 11 03 00     1.0  8.60 999.00  0.10 999.0 11.10   1.10     7 99.00 99.00
2012 11 11 04 00     1.0  8.50 999.00  0.10 999.0 11.10   1.20     7 99.00 99.00
2012 11 11 05 00     1.0  8.40 999.00  0.10 999.0 11.00   1.20     7 99.00 99.00
2012 11 11 06 00     1.0  8.40 999.00  0.10 999.0 11.00   1.20     6 99.00 99.00
2012 11 11 07 00     1.0  8.40 999.00  0.10 999.0 11.00   1.20     6 99.00 99.00
2012 11 11 08 00     1.0  8.40 999.00  0.10 999.0 11.00   1.10     6 99.00 99.00
2012 11 11 09 00     1.0  8.40 999.00  0.10 999.0 11.00   1.20     7 99.00 99.00
2012 11 11 10 00     1.0  8.40 999.00  0.10 999.0 11.00   1.20     6 99.00 99.00
2012 11 11 11 00     1.0  8.40 999.00  0.10 999.0 11.00   1.20     7 99.00 99.00
2012 11 11 12 00     1.0  8.40 999.00  0.10 999.0 11.00   1.10     6 99.00 99.00
2012 11 11 13 00     1.0  8.40 999.00  0.10 999.0 11.00   1.10     6 99.00 99.00
2012 11 11 14 00     1.0  8.40 999.00  0.10 999.0 11.00   1.00     6 99.00 99.00
2012 11 11 15 00     1.0  8.90 999.00  0.10 999.0 11.00   1.00     6 99.00 99.00
2012 11 11 16 00     1.0  8.70 999.00  0.10 999.0 11.00   1.00     6 99.00 99.00
2012 11 11 17 00     1.0  9.10 999.00  0.10 999.0 11.00   1.00     6 99.00 99.00
2012 11 11 18 00     1.0  9.50 999.00  0.10 999.0 11.00   1.00     6 99.00 99.00
2012 11 11 19 00     1.0  9.30 999.00  0.10 999.0 11.00   1.10     6 99.00 99.00
2012 11 11 20 00     1.0  9.40 999.00  0.10 999.0 11.00   1.10     6 99.00 99.00
2012 11 11 21 00     1.0  9.80 999.00  0.10 999.0 11.00   1.00     5 99.00 99.00
2012 11 11 22 00     1.0  9.50 999.00  0.10 999.0 11.00   1.10     5 99.00 99.00
2012 11 11 23 00     1.0  9.30 999.00  0.10 999.0 10.90   1.10     5 99.00 99.00
2012 11 12 00 00     1.0  9.40 999.00  0.10 999.0 11.10   1.10     5 99.00 99.00
2012 11 12 01 00     1.0  9.10 999.00  0.10 999.0 11.10   1.10     6 99.00 99.00
2012 11 12 02 00     1.0  9.00 999.00  0.10 999.0 11.10   1.10     7 99.00 99.00
2012 11 12 03 00     1.0  9.20 999.00  0.10 999.0 11.10   1.10     6 99.00 99.00
2012 11 12 04 00     1.0  9.20 999.00  0.10 999.0 11.00   1.10     6 99.00 99.00
2012 11 12 05 00     1.0  9.20 999.00  0.10 999.0 11.00   1.10     6 99.00 99.00
2012 11 12 06 00     1.0  9.20 999.00  0.10 999.0 11.00   1.10     6 99.00 99.00
2012 11 12 07 00     1.0  9.10 999.00  0.10 999.0 11.00   1.10     6 99.00 99.00
2012 11 12 08 00     1.0  9.10 999.00  0.10 999.0 10.90   1.20     6 99.00 99.00
2012 11 12 09 00     1.0  9.10 999.00  0.10 999.0 11.00   1.10     6 99.00 99.00
2012 11 12 10 00     1.0  9.10 999.00  0.10 999.0 11.00   1.10     6 99.00 99.00
2012 11 12 11 00     1.0  9.10 999.00  0.10 999.0 10.90   1.20     6 99.00 99.00
2012 11 12 12 00     1.0  9.00 999.00  0.10 999.0 11.00   1.10     6 99.00 99.00
2012 11 12 13 00     1.0  9.10 999.00  0.10 999.0 10.90   1.00     6 99.00 99.00
2012 11 12 14 00     1.0  9.20 999.00  0.10 999.0 11.10   1.00     7 99.00 99.00
2012 11 12 15 00     1.0  9.70 999.00  0.10 999.0 11.30   0.90     6 99.00 99.00
2012 11 12 16 00     1.0 10.00 999.00  0.10 999.0 11.30   0.90     6 99.00 99.00
2012 11 12 17 00     1.0 10.30 999.00  0.10 999.0 11.20   0.90     6 99.00 99.00
2012 11 12 18 00     1.0 10.60 999.00  0.10 999.0 11.20   0.90     6 99.00 99.00
2012 11 12 19 00     1.0 10.20 999.00  0.10 999.0 11.10   0.90     6 99.00 99.00
2012 11 12 20 00     1.0 10.30 999.00  0.10 999.0 11.10   1.00     6 99.00 99.00
2012 11 12 21 00     1.0 10.30 999.00  0.10 999.0 11.10   1.00     5 99.00 99.00
2012 11 12 22 00     1.0 10.20 999.00  0.10 999.0 11.20   1.00     5 99.00 99.00
2012 11 12 23 00     1.0 10.00 999.00  0.10 999.0 11.20   1.00     6 99.00 99.00
2012 11 13 00 00     1.0  9.60 999.00  0.10 999.0 11.10   1.00     6 99.00 99.00
2012 11 13 01 00     1.0  9.80 999.00  0.10 999.0 11.00   1.00     5 99.00 99.00
2012 11 13 02 00     1.0  9.20 999.00  0.10 999.0 10.90   1.10     6 99.00 99.00
2012 11 13 03 00     1.0  9.40 999.00  0.10 999.0 11.00   1.10     7 99.00 99.00
2012 11 13 04 00     1.0  9.40 999.00  0.10 999.0 11.00   1.10     8 99.00 99.00
2012 11 13 05 00     1.0  9.50 999.00  0.10 999.0 11.00   1.10     7 99.00 99.00
2012 11 13 06 00     1.0  9.60 999.00  0.10 999.0 11.00   1.10     7 99.00 99.00
2012 11 13 07 00     1.0  9.60 999.00  0.10 999.0 11.10   1.10     7 99.00 99.00
2012 11 13 08 00     1.0  9.60 999.00  0.10 999.0 11.10   1.10     7 99.00 99.00
2012 11 13 09 00     1.0  9.60 999.00  0.10 999.0 11.10   1.10     7 99.00 99.00
2012 11 13 10 00     1.0  9.60 999.00  0.10 999.0 11.10   1.10     7 99.00 99.00
2012 11 13 11 00     1.0 10.00 999.00  0.10 999.0 11.20   1.00     6 99.00 99.00
2012 11 13 12 00     1.0 10.00 999.00  0.10 999.0 11.10   1.00     6 99.00 99.00
2012 11 13 13 00     1.0 10.10 999.00  0.10 999.0 11.20   1.00     6 99.00 99.00
2012 11 13 14 00     1.0  9.90 999.00  0.10 999.0 11.20   1.00     7 99.00 99.00
2012 11 13 15 00     1.0  9.70 999.00  0.10 999.0 11.20   1.00     7 99.00 99.00
2012 11 13 16 00     1.0  9.80 999.00  0.10 999.0 11.20   1.00     7 99.00 99.00
2012 11 13 17 00     1.0  9.80 999.00  0.10 999.0 11.20   0.90     7 99.00 99.00
2012 11 13 18 00     1.0  9.80 999.00  0.10 999.0 11.20   1.00     7 99.00 99.00
2012 11 13 19 00     1.0  9.70 999.00  0.10 999.0 11.10   1.00     7 99.00 99.00
2012 11 13 21 00     1.0  9.60 999.00  0.10 999.0 11.10   1.00     8 99.00 99.00
2012 11 13 22 00     1.0  9.60 999.00  0.10 999.0 11.10   1.10     7 99.00 99.00
2012 11 13 23 00     1.0  9.60 999.00  0.10 999.0 11.10   1.10     7 99.00 99.00
2012 11 14 00 00     1.0  9.40 999.00  0.10 999.0 11.00   1.00     6 99.00 99.00
2012 11 14 01 00     1.0  9.30 999.00  0.10 999.0 11.00   1.00     6 99.00 99.00
2012 11 14 02 00     1.0  9.40 999.00  0.10 999.0 11.00   1.00     7 99.00 99.00
2012 11 14 03 00     1.0  9.40 999.00  0.10 999.0 11.00   1.00     6 99.00 99.00
2012 11 14 04 00     1.0  9.40 999.00  0.10 999.0 11.00   1.00     6 99.00 99.00
2012 11 14 05 00     1.0  9.40 999.00  0.10 999.0 11.00   1.00     6 99.00 99.00
2012 11 14 06 00     1.0  9.30 999.00  0.10 999.0 11.00   1.00     6 99.00 99.00
2012 11 14 07 00     1.0  9.30 999.00  0.10 999.0 11.00   1.10     6 99.00 99.00
2012 11 14 08 00     1.0  9.30 999.00  0.10 999.0 11.00   1.10     6 99.00 99.00
2012 11 14 09 00     1.0  9.20 999.00  0.10 999.0 11.00   1.10     6 99.00 99.00
2012 11 14 10 00     1.0  9.20 999.00  0.10 999.0 10.90   1.10     6 99.00 99.00
2012 11 14 11 00     1.0  9.10 999.00  0.10 999.0 11.00   1.10     6 99.00 99.00
2012 11 14 12 00     1.0  9.00 999.00  0.10 999.0 11.00   1.10     6 99.00 99.00
2012 11 14 13 00     1.0  9.10 999.00  0.10 999.0 11.00   1.00     6 99.00 99.00
2012 11 14 14 00     1.0  9.20 999.00  0.10 999.0 11.00   1.00     6 99.00 99.00
2012 11 14 15 00     1.0  9.20 999.00  0.10 999.0 11.00   0.90     6 99.00 99.00
2012 11 14 16 00     1.0  9.20 999.00  0.10 999.0 11.00   1.00     6 99.00 99.00
2012 11 14 17 00     1.0  9.30 999.00  0.10 999.0 11.00   0.90     6 99.00 99.00
2012 11 14 18 00     1.0  9.30 999.00  0.10 999.0 11.00   0.90     6 99.00 99.00
2012 11 14 19 00     1.0  9.30 999.00  0.10 999.0 11.00   0.90     5 99.00 99.00
2012 11 14 20 00     1.0  9.20 999.00  0.10 999.0 11.10   1.00     7 99.00 99.00
2012 11 14 21 00     1.0  9.20 999.00  0.10 999.0 11.10   1.10     6 99.00 99.00
2012 11 14 22 00     1.0  9.20 999.00  0.10 999.0 11.10   1.10     5 99.00 99.00
2012 11 14 23 00     1.0  9.20 999.00  0.10 999.0 11.10   1.10     6 99.00 99.00
2012 11 15 00 00     1.0  9.10 999.00  0.10 999.0 11.10   1.10     5 99.00 99.00
2012 11 15 01 00     1.0  9.10 999.00  0.10 999.0 11.30   1.10     5 99.00 99.00
2012 11 15 02 00     1.0  9.00 999.00  0.10 999.0 11.30   1.10     5 99.00 99.00
2012 11 15 03 00     1.0  9.00 999.00  0.10 999.0 11.30   1.10     5 99.00 99.00
2012 11 15 04 00     1.0  9.00 999.00  0.10 999.0 11.30   1.10     5 99.00 99.00
2012 11 15 05 00     1.0  8.90 999.00  0.10 999.0 11.10   1.10     5 99.00 99.00
2012 11 15 06 00     1.0  8.90 999.00  0.10 999.0 11.10   1.10     5 99.00 99.00
2012 11 15 07 00     1.0  8.80 999.00  0.10 999.0 11.10   1.10     5 99.00 99.00
2012 11 15 08 00     1.0  8.80 999.00  0.10 999.0 11.00   1.10     5 99.00 99.00
2012 11 15 09 00     1.0  8.70 999.00  0.10 999.0 11.00   1.10     5 99.00 99.00
2012 11 15 10 00     1.0  8.60 999.00  0.10 999.0 11.00   1.10     5 99.00 99.00
2012 11 15 11 00     1.0  8.60 999.00  0.10 999.0 11.00   1.10     5 99.00 99.00
2012 11 15 12 00     1.0  8.60 999.00  0.10 999.0 11.00   1.10     5 99.00 99.00
2012 11 15 13 00     1.0  8.50 999.00  0.10 999.0 11.00   1.00     5 99.00 99.00
2012 11 15 14 00     1.0  8.40 999.00  0.10 999.0 11.00   1.00     5 99.00 99.00
2012 11 15 15 00     1.0  8.40 999.00  0.10 999.0 11.10   1.00     6 99.00 99.00
2012 11 15 16 00     1.0  8.60 999.00  0.10 999.0 11.10   0.90     5 99.00 99.00
2012 11 15 17 00     1.0  8.70 999.00  0.10 999.0 11.20   0.90     5 99.00 99.00
2012 11 15 18 00     1.0  8.80 999.00  0.10 999.0 11.30   0.90     5 99.00 99.00
2012 11 15 19 00     1.0  9.00 999.00  0.10 999.0 11.50   0.90     4 99.00 99.00
2012 11 15 20 00     1.0  8.90 999.00  0.10 999.0 11.50   1.00     8 99.00 99.00
2012 11 15 21 00     1.0  8.90 999.00  0.10 999.0 11.50   1.00     5 99.00 99.00
2012 11 15 22 00     1.0  8.90 999.00  0.10 999.0 11.50   1.00     5 99.00 99.00
2012 11 15 23 00     1.0  8.80 999.00  0.10 999.0 11.40   1.00     5 99.00 99.00
2012 11 16 00 00     1.0  8.80 999.00  0.10 999.0 11.40   1.10     5 99.00 99.00
2012 11 16 01 00     1.0  8.90 999.00  0.10 999.0 11.50   1.00     4 99.00 99.00
2012 11 16 02 00     1.0  8.80 999.00  0.10 999.0 11.40   1.00     4 99.00 99.00
2012 11 16 03 00     1.0  8.80 999.00  0.10 999.0 11.40   1.00     5 99.00 99.00
2012 11 16 04 00     1.0  8.80 999.00  0.10 999.0 11.10   1.00     5 99.00 99.00
2012 11 16 05 00     1.0  8.80 999.00  0.10 999.0 11.10   1.00     6 99.00 99.00
2012 11 16 06 00     1.0  8.70 999.00  0.10 999.0 11.00   1.00     6 99.00 99.00
2012 11 16 07 00     1.0  8.60 999.00  0.10 999.0 11.00   1.00     5 99.00 99.00
2012 11 16 08 00     1.0  8.60 999.00  0.10 999.0 11.00   1.00     5 99.00 99.00
2012 11 16 09 00     1.0  8.60 999.00  0.10 999.0 11.00   1.00     5 99.00 99.00
2012 11 16 11 00     1.0  8.60 999.00  0.10 999.0 11.00   1.00     5 99.00 99.00
2012 11 16 12 00     1.0  8.50 999.00  0.10 999.0 11.00   1.10     5 99.00 99.00
2012 11 16 13 00     1.0  8.60 999.00  0.10 999.0 11.00   1.00     5 99.00 99.00
2012 11 16 14 00     1.0  8.90 999.00  0.10 999.0 11.20   1.00     5 99.00 99.00
2012 11 16 15 00     1.0  9.00 999.00  0.10 999.0 11.30   0.90     5 99.00 99.00
2012 11 16 16 00     1.0  9.00 999.00  0.10 999.0 11.40   0.90     5 99.00 99.00
2012 11 16 17 00     1.0  9.10 999.00  0.10 999.0 11.50   0.90     6 99.00 99.00
2012 11 16 18 00     1.0  9.00 999.00  0.10 999.0 11.30   0.90     6 99.00 99.00
2012 11 16 19 00     1.0  9.10 999.00  0.10 999.0 11.20   0.80     6 99.00 99.00
2012 11 16 20 00     1.0  9.00 999.00  0.10 999.0 11.10   0.90     6 99.00 99.00
2012 11 16 21 00     1.0  9.00 999.00  0.10 999.0 11.10   1.00     6 99.00 99.00
2012 11 16 22 00     1.0  8.90 999.00  0.10 999.0 11.10   1.10     6 99.00 99.00
2012 11 16 23 00     1.0  8.90 999.00  0.10 999.0 11.00   1.20     5 99.00 99.00
2012 11 17 00 00     1.0  8.90 999.00  0.10 999.0 11.00   1.20     6 99.00 99.00
2012 11 17 01 00     1.0  8.90 999.00  0.10 999.0 11.00   1.10     6 99.00 99.00
2012 11 17 02 00     1.0  8.80 999.00  0.10 999.0 10.90   1.10     5 99.00 99.00
2012 11 17 03 00     1.0  8.90 999.00  0.10 999.0 10.90   1.10     5 99.00 99.00
2012 11 17 04 00     1.0  8.90 999.00  0.10 999.0 11.00   1.10     5 99.00 99.00
2012 11 17 05 00     1.0  8.80 999.00  0.10 999.0 11.00   1.10     5 99.00 99.00
2012 11 17 06 00     1.0  8.80 999.00  0.10 999.0 11.00   1.00     5 99.00 99.00
2012 11 17 08 00     1.0  8.70 999.00  0.10 999.0 10.90   1.00     5 99.00 99.00
2012 11 17 09 00     1.0  8.70 999.00  0.10 999.0 11.00   1.00     5 99.00 99.00
2012 11 17 10 00     1.0  8.70 999.00  0.10 999.0 11.00   1.00     5 99.00 99.00
2012 11 17 11 00     1.0  8.60 999.00  0.10 999.0 11.00   1.00     5 99.00 99.00
2012 11 17 12 00     1.0  8.60 999.00  0.10 999.0 11.00   1.00     5 99.00 99.00
2012 11 17 13 00     1.0  8.60 999.00  0.10 999.0 11.00   1.00     5 99.00 99.00
2012 11 17 14 00     1.0  8.60 999.00  0.10 999.0 11.00   0.90     5 99.00 99.00
2012 11 17 15 00     1.0  8.70 999.00  0.10 999.0 11.00   1.00     5 99.00 99.00
2012 11 17 16 00     1.0  8.90 999.00  0.10 999.0 11.10   0.90     5 99.00 99.00
2012 11 17 17 00     1.0  9.10 999.00  0.10 999.0 11.10   0.90     5 99.00 99.00
2012 11 17 18 00     1.0  9.40 999.00  0.10 999.0 11.10   0.90     5 99.00 99.00
2012 11 17 19 00     1.0  9.30 999.00  0.10 999.0 11.10   1.00     5 99.00 99.00
2012 11 17 20 00     1.0  9.30 999.00  0.10 999.0 11.10   1.10     4 99.00 99.00
2012 11 17 21 00     1.0  9.20 999.00  0.10 999.0 11.10   1.20     5 99.00 99.00
2012 11 17 22 00     1.0  9.10 999.00  0.10 999.0 11.10   1.30     5 99.00 99.00
2012 11 17 23 00     1.0  9.00 999.00  0.10 999.0 11.10   1.30     5 99.00 99.00
2012 11 18 00 00     1.0  9.00 999.00  0.10 999.0 11.20   1.30     5 99.00 99.00
2012 11 18 01 00     1.0  9.00 999.00  0.10 999.0 11.20   1.20     5 99.00 99.00
2012 11 18 02 00     1.0  9.00 999.00  0.10 999.0 11.20   1.30     5 99.00 99.00
2012 11 18 03 00     1.0  9.00 999.00  0.10 999.0 11.30   1.20     5 99.00 99.00
2012 11 18 04 00     1.0  8.90 999.00  0.10 999.0 11.20   1.30     5 99.00 99.00
2012 11 18 05 00     1.0  8.90 999.00  0.10 999.0 11.20   1.20     4 99.00 99.00
2012 11 18 06 00     1.0  8.90 999.00  0.10 999.0 11.20   1.20     5 99.00 99.00
2012 11 18 07 00     1.0  8.90 999.00  0.10 999.0 11.20   1.20     5 99.00 99.00
2012 11 18 08 00     1.0  8.90 999.00  0.10 999.0 11.20   1.20     5 99.00 99.00
2012 11 18 09 00     1.0  8.90 999.00  0.10 999.0 11.20   1.20     5 99.00 99.00
2012 11 18 10 00     1.0  8.90 999.00  0.10 999.0 11.20   1.20     5 99.00 99.00
2012 11 18 11 00     1.0  8.90 999.00  0.10 999.0 11.20   1.20     5 99.00 99.00
2012 11 18 12 00     1.0  8.80 999.00  0.10 999.0 11.20   1.20     5 99.00 99.00
2012 11 18 13 00     1.0  8.90 999.00  0.10 999.0 11.20   1.10     5 99.00 99.00
2012 11 18 14 00     1.0  8.90 999.00  0.10 999.0 11.20   1.00     5 99.00 99.00
2012 11 18 15 00     1.0  8.90 999.00  0.10 999.0 11.20   1.10     5 99.00 99.00
2012 11 18 16 00     1.0  8.90 999.00  0.10 999.0 11.20   1.00     5 99.00 99.00
2012 11 18 17 00     1.0  8.90 999.00  0.10 999.0 11.20   1.20     4 99.00 99.00
2012 11 18 18 00     1.0  9.00 999.00  0.10 999.0 11.20   1.10     4 99.00 99.00
2012 11 18 19 00     1.0  9.00 999.00  0.10 999.0 11.20   1.10     5 99.00 99.00
2012 11 18 20 00     1.0  9.00 999.00  0.10 999.0 11.20   1.20     5 99.00 99.00
2012 11 18 21 00     1.0  9.00 999.00  0.10 999.0 11.10   1.20     5 99.00 99.00
2012 11 18 22 00     1.0  9.00 999.00  0.10 999.0 11.10   1.30     4 99.00 99.00
2012 11 18 23 00     1.0  8.90 999.00  0.10 999.0 11.10   1.30     5 99.00 99.00
2012 11 19 00 00     1.0  8.90 999.00  0.10 999.0 11.00   1.20     5 99.00 99.00
2012 11 19 01 00     1.0  8.80 999.00  0.10 999.0 11.00   1.20     5 99.00 99.00
2012 11 19 02 00     1.0  8.80 999.00  0.10 999.0 11.20   1.20     5 99.00 99.00
2012 11 19 03 00     1.0  8.80 999.00  0.10 999.0 11.20   1.30     4 99.00 99.00
2012 11 19 04 00     1.0  8.70 999.00  0.10 999.0 11.10   1.30     4 99.00 99.00
2012 11 19 05 00     1.0  8.80 999.00  0.10 999.0 11.00   1.30     5 99.00 99.00
2012 11 19 06 00     1.0  8.80 999.00  0.10 999.0 11.00   1.30     5 99.00 99.00
2012 11 19 07 00     1.0  8.70 999.00  0.10 999.0 11.20   1.30     4 99.00 99.00
2012 11 19 08 00     1.0  8.90 999.00  0.10 999.0 11.30   1.30     4 99.00 99.00
2012 11 19 09 00     1.0  9.00 999.00  0.10 999.0 11.40   1.30     4 99.00 99.00
2012 11 19 10 00     1.0  9.00 999.00  0.10 999.0 11.50   1.30     4 99.00 99.00
2012 11 19 11 00     1.0  8.90 999.00  0.10 999.0 11.40   1.20     4 99.00 99.00
2012 11 19 12 00     1.0  8.80 999.00  0.10 999.0 11.40   1.20     4 99.00 99.00
2012 11 19 13 00     1.0  8.80 999.00  0.10 999.0 11.40   1.10     5 99.00 99.00
2012 11 19 14 00     1.0  8.80 999.00  0.10 999.0 11.20   1.00     5 99.00 99.00
2012 11 19 15 00     1.0  8.70 999.00  0.10 999.0 11.10   1.00     5 99.00 99.00
2012 11 19 16 00     1.0  8.80 999.00  0.10 999.0 11.40   1.00     5 99.00 99.00
2012 11 19 17 00     1.0  8.90 999.00  0.10 999.0 11.70   1.00     4 99.00 99.00
2012 11 19 18 00     1.0  9.00 999.00  0.10 999.0 11.80   1.10     4 99.00 99.00
2012 11 19 19 00     1.0  9.10 999.00  0.10 999.0 11.90   1.10     4 99.00 99.00
2012 11 19 20 00     1.0  9.00 999.00  0.10 999.0 11.70   1.20     4 99.00 99.00
2012 11 19 21 00     1.0  9.10 999.00  0.10 999.0 11.80   1.20     4 99.00 99.00
2012 11 19 22 00     1.0  9.00 999.00  0.10 999.0 11.70   1.20     4 99.00 99.00
2012 11 19 23 00     1.0  9.00 999.00  0.10 999.0 11.40   1.20     5 99.00 99.00
2012 11 20 00 00     1.0  8.90 999.00  0.10 999.0 11.20   1.20     5 99.00 99.00
2012 11 20 01 00     1.0  9.00 999.00  0.10 999.0 11.00   1.20     6 99.00 99.00
2012 11 20 02 00     1.0  9.00 999.00  0.10 999.0 10.90   1.30     5 99.00 99.00
2012 11 20 03 00     1.0  9.10 999.00  0.10 999.0 10.80   1.40     5 99.00 99.00
2012 11 20 04 00     1.0  9.10 999.00  0.10 999.0 10.80   1.50     5 99.00 99.00
2012 11 20 05 00     1.0  9.10 999.00  0.10 999.0 10.80   1.40     5 99.00 99.00
2012 11 20 06 00     1.0  9.00 999.00  0.10 999.0 10.80   1.30     5 99.00 99.00
2012 11 20 07 00     1.0  9.00 999.00  0.10 999.0 10.80   1.30     5 99.00 99.00
2012 11 20 08 00     1.0  9.00 999.00  0.10 999.0 10.70   1.40     5 99.00 99.00
2012 11 20 09 00     1.0  9.00 999.00  0.10 999.0 10.70   1.30     5 99.00 99.00
2012 11 20 10 00     1.0  9.10 999.00  0.10 999.0 10.80   1.50     5 99.00 99.00
2012 11 20 11 00     1.0  9.20 999.00  0.10 999.0 10.80   1.60     5 99.00 99.00
2012 11 20 12 00     1.0  9.30 999.00  0.10 999.0 10.80   1.60     5 99.00 99.00
2012 11 20 13 00     1.0  9.30 999.00  0.10 999.0 10.90   1.60     5 99.00 99.00
2012 11 20 14 00     1.0  9.50 999.00  0.10 999.0 11.00   1.30     5 99.00 99.00
2012 11 20 15 00     1.0  9.80 999.00  0.10 999.0 11.30   1.20     5 99.00 99.00
2012 11 20 16 00     1.0 10.10 999.00  0.10 999.0 11.40   1.00     4 99.00 99.00
2012 11 20 17 00     1.0 10.30 999.00  0.10 999.0 11.50   1.10     4 99.00 99.00
2012 11 20 18 00     1.0 10.00 999.00  0.10 999.0 11.10   1.30     4 99.00 99.00
2012 11 20 19 00     1.0  9.90 999.00  0.10 999.0 11.00   1.40     4 99.00 99.00
2012 11 20 20 00     1.0  9.80 999.00  0.10 999.0 11.00   1.60     4 99.00 99.00
2012 11 20 21 00     1.0  9.80 999.00  0.10 999.0 11.00   1.70     4 99.00 99.00
2012 11 20 22 00     1.0 10.10 999.00  0.10 999.0 11.20   1.80     4 99.00 99.00
2012 11 20 23 00     1.0 10.00 999.00  0.10 999.0 11.40   1.70     4 99.00 99.00
2012 11 21 00 00     1.0 10.00 999.00  0.10 999.0 11.00   1.40     4 99.00 99.00
2012 11 21 01 00     1.0  9.90 999.00  0.10 999.0 11.10   1.40     6 99.00 99.00
2012 11 21 02 00     1.0  9.90 999.00  0.10 999.0 10.80   1.30     6 99.00 99.00
2012 11 21 03 00     1.0  9.90 999.00  0.10 999.0 10.70   1.30     6 99.00 99.00
2012 11 21 04 00     1.0  9.90 999.00  0.10 999.0 10.60   1.50     6 99.00 99.00
2012 11 21 05 00     1.0  9.90 999.00  0.10 999.0 10.60   1.40     6 99.00 99.00
2012 11 21 06 00     1.0  9.80 999.00  0.10 999.0 10.70   1.40     5 99.00 99.00
2012 11 21 07 00     1.0  9.80 999.00  0.10 999.0 10.70   1.50     5 99.00 99.00
2012 11 21 08 00     1.0  9.80 999.00  0.10 999.0 10.70   1.40     5 99.00 99.00
2012 11 21 09 00     1.0  9.70 999.00  0.10 999.0 10.70   1.40     5 99.00 99.00
2012 11 21 10 00     1.0  9.70 999.00  0.10 999.0 10.70   1.40     5 99.00 99.00
2012 11 21 11 00     1.0  9.70 999.00  0.10 999.0 10.60   1.30     5 99.00 99.00
2012 11 21 12 00     1.0  9.70 999.00  0.10 999.0 10.60   1.30     5 99.00 99.00
2012 11 21 13 00     1.0  9.70 999.00  0.10 999.0 10.60   1.30     5 99.00 99.00
2012 11 21 14 00     1.0  9.80 999.00  0.10 999.0 10.70   1.10     6 99.00 99.00
2012 11 21 15 00     1.0  9.90 999.00  0.10 999.0 10.80   1.10     6 99.00 99.00
2012 11 21 16 00     1.0 10.00 999.00  0.10 999.0 11.20   1.10     6 99.00 99.00
2012 11 21 18 00     1.0 10.20 999.00  0.10 999.0 11.60   1.10     5 99.00 99.00
2012 11 21 19 00     1.0 10.30 999.00  0.10 999.0 11.50   1.20     5 99.00 99.00
2012 11 21 20 00     1.0 10.30 999.00  0.10 999.0 11.30   1.40     5 99.00 99.00
2012 11 21 21 00     1.0 10.30 999.00  0.10 999.0 11.20   1.60     5 99.00 99.00
2012 11 21 22 00     1.0 10.30 999.00  0.10 999.0 11.40   1.60     4 99.00 99.00
2012 11 21 23 00     1.0 10.20 999.00  0.10 999.0 11.40   1.60     4 99.00 99.00
2012 11 22 00 00     1.0 10.00 999.00  0.10 999.0 11.40   1.60     5 99.00 99.00
2012 11 22 01 00     1.0  9.90 999.00  0.10 999.0 11.20   1.60     5 99.00 99.00
2012 11 22 02 00     1.0  9.70 999.00  0.10 999.0 10.90   1.50     6 99.00 99.00
2012 11 22 03 00     1.0  9.60 999.00  0.10 999.0 10.80   1.40     6 99.00 99.00
2012 11 22 04 00     1.0  9.50 999.00  0.10 999.0 10.70   1.30     6 99.00 99.00
2012 11 22 05 00     1.0  9.50 999.00  0.10 999.0 10.70   1.50     5 99.00 99.00
2012 11 22 07 00     1.0  9.40 999.00  0.10 999.0 10.70   1.40     5 99.00 99.00
2012 11 22 08 00     1.0  9.40 999.00  0.10 999.0 10.70   1.40     5 99.00 99.00
2012 11 22 09 00     1.0  9.40 999.00  0.10 999.0 10.70   1.40     5 99.00 99.00
2012 11 22 10 00     1.0  9.30 999.00  0.10 999.0 10.70   1.40     5 99.00 99.00
2012 11 22 11 00     1.0  9.30 999.00  0.10 999.0 10.70   1.40     5 99.00 99.00
2012 11 22 12 00     1.0  9.30 999.00  0.10 999.0 10.70   1.40     5 99.00 99.00
2012 11 22 13 00     1.0  9.30 999.00  0.10 999.0 10.70   1.30     5 99.00 99.00
2012 11 22 15 00     1.0  9.30 999.00  0.10 999.0 10.70   1.10     5 99.00 99.00
2012 11 22 16 00     1.0  9.50 999.00  0.10 999.0 10.70   1.10     5 99.00 99.00
2012 11 22 17 00     1.0 10.10 999.00  0.10 999.0 11.10   1.00     4 99.00 99.00
2012 11 22 18 00     1.0 10.30 999.00  0.10 999.0 11.10   1.00     4 99.00 99.00
2012 11 22 19 00     1.0 10.10 999.00  0.10 999.0 11.10   1.10     4 99.00 99.00
2012 11 22 20 00     1.0 10.20 999.00  0.10 999.0 11.00   1.20     4 99.00 99.00
2012 11 22 21 00     1.0 10.00 999.00  0.10 999.0 10.80   1.30     4 99.00 99.00
2012 11 22 22 00     1.0  9.80 999.00  0.10 999.0 10.80   1.60     4 99.00 99.00
2012 11 22 23 00     1.0  9.80 999.00  0.10 999.0 10.90   1.60     4 99.00 99.00
2012 11 23 00 00     1.0  9.60 999.00  0.10 999.0 11.40   1.50     4 99.00 99.00
2012 11 23 01 00     1.0  9.50 999.00  0.10 999.0 11.40   1.50     4 99.00 99.00
2012 11 23 02 00     1.0  9.50 999.00  0.10 999.0 11.40   1.50     5 99.00 99.00
2012 11 23 03 00     1.0  9.60 999.00  0.10 999.0 11.50   1.60     5 99.00 99.00
2012 11 23 04 00     1.0  9.60 999.00  0.10 999.0 11.50   1.60     5 99.00 99.00
2012 11 23 05 00     1.0  9.60 999.00  0.10 999.0 11.40   1.80     5 99.00 99.00
2012 11 23 06 00     1.0  9.60 999.00  0.10 999.0 11.40   1.70     5 99.00 99.00
2012 11 23 07 00     1.0  9.50 999.00  0.10 999.0 11.40   1.60     5 99.00 99.00
2012 11 23 08 00     1.0  9.40 999.00  0.10 999.0 11.40   1.60     5 99.00 99.00
2012 11 23 09 00     1.0  9.30 999.00  0.10 999.0 11.40   1.60     4 99.00 99.00
2012 11 23 10 00     1.0  9.20 999.00  0.10 999.0 11.30   1.60     5 99.00 99.00
2012 11 23 11 00     1.0  9.20 999.00  0.10 999.0 11.40   1.50     4 99.00 99.00
2012 11 23 12 00     1.0  9.30 999.00  0.10 999.0 11.40   1.60     4 99.00 99.00
2012 11 23 13 00     1.0  9.40 999.00  0.10 999.0 11.40   1.50     4 99.00 99.00
2012 11 23 14 00     1.0  9.50 999.00  0.10 999.0 11.40   1.50     4 99.00 99.00
2012 11 23 15 00     1.0  9.50 999.00  0.10 999.0 11.20   1.40     4 99.00 99.00
2012 11 23 16 00     1.0  9.70 999.00  0.10 999.0 11.20   1.40     4 99.00 99.00
2012 11 23 17 00     1.0  9.80 999.00  0.10 999.0 11.10   1.20     4 99.00 99.00
2012 11 23 18 00     1.0  9.70 999.00  0.10 999.0 11.10   1.40     5 99.00 99.00
2012 11 23 19 00     1.0  9.80 999.00  0.10 999.0 11.10   1.10     4 99.00 99.00
2012 11 23 20 00     1.0  9.80 999.00  0.10 999.0 11.30   1.50     4 99.00 99.00
2012 11 23 21 00     1.0  9.70 999.00  0.10 999.0 11.30   1.60     4 99.00 99.00
2012 11 23 22 00     1.0  9.80 999.00  0.10 999.0 11.40   1.90     4 99.00 99.00
2012 11 23 23 00     1.0  9.80 999.00  0.10 999.0 11.40   1.70     4 99.00 99.00
2012 11 24 00 00     1.0  9.70 999.00  0.10 999.0 11.20   1.60     4 99.00 99.00
2012 11 24 01 00     1.0  9.50 999.00  0.10 999.0 11.00   1.50     4 99.00 99.00
2012 11 24 02 00     1.0  9.30 999.00  0.10 999.0 11.00   1.40     4 99.00 99.00
2012 11 24 03 00     1.0  9.20 999.00  0.10 999.0 11.30   1.40     4 99.00 99.00
2012 11 24 04 00     1.0  9.20 999.00  0.10 999.0 11.40   1.40     4 99.00 99.00
2012 11 24 05 00     1.0  9.20 999.00  0.10 999.0 11.50   1.40     4 99.00 99.00
2012 11 24 06 00     1.0  9.20 999.00  0.10 999.0 11.50   1.40     4 99.00 99.00
2012 11 24 07 00     1.0  9.10 999.00  0.10 999.0 11.50   1.40     4 99.00 99.00
2012 11 24 08 00     1.0  9.10 999.00  0.10 999.0 11.50   1.50     4 99.00 99.00
2012 11 24 09 00     1.0  9.10 999.00  0.10 999.0 11.50   1.40     4 99.00 99.00
2012 11 24 10 00     1.0  9.00 999.00  0.10 999.0 11.50   1.40     4 99.00 99.00
2012 11 24 11 00     1.0  9.00 999.00  0.10 999.0 11.40   1.40     4 99.00 99.00
2012 11 24 12 00     1.0  8.90 999.00  0.10 999.0 11.30   1.50     4 99.00 99.00
2012 11 24 13 00     1.0  8.80 999.00  0.10 999.0 11.30   1.40     5 99.00 99.00
2012 11 24 14 00     1.0  8.80 999.00  0.10 999.0 11.40   1.30     4 99.00 99.00
2012 11 24 15 00     1.0  8.90 999.00  0.10 999.0 11.40   1.20     5 99.00 99.00
2012 11 24 16 00     1.0  8.90 999.00  0.10 999.0 11.40   1.30     4 99.00 99.00
2012 11 24 17 00     1.0  8.80 999.00  0.10 999.0 11.30   1.30     5 99.00 99.00
2012 11 24 18 00     1.0  9.00 999.00  0.10 999.0 11.30   1.30     5 99.00 99.00
2012 11 24 19 00     1.0  9.00 999.00  0.10 999.0 11.30   1.40     5 99.00 99.00
2012 11 24 20 00     1.0  9.00 999.00  0.10 999.0 11.30   1.50     5 99.00 99.00
2012 11 24 21 00     1.0  8.90 999.00  0.10 999.0 11.30   1.40     5 99.00 99.00
2012 11 24 22 00     1.0  8.70 999.00  0.10 999.0 11.30   1.40     5 99.00 99.00
2012 11 24 23 00     1.0  8.70 999.00  0.10 999.0 11.20   1.50     4 99.00 99.00
2012 11 25 00 00     1.0  8.70 999.00  0.10 999.0 11.30   1.50     5 99.00 99.00
2012 11 25 01 00     1.0  8.70 999.00  0.10 999.0 11.30   1.50     5 99.00 99.00
2012 11 25 02 00     1.0  8.70 999.00  0.10 999.0 11.30   1.50     5 99.00 99.00
2012 11 25 03 00     1.0  8.80 999.00  0.10 999.0 11.30   1.40     6 99.00 99.00
2012 11 25 04 00     1.0  8.70 999.00  0.10 999.0 11.50   1.50     6 99.00 99.00
2012 11 25 05 00     1.0  8.50 999.00  0.10 999.0 11.30   1.60     7 99.00 99.00
2012 11 25 06 00     1.0  8.50 999.00  0.10 999.0 11.30   1.70     8 99.00 99.00
2012 11 25 07 00     1.0  8.50 999.00  0.10 999.0 11.30   1.70     8 99.00 99.00
2012 11 25 08 00     1.0  8.40 999.00  0.10 999.0 11.30   1.60     8 99.00 99.00
2012 11 25 09 00     1.0  8.30 999.00  0.10 999.0 11.30   1.70     8 99.00 99.00
2012 11 25 10 00     1.0  8.20 999.00  0.10 999.0 11.30   1.60     7 99.00 99.00
2012 11 25 11 00     1.0  8.00 999.00  0.10 999.0 11.20   1.60     6 99.00 99.00
2012 11 25 12 00     1.0  8.00 999.00  0.10 999.0 11.30   1.60     6 99.00 99.00
2012 11 25 13 00     1.0  8.10 999.00  0.10 999.0 11.30   1.60     7 99.00 99.00
2012 11 25 14 00     1.0  8.30 999.00  0.10 999.0 11.40   1.40     7 99.00 99.00
2012 11 25 15 00     1.0  8.30 999.00  0.10 999.0 11.30   1.30     7 99.00 99.00
2012 11 25 16 00     1.0  8.40 999.00  0.10 999.0 11.30   1.30     8 99.00 99.00
2012 11 25 17 00     1.0  8.30 999.00  0.10 999.0 11.30   1.30     7 99.00 99.00
2012 11 25 18 00     1.0  8.20 999.00  0.10 999.0 11.20   1.30     5 99.00 99.00
2012 11 25 19 00     1.0  8.00 999.00  0.10 999.0 11.20   1.30     5 99.00 99.00
2012 11 25 20 00     1.0  8.00 999.00  0.10 999.0 11.20   1.30     5 99.00 99.00
2012 11 25 21 00     1.0  8.00 999.00  0.10 999.0 11.20   1.30     5 99.00 99.00
2012 11 25 22 00     1.0  7.90 999.00  0.10 999.0 11.20   1.40     5 99.00 99.00
2012 11 25 23 00     1.0  8.00 999.00  0.10 999.0 11.20   1.40     5 99.00 99.00
2012 11 26 00 00     1.0  7.80 999.00  0.10 999.0 11.20   1.40     4 99.00 99.00
2012 11 26 01 00     1.0  7.70 999.00  0.10 999.0 11.40   1.40     5 99.00 99.00
2012 11 26 02 00     1.0  7.80 999.00  0.10 999.0 11.30   1.60     5 99.00 99.00
2012 11 26 03 00     1.0  7.80 999.00  0.10 999.0 11.60   1.80     5 99.00 99.00
2012 11 26 04 00     1.0  7.90 999.00  0.10 999.0 11.40   1.90     5 99.00 99.00
2012 11 26 05 00     1.0  7.90 999.00  0.10 999.0 11.30   1.90     5 99.00 99.00
2012 11 26 06 00     1.0  8.00 999.00  0.10 999.0 11.20   2.00     6 99.00 99.00
2012 11 26 07 00     1.0  8.00 999.00  0.10 999.0 11.20   1.90     5 99.00 99.00
2012 11 26 08 00     1.0  8.00 999.00  0.10 999.0 11.10   2.00     5 99.00 99.00
2012 11 26 09 00     1.0  8.00 999.00  0.10 999.0 11.00   2.20     5 99.00 99.00
2012 11 26 10 00     1.0  7.90 999.00  0.10 999.0 11.10   2.20     5 99.00 99.00
2012 11 26 11 00     1.0  7.90 999.00  0.10 999.0 11.10   2.20     5 99.00 99.00
2012 11 26 12 00     1.0  7.70 999.00  0.10 999.0 11.10   2.50     5 99.00 99.00
2012 11 26 13 00     1.0  7.80 999.00  0.10 999.0 11.10   1.80     5 99.00 99.00
2012 11 26 14 00     1.0  8.00 999.00  0.10 999.0 11.00   1.40     5 99.00 99.00
2012 11 26 15 00     1.0  8.10 999.00  0.10 999.0 11.00   1.10     4 99.00 99.00
2012 11 26 16 00     1.0  8.00 999.00  0.10 999.0 11.10   1.20     5 99.00 99.00
2012 11 26 17 00     1.0  8.00 999.00  0.10 999.0 11.40   1.40     5 99.00 99.00
2012 11 26 18 00     1.0  8.10 999.00  0.10 999.0 11.60   1.80     6 99.00 99.00
2012 11 26 19 00     1.0  8.20 999.00  0.10 999.0 11.60   1.50     5 99.00 99.00
2012 11 26 20 00     1.0  8.20 999.00  0.10 999.0 11.60   2.40     9 99.00 99.00
2012 11 26 21 00     1.0  8.10 999.00  0.10 999.0 11.60   2.90     5 99.00 99.00
2012 11 26 22 00     1.0  8.10 999.00  0.10 999.0 11.60   2.20     5 99.00 99.00
2012 11 26 23 00     1.0  8.10 999.00  0.10 999.0 11.60   2.60     5 99.00 99.00
2012 11 27 00 00     1.0  8.10 999.00  0.10 999.0 11.60   2.30     5 99.00 99.00
2012 11 27 01 00     1.0  8.10 999.00  0.10 999.0 11.50   2.40     5 99.00 99.00
2012 11 27 02 00     1.0  8.10 999.00  0.10 999.0 11.50   2.10     5 99.00 99.00
2012 11 27 03 00     1.0  8.10 999.00  0.10 999.0 11.40   2.00     5 99.00 99.00
2012 11 27 04 00     1.0  8.10 999.00  0.10 999.0 11.40   2.10     5 99.00 99.00
2012 11 27 05 00     1.0  8.10 999.00  0.10 999.0 11.20   2.10     5 99.00 99.00
2012 11 27 06 00     1.0  8.10 999.00  0.10 999.0 11.10   2.10     5 99.00 99.00
2012 11 27 07 00     1.0  8.10 999.00  0.10 999.0 11.10   2.20     6 99.00 99.00
2012 11 27 08 00     1.0  8.10 999.00  0.10 999.0 11.00   2.10     5 99.00 99.00
2012 11 27 09 00     1.0  8.10 999.00  0.10 999.0 11.00   2.20     5 99.00 99.00
2012 11 27 10 00     1.0  8.10 999.00  0.10 999.0 11.00   2.00     5 99.00 99.00
2012 11 27 11 00     1.0  8.10 999.00  0.10 999.0 11.10   2.10     5 99.00 99.00
2012 11 27 12 00     1.0  8.00 999.00  0.10 999.0 11.10   2.10     5 99.00 99.00
2012 11 27 13 00     1.0  8.00 999.00  0.10 999.0 11.10   2.10     6 99.00 99.00
2012 11 27 14 00     1.0  8.00 999.00  0.10 999.0 11.00   1.70     5 99.00 99.00
2012 11 27 15 00     1.0  8.00 999.00  0.10 999.0 11.00   1.80     6 99.00 99.00
2012 11 27 16 00     1.0  8.00 999.00  0.10 999.0 11.00   1.80     6 99.00 99.00
2012 11 27 17 00     1.0  7.90 999.00  0.10 999.0 10.90   1.60     6 99.00 99.00
2012 11 27 18 00     1.0  7.90 999.00  0.10 999.0 11.00   1.60     4 99.00 99.00
2012 11 27 19 00     1.0  7.90 999.00  0.10 999.0 11.00   1.60     5 99.00 99.00
2012 11 27 20 00     1.0  7.90 999.00  0.10 999.0 11.10   1.60     5 99.00 99.00
2012 11 27 21 00     1.0  7.90 999.00  0.10 999.0 11.10   1.70     5 99.00 99.00
2012 11 27 22 00     1.0  7.90 999.00  0.10 999.0 11.10   1.70     5 99.00 99.00
2012 11 27 23 00     1.0  7.90 999.00  0.10 999.0 11.10   1.80     5 99.00 99.00
2012 11 28 00 00     1.0  8.00 999.00  0.10 999.0 11.30   1.80     5 99.00 99.00
2012 11 28 01 00     1.0  8.10 999.00  0.10 999.0 11.30   1.70     5 99.00 99.00
2012 11 28 02 00     1.0  8.10 999.00  0.10 999.0 11.40   1.80     6 99.00 99.00
2012 11 28 03 00     1.0  8.20 999.00  0.10 999.0 11.50   1.80     5 99.00 99.00
2012 11 28 04 00     1.0  8.20 999.00  0.10 999.0 11.60   1.80     6 99.00 99.00
2012 11 28 05 00     1.0  8.10 999.00  0.10 999.0 11.50   1.80     5 99.00 99.00
2012 11 28 06 00     1.0  8.10 999.00  0.10 999.0 11.50   1.80     5 99.00 99.00
2012 11 28 07 00     1.0  8.20 999.00  0.10 999.0 11.60   1.80     5 99.00 99.00
2012 11 28 08 00     1.0  8.10 999.00  0.10 999.0 11.70   1.80     5 99.00 99.00
2012 11 28 09 00     1.0  8.10 999.00  0.10 999.0 11.70   1.80     5 99.00 99.00
2012 11 28 10 00     1.0  8.10 999.00  0.10 999.0 11.70   1.80     5 99.00 99.00
2012 11 28 11 00     1.0  8.00 999.00  0.10 999.0 11.80   1.70     5 99.00 99.00
2012 11 28 12 00     1.0  7.90 999.00  0.10 999.0 11.70   1.70     5 99.00 99.00
2012 11 28 13 00     1.0  7.50 999.00  0.10 999.0 11.30   1.30     4 99.00 99.00
2012 11 28 14 00     1.0  7.70 999.00  0.10 999.0 11.40   1.30     4 99.00 99.00
2012 11 28 15 00     1.0  7.80 999.00  0.10 999.0 11.30   1.20     4 99.00 99.00
2012 11 28 16 00     1.0  7.80 999.00  0.10 999.0 11.30   1.10     4 99.00 99.00
2012 11 28 17 00     1.0  7.90 999.00  0.10 999.0 11.40   1.20     4 99.00 99.00
2012 11 28 18 00     1.0  8.00 999.00  0.10 999.0 11.50   1.10     5 99.00 99.00
2012 11 28 19 00     1.0  8.00 999.00  0.10 999.0 11.50   1.20     5 99.00 99.00
2012 11 28 20 00     1.0  8.00 999.00  0.10 999.0 11.50   1.30     5 99.00 99.00
2012 11 28 21 00     1.0  8.00 999.00  0.10 999.0 11.40   1.50     5 99.00 99.00
2012 11 28 22 00     1.0  8.00 999.00  0.10 999.0 11.50   1.60     5 99.00 99.00
2012 11 28 23 00     1.0  8.00 999.00  0.10 999.0 11.50   1.70     5 99.00 99.00
2012 11 29 00 00     1.0  8.00 999.00  0.10 999.0 11.50   1.60     5 99.00 99.00
2012 11 29 01 00     1.0  7.90 999.00  0.10 999.0 11.30   1.60     5 99.00 99.00
2012 11 29 02 00     1.0  7.80 999.00  0.10 999.0 11.30   1.60     5 99.00 99.00
2012 11 29 03 00     1.0  7.70 999.00  0.10 999.0 11.30   1.50     5 99.00 99.00
2012 11 29 04 00     1.0  7.70 999.00  0.10 999.0 11.20   1.70     5 99.00 99.00
2012 11 29 05 00     1.0  7.70 999.00  0.10 999.0 11.20   1.70     5 99.00 99.00
2012 11 29 06 00     1.0  7.60 999.00  0.10 999.0 11.20   1.70     5 99.00 99.00
2012 11 29 07 00     1.0  7.60 999.00  0.10 999.0 11.20   1.70     5 99.00 99.00
2012 11 29 08 00     1.0  7.60 999.00  0.10 999.0 11.30   1.80     5 99.00 99.00
2012 11 29 09 00     1.0  7.60 999.00  0.10 999.0 11.20   1.80     5 99.00 99.00
2012 11 29 10 00     1.0  7.50 999.00  0.10 999.0 11.30   1.80     5 99.00 99.00
2012 11 29 11 00     1.0  7.50 999.00  0.10 999.0 11.20   1.90     6 99.00 99.00
2012 11 29 12 00     1.0  7.40 999.00  0.10 999.0 11.20   1.90     5 99.00 99.00
2012 11 29 13 00     1.0  7.50 999.00  0.10 999.0 11.30   1.60     6 99.00 99.00
2012 11 29 14 00     1.0  7.40 999.00  0.10 999.0 11.30   1.50     4 99.00 99.00
2012 11 29 15 00     1.0  7.40 999.00  0.10 999.0 11.30   1.30     4 99.00 99.00
2012 11 29 16 00     1.0  7.50 999.00  0.10 999.0 11.40   1.60     5 99.00 99.00
2012 11 29 17 00     1.0  7.60 999.00  0.10 999.0 11.40   1.50     5 99.00 99.00
2012 11 29 18 00     1.0  7.60 999.00  0.10 999.0 11.50   1.40     5 99.00 99.00
2012 11 29 19 00     1.0  7.70 999.00  0.10 999.0 11.70   1.40     4 99.00 99.00
2012 11 29 20 00     1.0  7.80 999.00  0.10 999.0 12.00   1.60     4 99.00 99.00
2012 11 29 21 00     1.0  7.80 999.00  0.10 999.0 12.20   1.80     4 99.00 99.00
2012 11 29 23 00     1.0  7.70 999.00  0.10 999.0 11.90   2.30     5 99.00 99.00
2012 11 30 00 00     1.0  7.60 999.00  0.10 999.0 11.80   2.00     5 99.00 99.00
2012 11 30 01 00     1.0  7.70 999.00  0.10 999.0 12.30   2.20     5 99.00 99.00
2012 11 30 02 00     1.0  7.70 999.00  0.10 999.0 12.70   2.10     5 99.00 99.00
2012 11 30 03 00     1.0  7.70 999.00  0.10 999.0 11.70   2.40     6 99.00 99.00
2012 11 30 04 00     1.0  7.70 999.00  0.10 999.0 11.50   2.20     6 99.00 99.00
2012 11 30 05 00     1.0  7.60 999.00  0.10 999.0 11.40   2.10     6 99.00 99.00
2012 11 30 06 00     1.0  7.60 999.00  0.10 999.0 11.40   2.00     5 99.00 99.00
2012 11 30 07 00     1.0  7.60 999.00  0.10 999.0 11.40   1.90     5 99.00 99.00
2012 11 30 08 00     1.0  7.50 999.00  0.10 999.0 11.30   1.80     5 99.00 99.00
2012 11 30 09 00     1.0  7.50 999.00  0.10 999.0 11.30   1.90     5 99.00 99.00
2012 11 30 10 00     1.0  7.40 999.00  0.10 999.0 11.30   1.90     5 99.00 99.00
2012 11 30 11 00     1.0  7.40 999.00  0.10 999.0 11.30   2.00     5 99.00 99.00
2012 11 30 12 00     1.0  7.30 999.00  0.10 999.0 11.30   2.00     5 99.00 99.00
2012 11 30 13 00     1.0  7.30 999.00  0.10 999.0 11.30   1.70     5 99.00 99.00
2012 11 30 14 00     1.0  7.30 999.00  0.10 999.0 11.30   1.40     5 99.00 99.00
2012 11 30 15 00     1.0  7.30 999.00  0.10 999.0 11.30   1.40     4 99.00 99.00
2012 11 30 16 00     1.0  7.60 999.00  0.10 999.0 11.40   1.10     4 99.00 99.00
2012 11 30 17 00     1.0  7.80 999.00  0.10 999.0 11.40   1.10     4 99.00 99.00
2012 11 30 18 00     1.0  7.60 999.00  0.10 999.0 11.40   1.10     4 99.00 99.00
2012 11 30 19 00     1.0  7.80 999.00  0.10 999.0 11.50   1.10     4 99.00 99.00
2012 11 30 20 00     1.0  8.00 999.00  0.10 999.0 11.90   1.20     4 99.00 99.00
2012 11 30 21 00     1.0  8.00 999.00  0.10 999.0 12.70   1.50     4 99.00 99.00
2012 11 30 22 00     1.0  7.90 999.00  0.10 999.0 12.80   1.80     4 99.00 99.00
2012 11 30 23 00     1.0  7.90 999.00  0.10 999.0 12.70   2.00     4 99.00 99.00
2012 12 01 00 00     1.0  7.70 999.00  0.10 999.0 12.50   1.80     4 99.00 99.00
2012 12 01 01 00     1.0  7.70 999.00  0.10 999.0 12.40   1.90     4 99.00 99.00
2012 12 01 02 00     1.0  7.70 999.00  0.10 999.0 12.20   2.20     5 99.00 99.00
2012 12 01 03 00     1.0  7.70 999.00  0.10 999.0 12.30   2.20     5 99.00 99.00
2012 12 01 04 00     1.0  7.70 999.00  0.10 999.0 11.90   2.50     5 99.00 99.00
2012 12 01 05 00     1.0  7.70 999.00  0.10 999.0 11.70   2.50     5 99.00 99.00
2012 12 01 06 00     1.0  7.70 999.00  0.10 999.0 11.70   2.50     5 99.00 99.00
2012 12 01 07 00     1.0  7.60 999.00  0.10 999.0 11.60   2.10     5 99.00 99.00
2012 12 01 08 00     1.0  7.60 999.00  0.10 999.0 11.50   2.10     5 99.00 99.00
2012 12 01 09 00     1.0  7.60 999.00  0.10 999.0 11.50   2.00     5 99.00 99.00
2012 12 01 10 00     1.0  7.60 999.00  0.10 999.0 11.50   1.90     5 99.00 99.00
2012 12 01 11 00     1.0  7.50 999.00  0.10 999.0 11.50   1.90     5 99.00 99.00
2012 12 01 12 00     1.0  7.50 999.00  0.10 999.0 11.40   2.00     5 99.00 99.00
2012 12 01 13 00     1.0  7.50 999.00  0.10 999.0 11.50   1.80     5 99.00 99.00
2012 12 01 14 00     1.0  7.60 999.00  0.10 999.0 11.60   1.50     5 99.00 99.00
2012 12 01 15 00     1.0  7.60 999.00  0.10 999.0 11.60   1.50     5 99.00 99.00
2012 12 01 16 00     1.0  7.70 999.00  0.10 999.0 11.60   1.50     5 99.00 99.00
2012 12 01 17 00     1.0  8.00 999.00  0.10 999.0 11.50   1.00     4 99.00 99.00
2012 12 01 18 00     1.0  8.10 999.00  0.10 999.0 11.50   1.20     4 99.00 99.00
2012 12 01 19 00     1.0  8.10 999.00  0.10 999.0 11.60   1.10     4 99.00 99.00
2012 12 01 20 00     1.0  8.20 999.00  0.10 999.0 11.70   1.40     4 99.00 99.00
2012 12 01 21 00     1.0  7.90 999.00  0.10 999.0 11.60   1.60     4 99.00 99.00
2012 12 01 22 00     1.0  7.90 999.00  0.10 999.0 11.60   1.80     4 99.00 99.00
2012 12 01 23 00     1.0  7.60 999.00  0.10 999.0 11.60   1.80     4 99.00 99.00
2012 12 02 00 00     1.0  7.40 999.00  0.10 999.0 11.50   1.90     4 99.00 99.00
2012 12 02 01 00     1.0  7.40 999.00  0.10 999.0 11.40   1.80     4 99.00 99.00
2012 12 02 02 00     1.0  7.60 999.00  0.10 999.0 11.60   1.90     4 99.00 99.00
2012 12 02 03 00     1.0  7.50 999.00  0.10 999.0 11.50   1.90     4 99.00 99.00
2012 12 02 04 00     1.0  7.40 999.00  0.10 999.0 11.80   1.90     4 99.00 99.00
2012 12 02 05 00     1.0  7.40 999.00  0.10 999.0 11.70   2.00     4 99.00 99.00
2012 12 02 06 00     1.0  7.40 999.00  0.10 999.0 11.90   1.90     4 99.00 99.00
2012 12 02 07 00     1.0  7.50 999.00  0.10 999.0 12.10   1.90     4 99.00 99.00
2012 12 02 08 00     1.0  7.50 999.00  0.10 999.0 12.50   1.80     4 99.00 99.00
2012 12 02 09 00     1.0  7.50 999.00  0.10 999.0 12.60   1.90     4 99.00 99.00
2012 12 02 10 00     1.0  7.50 999.00  0.10 999.0 12.80   1.80     4 99.00 99.00
2012 12 02 11 00     1.0  7.50 999.00  0.10 999.0 12.60   1.90     4 99.00 99.00
2012 12 02 12 00     1.0  7.50 999.00  0.10 999.0 12.60   1.90     4 99.00 99.00
2012 12 02 13 00     1.0  7.50 999.00  0.10 999.0 12.60   1.70     4 99.00 99.00
2012 12 02 14 00     1.0  7.50 999.00  0.10 999.0 12.50   1.80     4 99.00 99.00
2012 12 02 15 00     1.0  7.50 999.00  0.10 999.0 12.40   1.70     4 99.00 99.00
2012 12 02 16 00     1.0  7.50 999.00  0.10 999.0 12.10   1.80     4 99.00 99.00
2012 12 02 17 00     1.0  7.50 999.00  0.10 999.0 12.30   1.80     4 99.00 99.00
2012 12 02 18 00     1.0  7.60 999.00  0.10 999.0 12.40   1.60     4 99.00 99.00
2012 12 02 19 00     1.0  7.70 999.00  0.10 999.0 12.50   1.50     4 99.00 99.00
2012 12 02 20 00     1.0  7.80 999.00  0.10 999.0 12.50   1.50     3 99.00 99.00
2012 12 02 21 00     1.0  7.70 999.00  0.10 999.0 12.60   1.70     4 99.00 99.00
2012 12 02 22 00     1.0  7.60 999.00  0.10 999.0 12.50   1.90     4 99.00 99.00
2012 12 02 23 00     1.0  7.60 999.00  0.10 999.0 12.50   2.20     4 99.00 99.00
2012 12 03 00 00     1.0  7.60 999.00  0.10 999.0 12.40   1.90     4 99.00 99.00
2012 12 03 01 00     1.0  7.60 999.00  0.10 999.0 12.40   1.90     3 99.00 99.00
2012 12 03 02 00     1.0  7.60 999.00  0.10 999.0 12.40   2.00     3 99.00 99.00
2012 12 03 03 00     1.0  7.60 999.00  0.10 999.0 12.40   2.00     3 99.00 99.00
2012 12 03 04 00     1.0  7.80 999.00  0.10 999.0 12.80   2.20     3 99.00 99.00
2012 12 03 05 00     1.0  7.80 999.00  0.10 999.0 12.80   2.20     3 99.00 99.00
2012 12 03 06 00     1.0  7.80 999.00  0.10 999.0 13.00   1.90     3 99.00 99.00
2012 12 03 07 00     1.0  7.80 999.00  0.10 999.0 12.90   1.90     3 99.00 99.00
2012 12 03 08 00     1.0  7.70 999.00  0.10 999.0 12.70   1.90     3 99.00 99.00
2012 12 03 09 00     1.0  7.70 999.00  0.10 999.0 12.50   1.90     3 99.00 99.00
2012 12 03 10 00     1.0  7.40 999.00  0.10 999.0 11.90   1.80     3 99.00 99.00
2012 12 03 11 00     1.0  7.40 999.00  0.10 999.0 11.60   1.80     4 99.00 99.00
2012 12 03 12 00     1.0  7.30 999.00  0.10 999.0 11.60   2.00     4 99.00 99.00
2012 12 03 13 00     1.0  7.30 999.00  0.10 999.0 11.60   1.70     4 99.00 99.00
2012 12 03 14 00     1.0  7.40 999.00  0.10 999.0 11.70   1.40     4 99.00 99.00
2012 12 03 15 00     1.0  7.50 999.00  0.10 999.0 11.70   1.40     4 99.00 99.00
2012 12 03 16 00     1.0  7.80 999.00  0.10 999.0 11.70   1.20     4 99.00 99.00
2012 12 03 17 00     1.0  8.20 999.00  0.10 999.0 11.80   1.10     3 99.00 99.00
2012 12 03 18 00     1.0  8.40 999.00  0.10 999.0 11.80   1.20     3 99.00 99.00
2012 12 03 19 00     1.0  8.40 999.00  0.10 999.0 12.10   1.20     3 99.00 99.00
2012 12 03 20 00     1.0  8.50 999.00  0.10 999.0 12.40   1.40     3 99.00 99.00
2012 12 03 21 00     1.0  8.30 999.00  0.10 999.0 12.60   1.60     3 99.00 99.00
2012 12 03 22 00     1.0  8.00 999.00  0.10 999.0 12.70   1.80     3 99.00 99.00
2012 12 03 23 00     1.0  8.00 999.00  0.10 999.0 12.70   1.80     3 99.00 99.00
2012 12 04 00 00     1.0  7.70 999.00  0.10 999.0 12.60   1.70     3 99.00 99.00
2012 12 04 01 00     1.0  7.50 999.00  0.10 999.0 12.40   1.80     4 99.00 99.00
2012 12 04 02 00     1.0  7.50 999.00  0.10 999.0 12.20   1.80     4 99.00 99.00
2012 12 04 03 00     1.0  7.60 999.00  0.10 999.0 12.20   1.90     4 99.00 99.00
2012 12 04 04 00     1.0  7.60 999.00  0.10 999.0 12.30   2.30     4 99.00 99.00
2012 12 04 05 00     1.0  7.60 999.00  0.10 999.0 12.30   2.20     4 99.00 99.00
2012 12 04 06 00     1.0  7.60 999.00  0.10 999.0 12.30   2.10     4 99.00 99.00
2012 12 04 07 00     1.0  7.60 999.00  0.10 999.0 12.20   1.90     3 99.00 99.00
2012 12 04 08 00     1.0  7.70 999.00  0.10 999.0 12.30   2.00     3 99.00 99.00
2012 12 04 09 00     1.0  7.60 999.00  0.10 999.0 12.10   1.80     4 99.00 99.00
2012 12 04 10 00     1.0  7.80 999.00  0.10 999.0 12.70   1.70     3 99.00 99.00
2012 12 04 11 00     1.0  7.70 999.00  0.10 999.0 12.60   1.80     4 99.00 99.00
2012 12 04 12 00     1.0  7.70 999.00  0.10 999.0 12.80   1.90     3 99.00 99.00
2012 12 04 13 00     1.0  7.80 999.00  0.10 999.0 12.80   1.90     3 99.00 99.00
2012 12 04 14 00     1.0  7.70 999.00  0.10 999.0 12.30   1.70     3 99.00 99.00
2012 12 04 15 00     1.0  7.80 999.00  0.10 999.0 12.30   1.60     3 99.00 99.00
2012 12 04 16 00     1.0  8.20 999.00  0.10 999.0 12.00   1.30     3 99.00 99.00
2012 12 04 17 00     1.0  8.50 999.00  0.10 999.0 12.70   1.50     3 99.00 99.00
2012 12 04 18 00     1.0  8.50 999.00  0.10 999.0 12.20   1.10     3 99.00 99.00
2012 12 04 19 00     1.0  9.40 999.00  0.10 999.0 12.60   1.30     3 99.00 99.00
2012 12 04 20 00     1.0  8.40 999.00  0.10 999.0 12.20   1.40     3 99.00 99.00
2012 12 04 21 00     1.0  8.40 999.00  0.10 999.0 12.50   1.90     3 99.00 99.00
2012 12 04 22 00     1.0  8.70 999.00  0.10 999.0 12.20   1.90     3 99.00 99.00
2012 12 04 23 00     1.0  8.70 999.00  0.10 999.0 13.10   1.90     3 99.00 99.00
2012 12 05 00 00     1.0  8.40 999.00  0.10 999.0 13.60   2.10     3 99.00 99.00
2012 12 05 01 00     1.0  8.10 999.00  0.10 999.0 12.90   2.30     3 99.00 99.00
2012 12 05 02 00     1.0  8.10 999.00  0.10 999.0 12.60   2.60     3 99.00 99.00
2012 12 05 03 00     1.0  8.10 999.00  0.10 999.0 12.60   2.40     3 99.00 99.00
2012 12 05 04 00     1.0  8.20 999.00  0.10 999.0 12.70   2.30     3 99.00 99.00
2012 12 05 05 00     1.0  8.30 999.00  0.10 999.0 12.70   2.10     3 99.00 99.00
2012 12 05 06 00     1.0  8.20 999.00  0.10 999.0 12.70   2.30     3 99.00 99.00
2012 12 05 07 00     1.0  8.20 999.00  0.10 999.0 12.60   2.20     3 99.00 99.00
2012 12 05 08 00     1.0  8.30 999.00  0.10 999.0 12.80   2.20     3 99.00 99.00
2012 12 05 09 00     1.0  8.30 999.00  0.10 999.0 12.70   2.20     3 99.00 99.00
2012 12 05 10 00     1.0  8.10 999.00  0.10 999.0 12.40   2.30     4 99.00 99.00
2012 12 05 11 00     1.0  8.10 999.00  0.10 999.0 12.20   2.50     4 99.00 99.00
2012 12 05 12 00     1.0  8.10 999.00  0.10 999.0 12.10   2.60     4 99.00 99.00
2012 12 05 13 00     1.0  8.10 999.00  0.10 999.0 12.10   2.60     4 99.00 99.00
2012 12 05 14 00     1.0  8.10 999.00  0.10 999.0 12.10   2.30     4 99.00 99.00
2012 12 05 15 00     1.0  8.10 999.00  0.10 999.0 12.10   2.30     4 99.00 99.00
2012 12 05 16 00     1.0  8.20 999.00  0.10 999.0 12.10   1.90     4 99.00 99.00
2012 12 05 17 00     1.0  8.20 999.00  0.10 999.0 12.00   1.70     4 99.00 99.00
2012 12 05 18 00     1.0  8.20 999.00  0.10 999.0 12.00   1.90     4 99.00 99.00
2012 12 05 19 00     1.0  8.20 999.00  0.10 999.0 11.90   1.60     4 99.00 99.00
2012 12 05 20 00     1.0  8.20 999.00  0.10 999.0 11.90   1.90     4 99.00 99.00
2012 12 05 21 00     1.0  8.20 999.00  0.10 999.0 11.90   2.20     4 99.00 99.00
2012 12 05 22 00     1.0  8.10 999.00  0.10 999.0 11.60   2.10     4 99.00 99.00
2012 12 05 23 00     1.0  8.20 999.00  0.10 999.0 11.60   2.10     5 99.00 99.00
2012 12 06 00 00     1.0  8.10 999.00  0.10 999.0 11.70   2.10     4 99.00 99.00
2012 12 06 01 00     1.0  8.20 999.00  0.10 999.0 11.80   2.10     4 99.00 99.00
2012 12 06 02 00     1.0  8.40 999.00  0.10 999.0 11.90   2.20     4 99.00 99.00
2012 12 06 03 00     1.0  8.40 999.00  0.10 999.0 12.00   2.30     4 99.00 99.00
2012 12 06 04 00     1.0  8.50 999.00  0.10 999.0 12.20   2.40     4 99.00 99.00
2012 12 06 05 00     1.0  8.50 999.00  0.10 999.0 12.00   2.30     4 99.00 99.00
2012 12 06 06 00     1.0  8.50 999.00  0.10 999.0 12.00   2.30     5 99.00 99.00
2012 12 06 07 00     1.0  8.40 999.00  0.10 999.0 11.70   2.20     5 99.00 99.00
2012 12 06 08 00     1.0  8.30 999.00  0.10 999.0 11.80   2.10     4 99.00 99.00
2012 12 06 09 00     1.0  8.40 999.00  0.10 999.0 11.80   2.10     4 99.00 99.00
2012 12 06 10 00     1.0  8.30 999.00  0.10 999.0 11.60   2.00     4 99.00 99.00
2012 12 06 11 00     1.0  8.20 999.00  0.10 999.0 11.70   2.00     4 99.00 99.00
2012 12 06 12 00     1.0  8.20 999.00  0.10 999.0 11.70   2.10     4 99.00 99.00
2012 12 06 13 00     1.0  8.10 999.00  0.10 999.0 11.60   2.00     4 99.00 99.00
2012 12 06 14 00     1.0  8.00 999.00  0.10 999.0 11.40   1.70     4 99.00 99.00
2012 12 06 15 00     1.0  8.10 999.00  0.10 999.0 11.50   1.60     5 99.00 99.00
2012 12 06 16 00     1.0  8.10 999.00  0.10 999.0 11.50   1.40     4 99.00 99.00
2012 12 06 17 00     1.0  8.20 999.00  0.10 999.0 11.50   1.30     4 99.00 99.00
2012 12 06 18 00     1.0  8.30 999.00  0.10 999.0 11.50   1.20     4 99.00 99.00
2012 12 06 19 00     1.0  8.30 999.00  0.10 999.0 11.60   1.40     4 99.00 99.00
2012 12 06 20 00     1.0  8.30 999.00  0.10 999.0 11.80   1.90     4 99.00 99.00
2012 12 06 21 00     1.0  8.30 999.00  0.10 999.0 11.80   2.10     4 99.00 99.00
2012 12 06 22 00     1.0  8.20 999.00  0.10 999.0 11.60   2.30     4 99.00 99.00
2012 12 06 23 00     1.0  8.10 999.00  0.10 999.0 11.50   2.60     4 99.00 99.00
2012 12 07 00 00     1.0  8.10 999.00  0.10 999.0 11.60   2.50     4 99.00 99.00
2012 12 07 01 00     1.0  8.00 999.00  0.10 999.0 11.90   2.60     4 99.00 99.00
2012 12 07 02 00     1.0  8.00 999.00  0.10 999.0 11.90   2.40     5 99.00 99.00
2012 12 07 03 00     1.0  8.00 999.00  0.10 999.0 11.80   2.30     5 99.00 99.00
2012 12 07 04 00     1.0  8.00 999.00  0.10 999.0 11.80   2.10     5 99.00 99.00
2012 12 07 05 00     1.0  8.00 999.00  0.10 999.0 11.80   2.00     4 99.00 99.00
2012 12 07 06 00     1.0  7.90 999.00  0.10 999.0 11.80   2.10     4 99.00 99.00
2012 12 07 07 00     1.0  7.90 999.00  0.10 999.0 11.80   2.10     4 99.00 99.00
2012 12 07 08 00     1.0  8.00 999.00  0.10 999.0 11.90   2.30     4 99.00 99.00
2012 12 07 09 00     1.0  8.00 999.00  0.10 999.0 11.90   2.30     5 99.00 99.00
2012 12 07 10 00     1.0  7.90 999.00  0.10 999.0 12.00   2.50     4 99.00 99.00
2012 12 07 11 00     1.0  7.80 999.00  0.10 999.0 12.00   2.40     4 99.00 99.00
2012 12 07 12 00     1.0  8.00 999.00  0.10 999.0 11.90   2.40     4 99.00 99.00
2012 12 07 13 00     1.0  8.00 999.00  0.10 999.0 11.90   2.30     4 99.00 99.00
2012 12 07 14 00     1.0  7.90 999.00  0.10 999.0 12.10   2.40     4 99.00 99.00
2012 12 07 15 00     1.0  7.90 999.00  0.10 999.0 12.00   2.40     4 99.00 99.00
2012 12 07 16 00     1.0  7.80 999.00  0.10 999.0 12.00   2.50     5 99.00 99.00
2012 12 07 17 00     1.0  7.80 999.00  0.10 999.0 12.00   2.40     4 99.00 99.00
2012 12 07 18 00     1.0  7.90 999.00  0.10 999.0 12.10   2.40     4 99.00 99.00
2012 12 07 19 00     1.0  8.00 999.00  0.10 999.0 12.10   2.50     4 99.00 99.00
2012 12 07 20 00     1.0  8.00 999.00  0.10 999.0 12.00   2.60     4 99.00 99.00
2012 12 07 21 00     1.0  8.00 999.00  0.10 999.0 12.00   3.00     4 99.00 99.00
2012 12 07 22 00     1.0  8.00 999.00  0.10 999.0 12.10   3.00     4 99.00 99.00
2012 12 07 23 00     1.0  7.90 999.00  0.10 999.0 12.00   2.90     4 99.00 99.00
2012 12 08 00 00     1.0  7.60 999.00  0.10 999.0 11.70   2.60     4 99.00 99.00
2012 12 08 01 00     1.0  7.70 999.00  0.10 999.0 11.90   2.90     4 99.00 99.00
2012 12 08 02 00     1.0  7.50 999.00  0.10 999.0 11.60   2.70     4 99.00 99.00
2012 12 08 03 00     1.0  7.60 999.00  0.10 999.0 11.80   3.10     4 99.00 99.00
2012 12 08 04 00     1.0  7.60 999.00  0.10 999.0 12.20   3.40     4 99.00 99.00
2012 12 08 05 00     1.0  7.60 999.00  0.10 999.0 12.20   3.60     4 99.00 99.00
2012 12 08 06 00     1.0  7.60 999.00  0.10 999.0 12.10   3.10     4 99.00 99.00
2012 12 08 07 00     1.0  7.50 999.00  0.10 999.0 11.70   3.00     4 99.00 99.00
2012 12 08 08 00     1.0  7.60 999.00  0.10 999.0 11.60   2.90     4 99.00 99.00
2012 12 08 09 00     1.0  7.60 999.00  0.10 999.0 11.50   3.20     4 99.00 99.00
2012 12 08 10 00     1.0  7.60 999.00  0.10 999.0 11.60   3.00     4 99.00 99.00
2012 12 08 11 00     1.0  7.60 999.00  0.10 999.0 11.60   2.70     4 99.00 99.00
2012 12 08 12 00     1.0  7.70 999.00  0.10 999.0 12.30   3.10     3 99.00 99.00
2012 12 08 13 00     1.0  7.70 999.00  0.10 999.0 12.60   2.90     4 99.00 99.00
2012 12 08 14 00     1.0  7.80 999.00  0.10 999.0 12.70   2.80     4 99.00 99.00
2012 12 08 15 00     1.0  7.80 999.00  0.10 999.0 12.80   2.80     4 99.00 99.00
2012 12 08 16 00     1.0  7.90 999.00  0.10 999.0 12.90   2.70     4 99.00 99.00
2012 12 08 17 00     1.0  7.90 999.00  0.10 999.0 12.90   3.00     4 99.00 99.00
2012 12 08 18 00     1.0  7.90 999.00  0.10 999.0 12.80   2.80     4 99.00 99.00
2012 12 08 19 00     1.0  7.80 999.00  0.10 999.0 12.70   3.00     4 99.00 99.00
2012 12 08 20 00     1.0  7.90 999.00  0.10 999.0 12.70   3.30     4 99.00 99.00
2012 12 08 21 00     1.0  7.90 999.00  0.10 999.0 12.60   3.70     4 99.00 99.00
2012 12 08 22 00     1.0  8.00 999.00  0.10 999.0 12.60   3.90     4 99.00 99.00
2012 12 08 23 00     1.0  8.00 999.00  0.10 999.0 12.60   4.10     4 99.00 99.00
2012 12 09 00 00     1.0  7.90 999.00  0.10 999.0 12.60   3.40     4 99.00 99.00
2012 12 09 01 00     1.0  7.80 999.00  0.10 999.0 12.40   3.10     4 99.00 99.00
2012 12 09 02 00     1.0  7.70 999.00  0.10 999.0 11.80   3.00     4 99.00 99.00
2012 12 09 03 00     1.0  7.70 999.00  0.10 999.0 11.70   3.50     4 99.00 99.00
2012 12 09 04 00     1.0  7.70 999.00  0.10 999.0 11.70   4.00     4 99.00 99.00
2012 12 09 05 00     1.0  7.80 999.00  0.10 999.0 11.70   4.10     4 99.00 99.00
2012 12 09 06 00     1.0  7.80 999.00  0.10 999.0 11.90   4.90     3 99.00 99.00
2012 12 09 07 00     1.0  7.80 999.00  0.10 999.0 11.70   4.30     4 99.00 99.00
2012 12 09 08 00     1.0  7.70 999.00  0.10 999.0 11.60   3.70     4 99.00 99.00
2012 12 09 09 00     1.0  7.70 999.00  0.10 999.0 11.60   3.50     4 99.00 99.00
2012 12 09 10 00     1.0  7.70 999.00  0.10 999.0 11.60   3.70     4 99.00 99.00
2012 12 09 11 00     1.0  7.70 999.00  0.10 999.0 11.60   3.30     4 99.00 99.00
2012 12 09 12 00     1.0  7.80 999.00  0.10 999.0 11.90   4.00     3 99.00 99.00
2012 12 09 13 00     1.0  7.80 999.00  0.10 999.0 11.90   4.20     4 99.00 99.00
2012 12 09 14 00     1.0  7.80 999.00  0.10 999.0 11.80   4.00     4 99.00 99.00
2012 12 09 15 00     1.0  7.80 999.00  0.10 999.0 12.00   4.10     4 99.00 99.00
2012 12 09 16 00     1.0  7.90 999.00  0.10 999.0 12.10   4.70     4 99.00 99.00
2012 12 09 17 00     1.0  7.90 999.00  0.10 999.0 12.10   4.80     4 99.00 99.00
2012 12 09 18 00     1.0  7.90 999.00  0.10 999.0 12.20   4.70     4 99.00 99.00
2012 12 09 19 00     1.0  7.90 999.00  0.10 999.0 12.00   4.20     4 99.00 99.00
2012 12 09 20 00     1.0  7.80 999.00  0.10 999.0 11.90   4.50     4 99.00 99.00
2012 12 09 21 00     1.0  7.90 999.00  0.10 999.0 11.80   4.80     4 99.00 99.00
2012 12 09 22 00     1.0  7.80 999.00  0.10 999.0 11.80   4.60     4 99.00 99.00
2012 12 09 23 00     1.0  7.80 999.00  0.10 999.0 11.80   4.10     4 99.00 99.00
2012 12 10 00 00     1.0  7.90 999.00  0.10 999.0 11.90   4.40     4 99.00 99.00
2012 12 10 01 00     1.0  7.90 999.00  0.10 999.0 12.00   4.40     4 99.00 99.00
2012 12 10 02 00     1.0  8.00 999.00  0.10 999.0 12.10   4.60     4 99.00 99.00
2012 12 10 03 00     1.0  8.00 999.00  0.10 999.0 11.90   4.60     4 99.00 99.00
2012 12 10 04 00     1.0  8.00 999.00  0.10 999.0 11.80   4.50     4 99.00 99.00
2012 12 10 05 00     1.0  8.00 999.00  0.10 999.0 11.80   4.80     4 99.00 99.00
2012 12 10 06 00     1.0  8.10 999.00  0.10 999.0 11.70   5.10     4 99.00 99.00
2012 12 10 07 00     1.0  8.10 999.00  0.10 999.0 11.70   5.50     4 99.00 99.00
2012 12 10 08 00     1.0  8.00 999.00  0.10 999.0 11.70   4.50     4 99.00 99.00
2012 12 10 09 00     1.0  8.00 999.00  0.10 999.0 11.80   4.60     4 99.00 99.00
2012 12 10 10 00     1.0  8.00 999.00  0.10 999.0 11.80   4.70     4 99.00 99.00
2012 12 10 11 00     1.0  8.00 999.00  0.10 999.0 11.80   4.70     4 99.00 99.00
2012 12 10 12 00     1.0  8.00 999.00  0.10 999.0 11.80   4.50     4 99.00 99.00
2012 12 10 13 00     1.0  8.00 999.00  0.10 999.0 11.80   4.00     4 99.00 99.00
2012 12 10 14 00     1.0  8.10 999.00  0.10 999.0 11.70   4.70     4 99.00 99.00
2012 12 10 15 00     1.0  8.10 999.00  0.10 999.0 11.80   4.60     4 99.00 99.00
2012 12 10 16 00     1.0  8.20 999.00  0.10 999.0 12.10   5.10     4 99.00 99.00
2012 12 10 17 00     1.0  8.20 999.00  0.10 999.0 12.10   4.80     5 99.00 99.00
2012 12 10 18 00     1.0  8.20 999.00  0.10 999.0 12.30   5.10     5 99.00 99.00
2012 12 10 19 00     1.0  8.30 999.00  0.10 999.0 12.40   5.30     5 99.00 99.00
2012 12 10 20 00     1.0  8.40 999.00  0.10 999.0 12.20   5.20     4 99.00 99.00
2012 12 10 21 00     1.0  8.30 999.00  0.10 999.0 12.00   5.60     4 99.00 99.00
2012 12 10 22 00     1.0  8.30 999.00  0.10 999.0 12.00   6.10     4 99.00 99.00
2012 12 10 23 00     1.0  8.30 999.00  0.10 999.0 11.90   6.30     4 99.00 99.00
2012 12 11 00 00     1.0  8.30 999.00  0.10 999.0 12.10   5.50     4 99.00 99.00
2012 12 11 01 00     1.0  8.20 999.00  0.10 999.0 12.10   4.30     5 99.00 99.00
2012 12 11 02 00     1.0  8.20 999.00  0.10 999.0 11.90   5.00     6 99.00 99.00
2012 12 11 03 00     1.0  8.20 999.00  0.10 999.0 11.80   5.50     5 99.00 99.00
2012 12 11 04 00     1.0  8.20 999.00  0.10 999.0 11.90   6.00     4 99.00 99.00
2012 12 11 05 00     1.0  8.10 999.00  0.10 999.0 11.90   5.70     5 99.00 99.00
2012 12 11 06 00     1.0  8.10 999.00  0.10 999.0 11.90   5.50     5 99.00 99.00
2012 12 11 07 00     1.0  8.10 999.00  0.10 999.0 11.80   5.60     5 99.00 99.00
2012 12 11 08 00     1.0  8.10 999.00  0.10 999.0 11.80   6.10     5 99.00 99.00
2012 12 11 09 00     1.0  8.20 999.00  0.10 999.0 11.80   6.30     5 99.00 99.00
2012 12 11 10 00     1.0  8.10 999.00  0.10 999.0 11.70   6.00     5 99.00 99.00
2012 12 11 11 00     1.0  8.10 999.00  0.10 999.0 11.80   6.10     4 99.00 99.00
2012 12 11 12 00     1.0  8.10 999.00  0.10 999.0 11.80   6.10     4 99.00 99.00
2012 12 11 13 00     1.0  8.10 999.00  0.10 999.0 11.80   5.30     4 99.00 99.00
2012 12 11 14 00     1.0  8.10 999.00  0.10 999.0 11.80   5.00     5 99.00 99.00
2012 12 11 15 00     1.0  8.10 999.00  0.10 999.0 11.90   4.70     5 99.00 99.00
2012 12 11 16 00     1.0  8.10 999.00  0.10 999.0 11.80   5.40     5 99.00 99.00
2012 12 11 17 00     1.0  8.20 999.00  0.10 999.0 11.90   6.00     8 99.00 99.00
2012 12 11 18 00     1.0  8.20 999.00  0.10 999.0 12.10   5.80     5 99.00 99.00
2012 12 11 19 00     1.0  8.30 999.00  0.10 999.0 12.10   6.50     5 99.00 99.00
2012 12 11 20 00     1.0  8.30 999.00  0.10 999.0 12.10   6.90     5 99.00 99.00
2012 12 11 21 00     1.0  8.30 999.00  0.10 999.0 12.10   7.60     5 99.00 99.00
2012 12 11 22 00     1.0  8.30 999.00  0.10 999.0 12.20   9.00     6 99.00 99.00
2012 12 11 23 00     1.0  8.20 999.00  0.10 999.0 12.20   8.30     5 99.00 99.00
2012 12 12 00 00     1.0  8.10 999.00  0.10 999.0 11.90   6.50     4 99.00 99.00
2012 12 12 01 00     1.0  8.30 999.00  0.10 999.0 12.00   7.50     6 99.00 99.00
2012 12 12 02 00     1.0  8.30 999.00  0.10 999.0 12.20   7.30     7 99.00 99.00
2012 12 12 03 00     1.0  8.20 999.00  0.10 999.0 12.10   7.70     6 99.00 99.00
2012 12 12 04 00     1.0  8.20 999.00  0.10 999.0 12.10   7.60     6 99.00 99.00
2012 12 12 05 00     1.0  8.20 999.00  0.10 999.0 12.00   7.60     6 99.00 99.00
2012 12 12 06 00     1.0  8.20 999.00  0.10 999.0 12.00   7.50     6 99.00 99.00
2012 12 12 07 00     1.0  8.10 999.00  0.10 999.0 12.00   7.40     6 99.00 99.00
2012 12 12 08 00     1.0  8.10 999.00  0.10 999.0 11.90   7.40     6 99.00 99.00
2012 12 12 09 00     1.0  8.10 999.00  0.10 999.0 11.90   7.60     5 99.00 99.00
2012 12 12 10 00     1.0  8.10 999.00  0.10 999.0 11.90   7.20     5 99.00 99.00
2012 12 12 11 00     1.0  8.00 999.00  0.10 999.0 11.90   7.20     5 99.00 99.00
2012 12 12 12 00     1.0  7.90 999.00  0.10 999.0 11.80   7.40     5 99.00 99.00
2012 12 12 13 00     1.0  7.90 999.00  0.10 999.0 11.80   6.40     5 99.00 99.00
2012 12 12 14 00     1.0  8.10 999.00  0.10 999.0 11.70   5.90     5 99.00 99.00
2012 12 12 15 00     1.0  8.10 999.00  0.10 999.0 11.80   5.20     6 99.00 99.00
2012 12 12 16 00     1.0  8.30 999.00  0.10 999.0 12.20   5.90     6 99.00 99.00
2012 12 12 17 00     1.0  8.40 999.00  0.10 999.0 12.40   6.40     6 99.00 99.00
2012 12 12 18 00     1.0  8.40 999.00  0.10 999.0 12.30   6.60     6 99.00 99.00
2012 12 12 19 00     1.0  8.40 999.00  0.10 999.0 12.50   7.20     5 99.00 99.00
2012 12 12 20 00     1.0  8.40 999.00  0.10 999.0 12.50   7.90     5 99.00 99.00
2012 12 12 21 00     1.0  8.30 999.00  0.10 999.0 12.50   8.40     5 99.00 99.00
2012 12 12 22 00     1.0  8.30 999.00  0.10 999.0 12.40   8.40     5 99.00 99.00
2012 12 12 23 00     1.0  8.30 999.00  0.10 999.0 12.50   9.20     5 99.00 99.00
2012 12 13 00 00     1.0  8.30 999.00  0.10 999.0 12.50   9.50     6 99.00 99.00
2012 12 13 01 00     1.0  8.30 999.00  0.10 999.0 12.10   8.20    10 99.00 99.00
2012 12 13 02 00     1.0  8.30 999.00  0.10 999.0 12.20   7.80     6 99.00 99.00
2012 12 13 03 00     1.0  8.20 999.00  0.10 999.0 11.90   7.30     6 99.00 99.00
2012 12 13 04 00     1.0  8.00 999.00  0.10 999.0 11.90   7.30     6 99.00 99.00
2012 12 13 05 00     1.0  8.00 999.00  0.10 999.0 11.90   7.60     6 99.00 99.00
2012 12 13 06 00     1.0  8.00 999.00  0.10 999.0 11.80   7.60     6 99.00 99.00
2012 12 13 07 00     1.0  8.00 999.00  0.10 999.0 11.80   7.70     6 99.00 99.00
2012 12 13 08 00     1.0  8.00 999.00  0.10 999.0 11.90   8.00     5 99.00 99.00
2012 12 13 09 00     1.0  8.00 999.00  0.10 999.0 11.80   8.10     5 99.00 99.00
2012 12 13 10 00     1.0  8.00 999.00  0.10 999.0 11.80   8.10     5 99.00 99.00
2012 12 13 11 00     1.0  7.90 999.00  0.10 999.0 11.80   7.80     5 99.00 99.00
2012 12 13 12 00     1.0  7.80 999.00  0.10 999.0 11.80   8.00     5 99.00 99.00
2012 12 13 13 00     1.0  8.20 999.00  0.10 999.0 12.10   8.30     7 99.00 99.00
2012 12 13 14 00     1.0  8.10 999.00  0.10 999.0 12.00   6.20     7 99.00 99.00
2012 12 13 15 00     1.0  8.40 999.00  0.10 999.0 12.60   6.30     8 99.00 99.00
